# This file uses centimeters as units for non-parametric coordinates.

mtllib WaterCover_v01c.mtl
v 112.553535 0.800000 -116.934204
v 96.775291 0.800000 -133.398239
v 77.900383 0.800000 -136.629501
v 77.900383 0.800000 -80.005539
v 114.503952 0.800000 -40.070747
v 134.041245 0.800000 -23.815762
v 114.979851 0.800000 -22.424149
v 131.895187 0.800000 4.366650
v 117.190582 0.800000 3.182991
v -8.247935 0.800000 -48.144485
v 42.735737 0.800000 -58.083935
v 1.157600 0.800000 -38.451771
v 51.972992 0.800000 -57.829937
v 10.446486 0.800000 -5.872126
v 1.979394 0.800000 -9.759041
v 13.048126 0.800000 2.386809
v 17.068272 0.800000 -133.703415
v 2.400767 0.800000 -139.860779
v 40.637676 0.800000 -111.460449
v 23.685307 0.800000 -112.718613
v 2.144480 0.800000 -116.862549
v 36.366882 0.800000 -99.485863
v 17.975027 0.800000 -98.681602
v 1.351211 0.800000 -96.945488
v 112.840279 0.800000 19.560198
v 131.783630 0.800000 19.526571
v 115.650200 0.800000 116.178139
v 18.208939 0.800000 99.475510
v 36.728466 0.800000 101.316620
v 42.464523 0.800000 116.129807
v -0.958699 0.800000 121.614502
v 55.588707 0.800000 101.530930
v 59.458359 0.800000 116.941788
v 59.025475 0.800000 139.104706
v 18.977432 0.800000 139.439880
v 0.770343 0.800000 137.427185
v 37.516972 0.800000 16.235277
v 8.965023 0.800000 9.540131
v 16.676174 0.800000 33.118927
v 9.015564 0.800000 36.780373
v 1.162459 0.800000 14.436099
v 58.309891 0.800000 58.362904
v 20.745008 0.800000 42.437218
v 13.582653 0.800000 47.140633
v -16.135441 0.800000 -116.580780
v -35.349045 0.800000 -120.165459
v -16.474133 0.800000 -97.238930
v -60.417282 0.800000 -116.934196
v -51.645817 0.800000 -97.095390
v -69.330109 0.800000 -97.286446
v -51.806534 0.800000 -80.315071
v -75.276932 0.800000 -76.953949
v -71.419830 0.800000 -58.622227
v -24.354069 0.800000 -38.731976
v -18.489702 0.800000 -26.328728
v -7.994348 0.800000 -7.273099
v -14.039870 0.800000 1.688146
v -25.458027 0.800000 1.148629
v -37.427948 0.800000 3.573430
v -74.171379 0.800000 1.198847
v -129.723602 0.800000 -57.848328
v -129.723602 0.800000 -38.153023
v -87.695236 0.800000 -60.273994
v -88.941376 0.800000 -75.154129
v -132.820251 0.800000 -18.457727
v -126.626938 0.800000 -97.238930
v -34.761879 0.800000 15.988754
v -74.107124 0.800000 20.619696
v -22.008255 0.800000 12.698129
v -25.870300 0.800000 36.311378
v -8.925153 0.800000 12.006288
v -13.837218 0.800000 24.008543
v -0.556962 0.800000 35.891529
v -10.427044 0.800000 44.041168
v -54.842072 0.800000 75.764664
v -35.790833 0.800000 124.034592
v -16.535198 0.800000 121.230957
v -12.953869 0.800000 132.930588
v -54.223949 0.800000 142.335968
v -108.373840 0.800000 77.293999
v -110.848694 0.800000 99.714104
v -94.050621 0.800000 79.211479
v -91.973755 0.800000 119.409393
v -129.283508 0.800000 21.168491
v -148.598404 0.800000 20.932880
v -108.997070 0.800000 40.526188
v -129.429245 0.800000 40.365891
v -148.598404 0.800000 40.628185
v -91.515915 0.800000 63.584541
v -109.278671 0.800000 62.972099
v -145.501755 0.800000 60.323490
v -16.474140 0.800000 -133.398239
v -3.636587 0.800000 26.914240
v -7.112279 0.800000 -79.807243
v -42.411514 0.800000 -97.228676
v -45.523800 0.800000 -117.318878
v -42.476749 0.800000 -80.083748
v -63.436424 0.800000 -78.635895
v -61.455711 0.800000 -56.855732
v -70.563286 0.800000 -67.801865
v -42.436943 0.800000 -57.974903
v -38.176964 0.800000 -70.701859
v -36.930866 0.800000 -29.042362
v -51.589100 0.800000 -26.103304
v -44.471100 0.800000 -19.464954
v -65.084251 0.800000 -39.983986
v -29.694630 0.800000 -19.992153
v -24.747784 0.800000 -30.527044
v -23.844994 0.800000 -67.676720
v -7.245594 0.800000 -30.334808
v -9.196891 0.800000 -8.875095
v -3.086794 0.800000 -9.373399
v -18.517662 0.800000 0.031033
v -12.102695 0.800000 -3.428645
v -65.154915 0.800000 -18.496508
v -75.364014 0.800000 -25.819588
v -61.005836 0.800000 1.171321
v -74.573105 0.800000 -6.170573
v -129.723602 0.800000 -67.695984
v -129.723602 0.800000 -48.000675
v -91.103401 0.800000 -67.700279
v -79.082802 0.800000 -56.358635
v -130.092255 0.800000 -28.305374
v -139.160995 0.800000 -8.610077
v -82.835045 0.800000 -97.559204
v -82.536331 0.800000 -116.549530
v -82.583885 0.800000 -79.143517
v -93.397095 0.800000 -87.522064
v -129.354950 0.800000 -87.391296
v -60.728344 0.800000 19.742895
v -38.394779 0.800000 10.312760
v -46.355068 0.800000 38.768673
v -12.705445 0.800000 7.326112
v -21.433277 0.800000 6.391712
v -14.735965 0.800000 12.464668
v -1.158458 0.800000 22.357624
v -3.933510 0.800000 14.384337
v -10.181489 0.800000 17.429041
v -7.650849 0.800000 23.830410
v -64.504288 0.800000 61.101593
v -75.000610 0.800000 53.415337
v -20.128340 0.800000 42.043674
v -43.011467 0.800000 49.949448
v -63.705784 0.800000 75.248817
v -63.621078 0.800000 99.963623
v -35.286442 0.800000 89.650734
v -35.685162 0.800000 107.081841
v -63.570198 0.800000 124.273125
v -9.240936 0.800000 118.863457
v -17.470181 0.800000 126.626801
v -35.472157 0.800000 131.134659
v -7.036686 0.800000 158.800003
v -5.597775 0.800000 137.738159
v -63.661400 0.800000 139.104706
v -74.490501 0.800000 129.314758
v -41.915936 0.800000 136.094757
v -120.286156 0.800000 89.866447
v -101.411217 0.800000 109.561752
v -94.476173 0.800000 97.782600
v -101.363838 0.800000 81.038681
v -82.536301 0.800000 128.872375
v -119.457626 0.800000 40.543663
v -98.758148 0.800000 40.518257
v -100.245682 0.800000 60.492382
v -89.798523 0.800000 71.633354
v -135.635941 0.800000 52.207901
v -148.229752 0.800000 50.475838
v -111.810997 0.800000 69.897705
v -7.036686 0.800000 -136.629501
v -15.724165 0.800000 -125.494385
v -25.911591 0.800000 -126.781853
v 3.646681 0.800000 35.569115
v -3.561579 0.800000 41.157383
v -0.966313 0.800000 31.022503
v -27.816151 0.800000 16.572727
v -22.021029 0.800000 29.112881
v -32.011906 0.800000 0.131743
v -29.301416 0.800000 -50.031044
v -14.397965 0.800000 -66.282211
v -17.721457 0.800000 -45.493671
v 105.844101 0.800000 -126.397179
v 89.616554 0.800000 -116.850060
v 87.337830 0.800000 -136.244827
v 89.643440 0.800000 -99.756943
v 115.650200 0.800000 -106.701904
v 89.581993 0.800000 -80.450317
v 89.215012 0.800000 -57.420734
v 114.305550 0.800000 -49.228703
v 87.673409 0.800000 -36.621456
v 121.043968 0.800000 -60.048504
v 125.456299 0.800000 -77.158966
v 133.791641 0.800000 -31.048189
v 143.593903 0.800000 -38.537701
v 141.336853 0.800000 -0.686684
v 153.031342 0.800000 -8.994747
v 124.957947 0.800000 0.841134
v 89.586464 0.800000 -2.331249
v 11.412840 0.800000 -65.567871
v -0.219267 0.800000 -45.301437
v 31.729494 0.800000 -58.672421
v 42.516476 0.800000 -67.718338
v 42.898193 0.800000 -48.474743
v 59.197548 0.800000 -47.619278
v 59.030212 0.800000 -67.678368
v 47.141487 0.800000 -79.981163
v 63.744194 0.800000 -80.005547
v 59.445251 0.800000 -10.363366
v 38.692822 0.800000 -14.750379
v 6.700848 0.800000 -8.562984
v 22.926069 0.800000 -19.077398
v 20.953743 0.800000 -36.286381
v 2.852590 0.800000 -13.058012
v 26.438652 0.800000 0.345229
v 12.636943 0.800000 -1.917830
v 21.275669 0.800000 -153.093628
v 40.150570 0.800000 -153.093613
v 30.713120 0.800000 -155.555557
v 33.089966 0.800000 -114.509216
v 11.359852 0.800000 -116.392921
v 59.025475 0.800000 -139.860779
v 49.588017 0.800000 -146.477203
v 68.462921 0.800000 -137.014175
v 59.417778 0.800000 -126.768784
v 48.741329 0.800000 -96.835373
v 41.790112 0.800000 -105.430931
v 8.797125 0.800000 -96.582283
v 17.542332 0.800000 -105.742332
v 26.242481 0.800000 -96.664055
v 89.454025 0.800000 18.521732
v 111.885384 0.800000 11.264615
v 112.453117 0.800000 30.291723
v 153.031342 0.800000 11.469902
v 134.969452 0.800000 12.053591
v 143.962555 0.800000 40.628178
v 126.363289 0.800000 49.407543
v 121.896896 0.800000 22.477072
v 134.893753 0.800000 69.786461
v 90.228958 0.800000 102.474678
v 106.212746 0.800000 119.409401
v 88.602692 0.800000 119.254288
v 134.156448 0.800000 89.866447
v 124.719002 0.800000 109.177078
v 87.337837 0.800000 129.257050
v 18.461241 0.800000 89.562798
v 36.261230 0.800000 108.627747
v 14.243960 0.800000 119.091560
v 45.265034 0.800000 98.612236
v 57.985222 0.800000 89.577888
v 68.535378 0.800000 99.747162
v 62.790215 0.800000 80.492218
v 60.858795 0.800000 109.331818
v 49.588017 0.800000 139.489380
v 51.854992 0.800000 119.347336
v 68.462921 0.800000 138.720032
v 2.631469 0.800000 129.974808
v 30.713120 0.800000 148.952362
v 11.838220 0.800000 158.415329
v 11.656417 0.800000 6.183896
v 12.042524 0.800000 33.119087
v 33.718929 0.800000 28.456045
v 11.370782 0.800000 28.485546
v 5.476356 0.800000 12.541721
v 7.488525 0.800000 29.965076
v 47.809734 0.800000 17.800535
v 58.833107 0.800000 11.122585
v 20.089468 0.800000 36.999947
v 49.385033 0.800000 29.069017
v 8.370663 0.800000 44.612682
v 9.920227 0.800000 42.738625
v 17.967173 0.800000 46.619484
v -24.931213 0.800000 -116.416092
v -7.026875 0.800000 -116.883591
v 101.566460 0.800000 -123.655037
v 102.232048 0.800000 -93.670601
v 120.493156 0.800000 -71.670639
v 64.007423 0.800000 -47.204765
v 52.566071 0.800000 -30.479143
v 49.550968 0.800000 -13.207676
v 14.993439 0.800000 -23.036461
v 26.013628 0.800000 -9.707139
v 11.838219 0.800000 -146.477203
v 2.389457 0.800000 -127.017761
v 63.911167 0.800000 -126.860489
v 138.291275 0.800000 29.141014
v 26.317417 0.800000 144.416824
v 9.702843 0.800000 23.478699
v -62.076252 0.800000 -67.751541
v -44.912937 0.800000 -28.766401
v -17.375031 0.800000 -7.117061
v -43.587486 0.800000 -12.414267
v -62.887829 0.800000 25.797798
v -5.655134 0.800000 19.217142
v -30.248272 0.800000 57.701328
v -6.951035 0.800000 -126.687675
v -22.495884 0.800000 -123.217682
v 1.608239 0.800000 44.249596
v -13.582118 0.800000 16.146297
v -25.380894 0.800000 23.043985
v 89.581039 0.800000 -131.187759
v 96.146278 0.800000 -84.127266
v 89.547440 0.800000 -82.862648
v 138.799530 0.800000 -3.134074
v 120.582527 0.800000 -4.261748
v 129.297211 0.800000 -3.610748
v 110.657051 0.800000 -4.618206
v -0.626875 0.800000 -53.912960
v 7.436831 0.800000 -16.450087
v 14.114781 0.800000 -14.530146
v 24.649935 0.800000 -28.894258
v 11.573112 0.800000 -30.527039
v 19.812803 0.800000 -2.247609
v 32.808132 0.800000 -6.306347
v 37.295513 0.800000 -119.658043
v 70.832542 0.800000 -131.778580
v 45.193649 0.800000 -101.901093
v 70.822372 0.800000 -82.467400
v 44.079941 0.800000 -92.617622
v 12.791347 0.800000 -101.544144
v 15.106004 0.800000 -110.657921
v 107.267769 0.800000 16.191557
v 109.250656 0.800000 6.152597
v 107.609299 0.800000 26.800213
v 139.407684 0.800000 16.695122
v 139.272614 0.800000 7.172497
v 117.236069 0.800000 28.457481
v 31.844107 0.800000 94.440666
v 33.893692 0.800000 113.464180
v 31.529953 0.800000 104.295753
v 6.553794 0.800000 114.219643
v 51.803677 0.800000 94.169853
v 62.934681 0.800000 94.950150
v 65.612312 0.800000 114.143318
v 64.256287 0.800000 104.716064
v 56.075474 0.800000 124.364006
v 46.338135 0.800000 124.018021
v 65.352898 0.800000 124.311920
v 7.431575 0.800000 134.751938
v 6.938614 0.800000 124.774452
v 35.765881 0.800000 123.726089
v 18.037207 0.800000 10.012796
v 19.268929 0.800000 25.892122
v 14.711297 0.800000 27.500603
v 10.337996 0.800000 16.878250
v 40.558369 0.800000 34.309822
v -11.935200 0.800000 -82.119904
v -2.384538 0.800000 -82.066742
v -21.641823 0.800000 -82.269325
v -21.239515 0.800000 -89.828545
v -30.660809 0.800000 -89.882645
v -30.898642 0.800000 -82.726212
v -68.747398 0.800000 -83.793129
v -61.257908 0.800000 -83.532173
v -65.772362 0.800000 -62.331894
v -63.667187 0.800000 -62.245789
v -67.484474 0.800000 -73.214165
v -40.755280 0.800000 -31.370855
v -49.129261 0.800000 -23.815655
v -65.911827 0.800000 -51.696793
v -33.377510 0.800000 -24.246790
v -26.406729 0.800000 -25.899992
v -28.409189 0.800000 -34.315620
v -34.031994 0.800000 -34.032169
v -31.453262 0.800000 -65.925377
v -0.825251 0.800000 -27.834423
v -11.094197 0.800000 -21.980873
v -6.470254 0.800000 -10.580359
v -21.219048 0.800000 -4.233631
v -15.808197 0.800000 -2.355064
v -12.871715 0.800000 -8.050702
v -40.569233 0.800000 -15.081767
v -75.091896 0.800000 -51.477692
v -84.963394 0.800000 -52.422550
v -87.087570 0.800000 -83.019928
v -78.351379 0.800000 -84.021423
v -13.392062 0.800000 9.841949
v -15.764677 0.800000 3.909811
v -20.324707 0.800000 3.293147
v -18.292347 0.800000 9.715499
v -4.393058 0.800000 22.911043
v -2.330004 0.800000 17.759823
v -7.177537 0.800000 15.875148
v -9.079242 0.800000 20.703598
v -13.397921 0.800000 114.293930
v -3.862569 0.800000 114.067535
v -21.049572 0.800000 131.178162
v -10.251531 0.800000 141.891006
v -20.154324 0.800000 141.338669
v -114.306747 0.800000 83.583557
v -105.459274 0.800000 86.470146
v -86.415810 0.800000 76.421837
v -85.135971 0.800000 66.416183
v -117.086121 0.800000 74.231628
v 13.089744 0.800000 -91.793175
v -2.354821 0.800000 -121.855659
v -2.308622 0.800000 -132.308533
v -11.552163 0.800000 -130.819168
v -11.496275 0.800000 -121.565521
v -19.958698 0.800000 -120.570221
v -20.209360 0.800000 -127.485428
v -27.174551 0.800000 -121.446053
v 0.655044 0.800000 39.257904
v -3.288193 0.800000 46.456535
v -0.638312 0.800000 27.012579
v 1.497040 0.800000 32.530781
v -13.424937 0.800000 18.709063
v -11.735612 0.800000 14.657865
v -16.392836 0.800000 15.126931
v -22.766243 0.800000 17.965332
v -27.953762 0.800000 29.135303
v -19.589525 0.800000 23.376772
v -27.857489 0.800000 -4.913949
v -33.634071 0.800000 -14.559708
v -34.655907 0.800000 -4.364526
v -30.110476 0.800000 -43.491936
v -15.386650 0.800000 -53.999104
v -23.798895 0.800000 -48.054661
v -11.133214 0.800000 -71.535889
v -7.508621 0.800000 -61.598469
v 101.724075 0.800000 -122.098091
v 102.397133 0.800000 -126.137436
v 96.025314 0.800000 -125.494392
v 89.518639 0.800000 -126.475319
v 89.674149 0.800000 -104.640694
v 111.096230 0.800000 -104.324928
v 103.609154 0.800000 -109.394608
v 96.678505 0.800000 -104.691978
v 107.778831 0.800000 -91.861038
v 89.547440 0.800000 -92.478897
v 89.630203 0.800000 -67.994682
v 96.656242 0.800000 -69.181793
v 94.801941 0.800000 -47.027679
v 88.279259 0.800000 -46.481495
v 120.123917 0.800000 -50.877872
v 122.474495 0.800000 -29.119442
v 122.324631 0.800000 -35.238876
v 139.473877 0.800000 -29.436106
v 146.125793 0.800000 -8.799398
v 141.352112 0.800000 -11.435265
v 125.001045 0.800000 -4.235453
v 122.645363 0.800000 -12.036950
v 94.128029 0.800000 -27.407909
v 95.764267 0.800000 -10.909581
v 89.488655 0.800000 -10.747919
v 2.240138 0.800000 -59.973736
v 3.101877 0.800000 -51.035343
v 14.162191 0.800000 -53.602448
v 47.422127 0.800000 -48.156429
v 47.218060 0.800000 -70.157501
v 47.231220 0.800000 -67.703125
v 70.833458 0.800000 -67.634804
v 63.747734 0.800000 -70.144371
v 64.086838 0.800000 -44.650688
v 71.147301 0.800000 -46.535324
v 51.167332 0.800000 -32.020000
v 65.058472 0.800000 -26.274939
v 72.462250 0.800000 -25.725071
v 64.896812 0.800000 -30.566687
v 72.028069 0.800000 -9.542218
v 64.620346 0.800000 -12.269765
v 49.637383 0.800000 -16.502142
v 46.982441 0.800000 -13.970784
v 49.450489 0.800000 -3.406116
v 10.988669 0.800000 -15.848866
v 19.149328 0.800000 -21.251623
v 18.425316 0.800000 -29.983759
v 9.946180 0.800000 -23.526812
v 26.628407 0.800000 -4.958861
v 32.707764 0.800000 -9.521335
v 24.988491 0.800000 -14.838831
v 19.355953 0.800000 -5.933759
v 7.119493 0.800000 -142.861252
v 16.556944 0.800000 -150.093155
v 35.431843 0.800000 -154.940063
v 25.994394 0.800000 -154.940079
v 2.295901 0.800000 -121.852608
v 2.462615 0.800000 -132.630051
v 54.306747 0.800000 -142.861252
v 44.869297 0.800000 -150.093155
v 63.943157 0.800000 -124.268700
v 70.841507 0.800000 -126.793877
v 63.831161 0.800000 -132.277344
v 46.320347 0.800000 -105.853882
v 70.838898 0.800000 -104.614281
v 63.946445 0.800000 -109.421906
v 63.744915 0.800000 -82.467003
v 70.825142 0.800000 -92.313324
v 47.105320 0.800000 -82.442245
v 49.463409 0.800000 -92.345016
v 13.550783 0.800000 -106.091164
v 10.518298 0.800000 -111.363091
v 27.346956 0.800000 -92.859489
v 89.513313 0.800000 11.003036
v 107.894302 0.800000 11.182343
v 104.729378 0.800000 5.789197
v 95.990875 0.800000 11.020943
v 107.877373 0.800000 29.512543
v 95.872490 0.800000 28.552635
v 89.448029 0.800000 28.363329
v 146.462814 0.800000 14.340131
v 142.009094 0.800000 14.295137
v 139.734314 0.800000 11.879337
v 142.858322 0.800000 32.735813
v 141.228241 0.800000 29.509329
v 125.383926 0.800000 29.739428
v 122.625145 0.800000 28.339710
v 114.947792 0.800000 30.917154
v 120.466949 0.800000 54.851959
v 114.363335 0.800000 53.637150
v 122.836288 0.800000 72.657639
v 127.526070 0.800000 67.627533
v 115.697411 0.800000 67.676437
v 86.782448 0.800000 52.017017
v 107.119812 0.800000 52.630295
v 107.221573 0.800000 48.015774
v 108.831306 0.800000 67.454659
v 96.624176 0.800000 67.427765
v 91.871544 0.800000 91.167381
v 110.537109 0.800000 90.184868
v 99.880020 0.800000 90.751617
v 108.475815 0.800000 109.293411
v 96.886322 0.800000 109.843658
v 89.732758 0.800000 109.652977
v 122.813576 0.800000 89.806808
v 127.292038 0.800000 89.790413
v 116.427742 0.800000 89.952538
v 121.460381 0.800000 101.101501
v 114.934280 0.800000 108.279839
v 14.071647 0.800000 89.667664
v 30.488291 0.800000 89.112801
v 24.550619 0.800000 89.315765
v 29.342999 0.800000 113.980782
v 32.306938 0.800000 108.859070
v 24.280766 0.800000 106.701607
v 14.035810 0.800000 106.678764
v 46.296902 0.800000 93.775871
v 68.156425 0.800000 95.077515
v 70.295357 0.800000 90.747879
v 67.830917 0.800000 114.350235
v 71.876007 0.800000 109.520401
v 65.328590 0.800000 109.419510
v 51.330387 0.800000 124.491150
v 67.063019 0.800000 131.911423
v 71.390663 0.800000 131.533081
v 14.589032 0.800000 132.204681
v 28.217319 0.800000 131.628311
v 32.995777 0.800000 131.771942
v 31.893236 0.800000 124.136673
v 25.904337 0.800000 131.661819
v 24.590757 0.800000 144.845947
v 14.372390 0.800000 147.086456
v 13.596039 0.800000 22.160843
v 7.999143 0.800000 17.860968
v 8.039479 0.800000 24.067102
v 48.426941 0.800000 15.549123
v 63.371880 0.800000 16.299999
v 70.856216 0.800000 11.056563
v 63.816216 0.800000 33.568775
v 70.788467 0.800000 28.369551
v 63.672356 0.800000 28.836874
v 69.015450 0.800000 52.568321
v 63.244339 0.800000 47.554470
v 62.485256 0.800000 72.715889
v 68.562294 0.800000 68.260445
v 32.929981 0.800000 57.489304
v 27.696194 0.800000 58.764542
v 16.188950 0.800000 62.841194
v -7.113491 0.800000 -82.314186
v -2.659000 0.800000 -89.712280
v -7.141804 0.800000 -89.807129
v -11.789447 0.800000 -89.810028
v -25.954605 0.800000 -89.874306
v -26.303228 0.800000 -82.663864
v -62.970371 0.800000 -102.512627
v -66.886391 0.800000 -103.465919
v -63.693348 0.800000 -83.687927
v -61.150768 0.800000 -90.461647
v -65.827415 0.800000 -90.749237
v -70.547592 0.800000 -90.988480
v -60.258888 0.800000 -70.488174
v -62.793995 0.800000 -73.275726
v -66.299255 0.800000 -67.775665
v -40.710186 0.800000 -28.908400
v -44.955814 0.800000 -31.212067
v -49.402248 0.800000 -28.602474
v -44.755779 0.800000 -23.989120
v -59.736008 0.800000 -49.512962
v -61.620033 0.800000 -51.779259
v -68.308624 0.800000 -49.120781
v -27.709692 0.800000 -29.946112
v -33.660755 0.800000 -29.200335
v -28.791847 0.800000 -72.172356
v -32.085339 0.800000 -71.816200
v -26.216063 0.800000 -70.641006
v -0.331985 0.800000 -12.702643
v -5.963641 0.800000 -24.856159
v -3.477442 0.800000 -11.866484
v -18.348593 0.800000 -3.499532
v -14.687193 0.800000 -5.302001
v -20.840281 0.800000 -6.444607
v -65.783386 0.800000 -25.835474
v -61.001549 0.800000 -25.877495
v -65.823448 0.800000 -30.668917
v -68.181465 0.800000 -25.825750
v -40.975327 0.800000 -11.064874
v -44.039745 0.800000 -15.374397
v -56.243778 0.800000 -6.236037
v -63.835831 0.800000 -11.152425
v -65.806984 0.800000 -6.211303
v -98.643379 0.800000 -50.581635
v -98.985901 0.800000 -40.569984
v -98.740997 0.800000 -65.378189
v -79.937622 0.800000 -51.598820
v -85.905495 0.800000 -47.392391
v -99.055420 0.800000 -25.841965
v -82.399040 0.800000 -30.675169
v -82.499016 0.800000 -25.825260
v -99.133652 0.800000 -6.148165
v -107.458740 0.800000 -102.410889
v -82.696281 0.800000 -83.873985
v -51.911221 0.800000 8.390130
v -60.094276 0.800000 8.393875
v -63.873260 0.800000 8.429347
v -45.062958 0.800000 33.183414
v -57.607517 0.800000 25.545870
v -65.771843 0.800000 26.344633
v -14.754297 0.800000 6.999899
v -16.812395 0.800000 3.652177
v -19.118214 0.800000 6.532699
v -15.759954 0.800000 9.774685
v -3.349874 0.800000 20.507223
v -4.769404 0.800000 16.820700
v -7.986877 0.800000 18.237858
v -6.628073 0.800000 21.543737
v -66.153725 0.800000 55.225212
v -26.558613 0.800000 49.226353
v -35.084648 0.800000 54.397957
v -33.047710 0.800000 61.022949
v -28.010460 0.800000 59.391994
v -45.755932 0.800000 73.888191
v -63.836094 0.800000 67.992943
v -63.652760 0.800000 92.568039
v -42.481922 0.800000 89.844025
v -42.507172 0.800000 107.095543
v -63.571156 0.800000 107.268021
v -8.708888 0.800000 113.898460
v -7.971261 0.800000 106.611092
v -29.080172 0.800000 107.056763
v -22.125597 0.800000 127.270798
v -5.935909 0.800000 143.196259
v -10.606245 0.800000 144.871216
v -63.580753 0.800000 131.638824
v -42.302849 0.800000 131.467651
v -115.983170 0.800000 85.353920
v -74.375298 0.800000 109.117943
v -142.962738 0.800000 17.421352
v -99.133652 0.800000 8.623315
v -99.043625 0.800000 28.313391
v -100.621902 0.800000 55.327385
v -85.384705 0.800000 55.864544
v -82.873543 0.800000 76.332474
v -85.428101 0.800000 71.365265
v -129.655624 0.800000 52.668484
v -118.699982 0.800000 69.891907
v 88.490868 0.800000 67.793221
v 88.360023 0.800000 -26.992344
v -2.319824 0.800000 -126.947296
v -6.978968 0.800000 -131.644958
v -11.443288 0.800000 -126.251320
v -6.974997 0.800000 -121.776848
v -19.649782 0.800000 -124.325417
v -24.004467 0.800000 -124.791847
v -23.727976 0.800000 -120.425797
v 4.369262 0.800000 45.104446
v 2.975043 0.800000 39.773670
v -1.009779 0.800000 42.846931
v -18.639696 0.800000 66.050591
v -4.055713 0.800000 63.690872
v 2.421883 0.800000 28.157831
v 0.828233 0.800000 24.970831
v 0.718116 0.800000 29.611916
v 3.641878 0.800000 33.591183
v -51.046967 0.800000 46.862114
v -12.088723 0.800000 16.695921
v -13.945973 0.800000 14.647400
v -30.040823 0.800000 25.439272
v -23.785015 0.800000 26.115009
v 52.661686 0.800000 32.481911
v 54.623241 0.800000 31.447512
v -25.700445 0.800000 -7.381152
v -29.971470 0.800000 -14.970967
v -31.308702 0.800000 -4.844633
v -31.680534 0.800000 -47.448067
v -34.374855 0.800000 -48.557491
v -19.804066 0.800000 -51.191212
v -10.557226 0.800000 -68.971275
v -3.955292 0.800000 -68.958405
v 25.198111 0.800000 -38.858948
v 109.641190 0.800000 -121.819557
v 101.457138 0.800000 -130.359329
v 96.287399 0.800000 -129.530472
v 84.962341 0.800000 -116.917381
v 92.056564 0.800000 -135.283142
v 82.619102 0.800000 -136.591034
v 84.967720 0.800000 -99.712059
v 111.190674 0.800000 -99.099785
v 116.903603 0.800000 -100.816391
v 114.396790 0.800000 -111.971916
v 84.955437 0.800000 -80.094513
v 109.246010 0.800000 -38.830967
v 84.000801 0.800000 -36.195316
v 129.843231 0.800000 -67.657509
v 121.659195 0.800000 -86.044922
v 122.545631 0.800000 -23.038132
v 147.390991 0.800000 -29.651731
v 139.206955 0.800000 -48.039146
v 138.651016 0.800000 2.323032
v 146.346436 0.800000 -1.062021
v 153.363129 0.800000 -3.724716
v 152.109726 0.800000 -14.880255
v 133.734726 0.800000 -2.940329
v 120.979446 0.800000 1.209937
v 128.728912 0.800000 1.939174
v 115.892906 0.800000 -4.115749
v 110.529434 0.800000 1.012182
v 96.165123 0.800000 -2.502303
v 88.811806 0.800000 -23.085442
v -4.415813 0.800000 -57.040840
v -3.740645 0.800000 -47.357510
v 1.639161 0.800000 -42.243706
v 42.727329 0.800000 -45.903477
v 42.915417 0.800000 -53.354507
v 70.822289 0.800000 -80.005547
v 48.898033 0.800000 -29.218693
v 38.588982 0.800000 -18.845234
v 38.812531 0.800000 -3.905681
v 4.420842 0.800000 -9.352639
v 8.736900 0.800000 -7.399629
v 16.615669 0.800000 -12.406335
v 29.587320 0.800000 -26.113621
v 28.287968 0.800000 -35.781094
v 14.368869 0.800000 -40.020767
v 4.668301 0.800000 -30.097662
v 19.807667 0.800000 1.306552
v 32.812531 0.800000 -0.378227
v 11.755164 0.800000 -4.005523
v 13.073903 0.800000 0.257449
v 28.894873 0.800000 -133.788589
v 28.274206 0.800000 -114.317863
v 37.441486 0.800000 -113.490730
v 41.848541 0.800000 -119.215828
v 16.618914 0.800000 -115.439903
v 40.764721 0.800000 -133.406403
v 73.181656 0.800000 -136.667969
v 63.744198 0.800000 -137.975876
v 59.199863 0.800000 -132.481171
v 46.571301 0.800000 -114.296196
v 44.061836 0.800000 -97.665100
v 42.086483 0.800000 -108.643845
v 39.849827 0.800000 -102.239128
v 59.027187 0.800000 -82.466385
v 38.327816 0.800000 -92.787468
v 12.778913 0.800000 -96.902496
v 16.755230 0.800000 -101.826317
v 19.973351 0.800000 -109.637230
v 31.548973 0.800000 -97.558495
v 21.400227 0.800000 -96.979439
v 17.501669 0.800000 -91.982887
v 84.929840 0.800000 18.481119
v 111.335770 0.800000 15.807703
v 114.000023 0.800000 6.775016
v 112.234283 0.800000 27.216438
v 88.720329 0.800000 40.341961
v 138.639999 0.800000 22.159750
v 152.109711 0.800000 17.355412
v 153.363129 0.800000 6.199869
v 134.074051 0.800000 7.925486
v 134.299835 0.800000 16.128206
v 140.497223 0.800000 49.167942
v 133.346786 0.800000 29.368095
v 127.320427 0.800000 21.693287
v 116.680893 0.800000 21.794014
v 114.910904 0.800000 60.444916
v 114.283958 0.800000 49.345661
v 134.561951 0.800000 75.056496
v 135.815369 0.800000 63.900951
v 86.724228 0.800000 59.533882
v 94.215843 0.800000 51.970394
v 85.330070 0.800000 102.494316
v 91.970459 0.800000 81.591545
v 101.494011 0.800000 120.717293
v 110.931465 0.800000 118.101509
v 115.357071 0.800000 101.702141
v 133.234818 0.800000 94.790276
v 134.488235 0.800000 84.942619
v 120.332054 0.800000 113.139221
v 82.619110 0.800000 132.872986
v 92.056564 0.800000 125.641121
v 13.961746 0.800000 99.498474
v 18.346540 0.800000 92.112015
v 18.791403 0.800000 84.207359
v 14.608460 0.800000 78.805542
v 23.919104 0.800000 99.297493
v 31.520712 0.800000 99.629456
v 36.281750 0.800000 94.538292
v 32.230495 0.800000 77.303589
v 25.854422 0.800000 77.741844
v 35.439629 0.800000 118.276237
v 38.725597 0.800000 112.679192
v 35.464500 0.800000 104.624046
v 18.363411 0.800000 106.755219
v 6.326095 0.800000 119.655220
v 1.140174 0.800000 114.430580
v 40.271614 0.800000 99.276779
v 50.705227 0.800000 99.353462
v 57.341743 0.800000 94.818230
v 58.246059 0.800000 84.671425
v 63.088760 0.800000 99.992561
v 69.525871 0.800000 81.504105
v 65.403557 0.800000 118.981026
v 59.030708 0.800000 105.076630
v 61.019245 0.800000 113.539276
v 44.869293 0.800000 140.451065
v 54.306747 0.800000 139.143158
v 60.637157 0.800000 124.045868
v 56.212135 0.800000 118.886543
v 47.051079 0.800000 118.402351
v 41.175789 0.800000 123.469276
v 63.744202 0.800000 139.066238
v 73.181656 0.800000 137.758331
v 7.158273 0.800000 139.614120
v 14.529193 0.800000 139.885864
v 19.118956 0.800000 131.977066
v 1.540243 0.800000 125.401276
v 2.359872 0.800000 134.321365
v 25.994396 0.800000 152.568283
v 35.431843 0.800000 145.336411
v 18.655951 0.800000 146.371368
v 7.119493 0.800000 158.761536
v 16.556944 0.800000 157.453644
v 17.786831 0.800000 13.144701
v 34.628803 0.800000 15.698942
v 12.553665 0.800000 4.357761
v 10.434246 0.800000 7.899817
v 10.133198 0.800000 34.541992
v 14.353521 0.800000 32.611465
v 8.777772 0.800000 29.170094
v 7.763849 0.800000 34.716480
v 7.314563 0.800000 11.120378
v 3.431842 0.800000 13.686261
v 45.362438 0.800000 17.453655
v 58.281883 0.800000 16.424038
v 59.110779 0.800000 3.291568
v 59.016075 0.800000 29.759680
v 18.649771 0.800000 34.683449
v 20.839727 0.800000 39.705513
v 51.757614 0.800000 27.069637
v 58.896679 0.800000 51.509872
v 6.377973 0.800000 50.870346
v 11.529787 0.800000 45.410339
v 9.000109 0.800000 39.677849
v 19.706633 0.800000 44.841370
v 15.826036 0.800000 47.482330
v -16.458008 0.800000 -104.607834
v -16.248339 0.800000 -114.236679
v -20.544844 0.800000 -116.308502
v -29.491920 0.800000 -117.407639
v -2.420712 0.800000 -116.900146
v -11.617339 0.800000 -116.786095
v -11.957334 0.800000 -79.466980
v -2.338080 0.800000 -79.428612
v -16.514248 0.800000 -89.793610
v -16.840071 0.800000 -81.885277
v -37.719158 0.800000 -89.864418
v -37.802490 0.800000 -82.565620
v -64.144196 0.800000 -107.547234
v -49.368492 0.800000 -97.149200
v -37.708401 0.800000 -97.238922
v -40.141499 0.800000 -118.280556
v -52.085781 0.800000 -116.972664
v -68.629379 0.800000 -78.499023
v -61.173481 0.800000 -81.068626
v -73.823730 0.800000 -83.754227
v -65.799484 0.800000 -57.029808
v -72.401855 0.800000 -72.924423
v -70.117256 0.800000 -62.672409
v -49.181118 0.800000 -57.755669
v -37.674706 0.800000 -58.032013
v -37.911083 0.800000 -63.376865
v -46.497078 0.800000 -19.375473
v -67.341393 0.800000 -39.908745
v -60.629333 0.800000 -40.193474
v -70.491417 0.800000 -51.754860
v -74.350220 0.800000 -39.859684
v -32.564079 0.800000 -18.455118
v -25.356936 0.800000 -21.599041
v -22.433624 0.800000 -27.546921
v -25.398998 0.800000 -34.508820
v -28.917715 0.800000 -38.869202
v -34.651756 0.800000 -40.793552
v -30.062611 0.800000 -61.846920
v -2.112183 0.800000 -34.253048
v -13.089232 0.800000 -27.444288
v -5.590047 0.800000 -8.546546
v -0.543883 0.800000 -9.771588
v -21.320393 0.800000 -0.139246
v -16.176113 0.800000 0.737280
v -13.438816 0.800000 -0.992682
v -10.223782 0.800000 -5.546524
v -24.460745 0.800000 -4.589265
v -67.691170 0.800000 -18.478189
v -60.134163 0.800000 -18.579596
v -75.262085 0.800000 -30.641668
v -38.153324 0.800000 -4.619214
v -37.037121 0.800000 -14.569996
v -48.651127 0.800000 -12.396273
v -64.598709 0.800000 1.144938
v -53.139942 0.800000 1.415306
v -74.859680 0.800000 -11.086076
v -74.430458 0.800000 -3.713590
v -129.723602 0.800000 -72.619804
v -129.723602 0.800000 -62.772156
v -129.723602 0.800000 -52.924503
v -129.723602 0.800000 -43.076847
v -90.143997 0.800000 -53.302948
v -98.329529 0.800000 -58.230404
v -90.154930 0.800000 -63.754398
v -90.659325 0.800000 -71.653053
v -101.035660 0.800000 -82.200745
v -81.725090 0.800000 -40.061985
v -74.665825 0.800000 -56.562889
v -83.737160 0.800000 -57.699116
v -99.076065 0.800000 -18.457729
v -91.964523 0.800000 -25.837170
v -99.150948 0.800000 1.237574
v -129.760468 0.800000 -33.229198
v -135.695709 0.800000 -13.533901
v -142.626297 0.800000 -3.686252
v -113.257324 0.800000 -96.515419
v -101.304604 0.800000 -103.276184
v -112.950005 0.800000 -110.664024
v -77.021042 0.800000 -97.605331
v -70.886955 0.800000 -116.895729
v -94.185677 0.800000 -115.587845
v -86.110764 0.800000 -77.762573
v -78.819626 0.800000 -78.979713
v -97.104225 0.800000 -89.869179
v -91.945129 0.800000 -82.111946
v -128.433319 0.800000 -92.315102
v -37.117802 0.800000 13.601689
v -38.521824 0.800000 6.757995
v -73.918076 0.800000 8.553768
v -73.917763 0.800000 15.837070
v -55.026356 0.800000 39.506817
v -33.111027 0.800000 31.997124
v -74.491302 0.800000 27.697153
v -11.042064 0.800000 9.888698
v -13.757360 0.800000 4.524079
v -22.977423 0.800000 3.397949
v -21.039064 0.800000 9.651309
v -17.598364 0.800000 12.633415
v -12.164508 0.800000 12.372761
v -2.393591 0.800000 24.764557
v 0.056648 0.800000 19.360167
v -1.331188 0.800000 14.683762
v -6.509750 0.800000 13.503342
v -9.490706 0.800000 15.034577
v -11.481732 0.800000 20.000015
v -10.395974 0.800000 23.343849
v -5.448750 0.800000 25.132463
v -15.265948 0.800000 43.632713
v -24.000896 0.800000 39.520939
v -48.703419 0.800000 76.459229
v -54.748180 0.800000 68.750351
v -74.703873 0.800000 68.062241
v -75.002785 0.800000 75.906235
v -42.460278 0.800000 99.713013
v -35.350510 0.800000 92.241203
v -35.067059 0.800000 84.120964
v -42.524635 0.800000 124.256508
v -6.278755 0.800000 79.022018
v -13.436464 0.800000 119.537598
v -4.798414 0.800000 119.468941
v -15.747493 0.800000 129.798141
v -17.830046 0.800000 123.682442
v -20.058220 0.800000 135.664597
v -11.755411 0.800000 158.800003
v -2.317959 0.800000 158.799988
v -2.033708 0.800000 138.466202
v -9.408836 0.800000 135.730484
v -14.875653 0.800000 140.899734
v -21.192865 0.800000 158.761520
v -68.380127 0.800000 137.796814
v -58.942677 0.800000 140.412582
v -46.522591 0.800000 136.635788
v -49.505222 0.800000 145.336411
v -109.657410 0.800000 84.580528
v -115.277344 0.800000 78.680923
v -125.004868 0.800000 84.942627
v -115.567421 0.800000 94.790276
v -106.129959 0.800000 104.637924
v -96.692482 0.800000 114.485573
v -94.378052 0.800000 102.150345
v -93.031502 0.800000 84.658150
v -97.528381 0.800000 80.910294
v -105.123489 0.800000 79.774078
v -74.974358 0.800000 102.708473
v -87.431679 0.800000 82.091042
v -74.363777 0.800000 123.539841
v -87.255020 0.800000 124.294754
v -142.302582 0.800000 21.622890
v -147.308136 0.800000 6.161401
v -124.562653 0.800000 40.497765
v -114.230347 0.800000 40.540737
v -142.307434 0.800000 39.937290
v -99.076065 0.800000 20.932878
v -81.714226 0.800000 40.548618
v -72.887474 0.800000 40.460754
v -103.830139 0.800000 40.518654
v -105.253700 0.800000 61.065662
v -95.313454 0.800000 61.312080
v -90.301399 0.800000 56.153126
v -85.327675 0.800000 61.386997
v -89.735741 0.800000 67.260223
v -91.353683 0.800000 75.888809
v -148.561539 0.800000 45.552013
v -147.308136 0.800000 55.399666
v -119.438171 0.800000 60.922672
v -110.701210 0.800000 73.825935
v -111.428406 0.800000 66.087151
v -134.405441 0.800000 75.094971
v -2.317960 0.800000 -137.937408
v -11.755412 0.800000 -135.321609
v -15.986252 0.800000 -129.530472
v -15.849161 0.800000 -121.155396
v -21.192863 0.800000 -130.397781
v -30.630318 0.800000 -123.165916
v 1.521898 0.800000 35.757366
v -1.594564 0.800000 38.614231
v -6.493807 0.800000 43.105022
v -5.623350 0.800000 51.090538
v -2.100931 0.800000 28.884834
v -0.396926 0.800000 33.350365
v -19.386307 0.800000 16.164923
v -24.446869 0.800000 15.086936
v -31.469893 0.800000 16.943876
v -24.970690 0.800000 32.691227
v -17.987728 0.800000 26.058069
v -35.114017 0.800000 1.322368
v -28.625336 0.800000 0.055762
v -27.190689 0.800000 -45.177814
v -31.612417 0.800000 -54.067581
v -11.088910 0.800000 -57.069607
v -15.343135 0.800000 -69.149712
v -21.647654 0.800000 -42.499477
v -13.085035 0.800000 -47.460144
v 110.710281 0.800000 -116.664932
v 106.716576 0.800000 -123.460846
v 104.467453 0.800000 -122.229523
v 106.943115 0.800000 -116.244194
v 77.900383 0.800000 -129.243759
v 84.946983 0.800000 -129.162842
v 84.966179 0.800000 -134.039368
v 77.900375 0.800000 -134.167587
v 84.943138 0.800000 -84.996284
v 77.900368 0.800000 -84.929375
v 135.821259 0.800000 0.102705
v 134.299301 0.800000 -17.426338
v 118.639206 0.800000 -1.132733
v 122.890114 0.800000 -1.738293
v 127.028534 0.800000 -1.377560
v 130.978806 0.800000 -0.150542
v 129.705856 0.800000 -17.472738
v 115.110291 0.800000 -17.360842
v 108.027824 0.800000 -2.139649
v 113.560287 0.800000 -1.239841
v 109.903061 0.800000 -17.670719
v 85.487358 0.800000 -18.225128
v 79.565102 0.800000 -17.529144
v 2.787554 0.800000 -55.423206
v -1.063313 0.800000 -58.635040
v -4.205846 0.800000 -51.725960
v -0.251574 0.800000 -49.502533
v 2.861524 0.800000 -46.683872
v 4.964309 0.800000 -43.367538
v 7.445442 0.800000 -12.625746
v 10.959759 0.800000 -19.826885
v 10.195078 0.800000 -11.658675
v 12.541424 0.800000 -10.120933
v 18.391720 0.800000 -17.056467
v 15.003181 0.800000 -18.898018
v 19.749134 0.800000 -26.036375
v 23.442034 0.800000 -23.328140
v 30.387800 0.800000 -31.731152
v 23.350101 0.800000 -32.890957
v 7.854000 0.800000 -26.940277
v 13.861462 0.800000 -26.907711
v 16.143259 0.800000 -33.599205
v 7.786292 0.800000 -34.158577
v 23.192732 0.800000 -1.262896
v 22.984907 0.800000 -5.640684
v 16.286604 0.800000 -2.479623
v 29.654789 0.800000 -3.184326
v 29.571856 0.800000 -8.612438
v 34.616844 0.800000 -26.446644
v 27.479731 0.800000 -20.235327
v 15.586314 0.800000 -5.365380
v 14.352926 0.800000 -7.988896
v 25.413811 0.800000 -117.049698
v 30.376789 0.800000 -117.462097
v 16.903612 0.800000 -123.698502
v 35.163177 0.800000 -117.068161
v 39.442791 0.800000 -116.024323
v 29.769814 0.800000 -123.152573
v 29.262730 0.800000 -128.604874
v 16.873960 0.800000 -128.916351
v 2.229910 0.800000 -119.348343
v 14.162149 0.800000 -118.629166
v 19.854952 0.800000 -117.454674
v 44.037308 0.800000 -116.225113
v 46.565357 0.800000 -116.973373
v 41.862843 0.800000 -122.375488
v 41.445942 0.800000 -128.129395
v 41.486973 0.800000 -100.277946
v 47.314877 0.800000 -99.618416
v 48.180832 0.800000 -103.942955
v 43.427017 0.800000 -103.844650
v 44.379436 0.800000 -107.451332
v 46.599541 0.800000 -107.828262
v 46.651104 0.800000 -111.965118
v 44.161522 0.800000 -111.100510
v 42.019112 0.800000 -84.884598
v 46.846455 0.800000 -94.945610
v 40.794296 0.800000 -95.605240
v 14.868311 0.800000 -99.639183
v 14.989821 0.800000 -103.774673
v 12.138447 0.800000 -108.644165
v 16.416615 0.800000 -108.061012
v 18.765604 0.800000 -112.213623
v 13.382935 0.800000 -113.511063
v 26.225559 0.800000 -84.394066
v 16.559635 0.800000 -84.428871
v 36.802364 0.800000 -84.750084
v 28.834969 0.800000 -84.453781
v 34.838764 0.800000 -95.441872
v 29.466839 0.800000 -94.443573
v 24.206083 0.800000 -94.157837
v 19.587034 0.800000 -94.715363
v 109.477180 0.800000 18.310545
v 109.429893 0.800000 13.639220
v 106.481918 0.800000 13.759597
v 106.409729 0.800000 8.550548
v 110.644661 0.800000 8.810488
v 112.688423 0.800000 4.170136
v 107.469795 0.800000 3.286723
v 110.102859 0.800000 29.836538
v 109.805473 0.800000 23.802462
v 84.929840 0.800000 23.407513
v 77.900375 0.800000 23.394791
v 136.227951 0.800000 18.673527
v 137.267014 0.800000 14.195459
v 137.145798 0.800000 9.737068
v 136.067032 0.800000 5.374645
v 135.677139 0.800000 25.107569
v 130.277176 0.800000 25.226587
v 125.021530 0.800000 26.013666
v 119.547165 0.800000 25.715532
v 114.565422 0.800000 24.393511
v 130.101288 0.800000 102.176010
v 29.578161 0.800000 96.891823
v 33.901104 0.800000 97.416779
v 34.315044 0.800000 91.770706
v 32.204758 0.800000 116.213303
v 37.552277 0.800000 115.213196
v 35.169193 0.800000 110.925934
v 30.928358 0.800000 111.350632
v 30.966021 0.800000 106.603958
v 33.716789 0.800000 106.575844
v 33.597240 0.800000 102.381729
v 30.400948 0.800000 101.569305
v 3.354796 0.800000 117.360703
v 9.143473 0.800000 116.696877
v 4.176495 0.800000 111.605911
v 38.401524 0.800000 97.193817
v 43.140598 0.800000 96.314217
v 38.984360 0.800000 91.602425
v 48.521194 0.800000 96.356087
v 53.960144 0.800000 97.345482
v 55.017448 0.800000 91.876381
v 49.517632 0.800000 91.440437
v 59.837982 0.800000 97.728989
v 65.718498 0.800000 97.387917
v 60.389019 0.800000 92.304474
v 63.033276 0.800000 116.003296
v 66.692215 0.800000 116.739990
v 66.868401 0.800000 112.013290
v 63.361935 0.800000 111.639023
v 62.513325 0.800000 107.110016
v 66.206184 0.800000 107.139275
v 66.309273 0.800000 102.198837
v 60.621353 0.800000 102.731789
v 58.228989 0.800000 121.191208
v 53.938122 0.800000 121.900650
v 43.460793 0.800000 126.597061
v 49.161316 0.800000 121.679855
v 44.213482 0.800000 120.599503
v 66.855995 0.800000 121.846962
v 62.844048 0.800000 121.171799
v 4.542540 0.800000 136.686539
v 9.818885 0.800000 137.389679
v 9.918376 0.800000 132.309250
v 5.098216 0.800000 132.278061
v 4.770500 0.800000 127.474968
v 9.318150 0.800000 121.934212
v 3.580981 0.800000 122.747101
v 33.159210 0.800000 126.564438
v 38.283772 0.800000 126.447258
v 38.675747 0.800000 120.459152
v 33.011490 0.800000 121.301735
v 2.400768 0.800000 158.800003
v 9.761206 0.800000 142.432449
v 4.527752 0.800000 141.718613
v 13.810598 0.800000 10.143175
v 21.495682 0.800000 12.567896
v 19.393070 0.800000 9.238831
v 14.757160 0.800000 7.864987
v 15.659007 0.800000 5.611476
v 19.147720 0.800000 5.931283
v 23.025753 0.800000 2.731098
v 16.267918 0.800000 3.161646
v 18.246521 0.800000 15.228664
v 14.783466 0.800000 14.138400
v 10.117325 0.800000 26.159864
v 17.067917 0.800000 26.765511
v 12.156504 0.800000 25.349373
v 11.142378 0.800000 20.290169
v 13.283958 0.800000 19.471024
v 10.031221 0.800000 13.486656
v 7.774508 0.800000 14.598272
v 8.072828 0.800000 20.990887
v 5.713310 0.800000 15.773032
v 11.638372 0.800000 49.900032
v 23.262239 0.800000 49.133289
v -18.833500 0.800000 -97.238922
v -23.552217 0.800000 -97.238922
v -18.810455 0.800000 -104.600609
v -18.510931 0.800000 -114.135696
v -23.031509 0.800000 -114.063583
v -23.517664 0.800000 -104.598221
v -28.239464 0.800000 -104.639877
v -27.645782 0.800000 -114.493141
v -32.657890 0.800000 -115.664780
v -32.974319 0.800000 -104.704796
v -28.270952 0.800000 -97.238922
v -32.989677 0.800000 -97.238930
v -0.658299 0.800000 -97.043297
v -4.927214 0.800000 -97.169052
v -0.536258 0.800000 -104.463150
v -0.202678 0.800000 -114.404037
v -4.753742 0.800000 -114.436707
v -4.882861 0.800000 -104.566185
v -9.433466 0.800000 -104.609123
v -9.359720 0.800000 -114.411339
v -13.964241 0.800000 -114.315224
v -14.104021 0.800000 -104.613434
v -9.446026 0.800000 -97.224953
v -14.114772 0.800000 -97.238930
v -9.491649 0.800000 -84.795609
v -14.279343 0.800000 -84.656586
v -0.226148 0.800000 -84.542694
v -4.778984 0.800000 -84.763306
v -19.596540 0.800000 -79.237633
v -19.056902 0.800000 -84.693512
v -23.782644 0.800000 -84.932251
v -24.319794 0.800000 -80.106133
v -28.820150 0.800000 -80.438553
v -28.458349 0.800000 -85.077400
v -33.104881 0.800000 -85.049583
v -33.312248 0.800000 -80.342140
v -49.495090 0.800000 -85.104790
v -51.846828 0.800000 -85.208435
v -42.445068 0.800000 -84.969353
v -71.608025 0.800000 -80.910889
v -66.140938 0.800000 -81.252899
v -66.142471 0.800000 -86.203247
v -71.069283 0.800000 -86.342705
v -68.098305 0.800000 -60.014191
v -63.565720 0.800000 -59.526093
v -63.867470 0.800000 -64.996887
v -68.043350 0.800000 -65.101181
v -69.081802 0.800000 -70.474586
v -64.618477 0.800000 -70.528519
v -65.574936 0.800000 -75.990768
v -70.887291 0.800000 -75.549088
v -51.357571 0.800000 -60.126392
v -49.190311 0.800000 -60.225525
v -49.248791 0.800000 -65.213715
v -51.444622 0.800000 -65.172997
v -42.430367 0.800000 -60.454414
v -42.518116 0.800000 -65.426567
v -38.709759 0.800000 -25.036871
v -42.182747 0.800000 -24.129051
v -43.679768 0.800000 -21.842890
v -38.818195 0.800000 -31.443363
v -47.044216 0.800000 -26.276150
v -63.663441 0.800000 -50.228237
v -63.605064 0.800000 -54.245796
v -68.247887 0.800000 -54.619446
v -33.229565 0.800000 -20.896290
v -31.511284 0.800000 -21.926153
v -31.922262 0.800000 -26.902182
v -35.284397 0.800000 -24.022154
v -29.802195 0.800000 -22.417377
v -23.283377 0.800000 -25.171356
v -25.451797 0.800000 -28.370338
v -26.704544 0.800000 -32.264061
v -26.907995 0.800000 -36.614635
v -35.368786 0.800000 -31.571917
v -32.382000 0.800000 -31.713829
v -33.035366 0.800000 -62.387543
v -28.776304 0.800000 -65.543037
v -30.161486 0.800000 -68.847565
v -33.843662 0.800000 -67.031036
v 2.206275 0.800000 -25.749313
v 0.923127 0.800000 -32.710003
v -3.942774 0.800000 -29.283146
v -2.911060 0.800000 -23.477907
v -9.352754 0.800000 -26.052519
v -14.672152 0.800000 -23.451122
v -5.000024 0.800000 -11.277740
v -7.873940 0.800000 -9.778193
v -23.105684 0.800000 -2.015461
v -19.893600 0.800000 -2.001462
v -19.365837 0.800000 -5.916071
v -17.275400 0.800000 -1.319559
v -14.954286 0.800000 -0.266614
v -14.085855 0.800000 -3.057512
v -16.624126 0.800000 -4.603220
v -15.212092 0.800000 -7.815598
v -12.535810 0.800000 -5.614155
v -10.424916 0.800000 -7.874923
v -39.716576 0.800000 -2.025680
v -43.143372 0.800000 -10.357623
v -38.228619 0.800000 -17.735577
v -42.323883 0.800000 -19.517586
v -42.276009 0.800000 -13.458323
v -39.013954 0.800000 -12.630873
v -45.804188 0.800000 -0.683623
v -93.373718 0.800000 -50.603573
v -92.337662 0.800000 -56.315701
v -92.390572 0.800000 -61.402771
v -93.479233 0.800000 -65.581894
v -93.730980 0.800000 -69.817833
v -93.238197 0.800000 -74.005775
v -77.837463 0.800000 -49.090145
v -72.506325 0.800000 -50.929291
v -72.766121 0.800000 -54.423973
v -77.134476 0.800000 -53.845913
v -88.085159 0.800000 -50.215160
v -82.895973 0.800000 -49.525558
v -81.944138 0.800000 -54.396996
v -86.736206 0.800000 -55.841179
v -82.493340 0.800000 -18.458704
v -91.973755 0.800000 -18.457726
v -104.655365 0.800000 -113.702942
v -88.570366 0.800000 -79.595993
v -84.639839 0.800000 -81.073090
v -85.080933 0.800000 -85.917694
v -90.038857 0.800000 -85.198265
v -80.616898 0.800000 -81.659470
v -76.541641 0.800000 -81.110680
v -75.839302 0.800000 -86.429588
v -80.442734 0.800000 -86.377052
v -93.890228 0.800000 -79.096718
v -95.685074 0.800000 -84.779602
v -41.718056 0.800000 15.762597
v -42.537529 0.800000 12.265738
v -43.110073 0.800000 8.472989
v -43.195702 0.800000 4.542581
v -35.453102 0.800000 35.226196
v -40.402672 0.800000 22.757244
v -45.345001 0.800000 20.689802
v -11.389085 0.800000 11.087412
v -13.011538 0.800000 8.553022
v -15.189542 0.800000 8.367783
v -13.973907 0.800000 11.163912
v -14.313114 0.800000 5.702986
v -15.020343 0.800000 2.696918
v -17.142366 0.800000 2.001107
v -16.353550 0.800000 5.274789
v -18.542862 0.800000 4.997166
v -19.536366 0.800000 1.621381
v -22.469019 0.800000 1.843599
v -20.881048 0.800000 4.870116
v -16.539366 0.800000 11.197049
v -17.474232 0.800000 8.209785
v -19.865616 0.800000 8.079032
v -19.609276 0.800000 11.228181
v -3.933613 0.800000 24.898596
v -2.798372 0.800000 22.608799
v -4.982013 0.800000 21.005514
v -5.984307 0.800000 23.287395
v -1.676691 0.800000 19.964251
v -0.591365 0.800000 16.574945
v -3.086080 0.800000 15.940475
v -4.015938 0.800000 18.556541
v -6.386910 0.800000 17.521769
v -5.601935 0.800000 15.183784
v -8.036130 0.800000 14.141318
v -8.690643 0.800000 16.625315
v -8.386425 0.800000 22.267921
v -7.315074 0.800000 19.883148
v -9.648728 0.800000 19.049837
v -11.131233 0.800000 21.904503
v -59.873291 0.800000 60.793861
v -16.336658 0.800000 48.773010
v -20.987974 0.800000 46.773468
v -25.590124 0.800000 44.377892
v -29.612291 0.800000 41.605637
v -15.469053 0.800000 117.390671
v -11.251962 0.800000 116.545692
v -17.958494 0.800000 114.779213
v -6.643489 0.800000 116.449623
v -2.031621 0.800000 117.250412
v -0.955182 0.800000 111.547119
v -20.094637 0.800000 117.508736
v -17.520140 0.800000 132.389633
v -19.203856 0.800000 128.699219
v -24.035828 0.800000 129.638962
v -23.194664 0.800000 134.015594
v -20.141983 0.800000 125.251556
v -20.055090 0.800000 121.943962
v -16.474138 0.800000 158.800003
v -0.043494 0.800000 141.239838
v -3.791804 0.800000 140.983902
v -12.868199 0.800000 142.912796
v -7.789864 0.800000 139.724548
v -11.907535 0.800000 137.886337
v -17.826427 0.800000 144.155716
v -17.037821 0.800000 137.683487
v -22.779402 0.800000 139.013245
v -22.245663 0.800000 142.944443
v -28.270954 0.800000 158.030655
v -32.989677 0.800000 156.645813
v -37.708408 0.800000 154.183914
v -111.943771 0.800000 81.080940
v -111.410248 0.800000 85.907356
v -129.723587 0.800000 80.018791
v -95.007004 0.800000 83.018852
v -103.341393 0.800000 83.998779
v -107.207558 0.800000 82.126831
v -90.364861 0.800000 85.073013
v -75.458214 0.800000 134.488617
v -148.598404 0.800000 18.470966
v -148.450928 0.800000 13.547141
v -148.598404 0.800000 38.166275
v -148.598389 0.800000 33.242451
v -148.598389 0.800000 28.318621
v -148.598404 0.800000 23.394793
v -108.351273 0.800000 58.780708
v -103.092819 0.800000 57.991989
v -97.817101 0.800000 58.078487
v -92.954102 0.800000 59.059330
v -80.736000 0.800000 60.696434
v -82.898193 0.800000 63.527554
v -87.963539 0.800000 57.472481
v -87.966675 0.800000 59.153122
v -89.740524 0.800000 78.498009
v -84.434563 0.800000 79.366028
v -83.614906 0.800000 73.834549
v -88.133095 0.800000 73.851295
v -87.372101 0.800000 69.143570
v -83.040390 0.800000 68.650681
v -87.743111 0.800000 64.564369
v -115.267921 0.800000 58.809208
v -112.953094 0.800000 76.064011
v -114.708015 0.800000 71.972008
v -115.498299 0.800000 67.822571
v -115.075447 0.800000 63.796684
v 1.963943 0.800000 -84.459663
v 10.233434 0.800000 -84.545074
v 15.147920 0.800000 -94.737213
v -0.072501 0.800000 -119.364273
v 0.003796 0.800000 -124.401527
v -4.657291 0.800000 -124.318275
v -4.694962 0.800000 -119.360710
v 0.048629 0.800000 -129.706314
v 0.053692 0.800000 -135.616547
v -4.665034 0.800000 -134.616379
v -4.648740 0.800000 -129.402435
v -9.239186 0.800000 -128.886978
v -9.334608 0.800000 -133.641876
v -13.942739 0.800000 -132.372452
v -13.673932 0.800000 -128.110565
v -9.288981 0.800000 -119.273643
v -9.226151 0.800000 -124.100349
v -13.630922 0.800000 -123.680420
v -13.792206 0.800000 -119.059532
v -18.142282 0.800000 -118.674850
v -17.796671 0.800000 -122.949539
v -21.476181 0.800000 -122.153664
v -22.331072 0.800000 -118.410385
v -18.464849 0.800000 -130.320847
v -22.839506 0.800000 -127.422989
v -21.602133 0.800000 -125.016289
v -17.888834 0.800000 -126.815514
v -30.704046 0.800000 -120.473213
v -26.404657 0.800000 -118.891235
v -24.403883 0.800000 -122.477425
v -26.968393 0.800000 -124.037857
v 2.193285 0.800000 47.257477
v 4.562902 0.800000 37.649620
v 3.638109 0.800000 42.313698
v 1.124328 0.800000 41.554493
v 2.294062 0.800000 37.574024
v 0.113647 0.800000 37.371651
v -1.277442 0.800000 40.506428
v -0.685393 0.800000 45.666336
v -3.504907 0.800000 43.446404
v -6.384419 0.800000 46.248070
v -14.034391 0.800000 54.475693
v -8.636978 0.800000 52.768814
v 1.898257 0.800000 19.183475
v 0.543364 0.800000 22.286795
v 0.891738 0.800000 27.408489
v -0.802445 0.800000 24.752325
v -2.152894 0.800000 26.875540
v -0.686883 0.800000 29.107262
v 2.621392 0.800000 33.853966
v 2.094412 0.800000 30.462790
v 0.293494 0.800000 31.597811
v 0.617313 0.800000 34.351257
v -37.151913 0.800000 40.415741
v -13.561733 0.800000 20.839727
v -11.723630 0.800000 18.181166
v -13.443699 0.800000 17.158617
v -10.551308 0.800000 13.549992
v -13.073205 0.800000 13.564536
v -12.758154 0.800000 15.531907
v -10.816675 0.800000 15.939831
v -18.726824 0.800000 14.191750
v -16.999697 0.800000 16.751120
v -15.594878 0.800000 13.750694
v -22.019236 0.800000 15.528678
v -25.360891 0.800000 17.447847
v -20.125742 0.800000 18.361662
v -29.254457 0.800000 18.780758
v -33.509495 0.800000 19.524149
v -26.803076 0.800000 25.946808
v -31.695854 0.800000 28.672729
v -28.154791 0.800000 32.574604
v -24.787357 0.800000 29.247654
v -22.451342 0.800000 23.290087
v -20.878792 0.800000 26.098339
v -16.757092 0.800000 23.495020
v -26.570189 0.800000 -2.160995
v -29.958614 0.800000 -2.484180
v -22.969589 0.800000 -19.866184
v -32.088863 0.800000 -12.224574
v -31.597443 0.800000 -17.078089
v -34.429512 0.800000 -18.269865
v -35.585644 0.800000 -12.148908
v -33.307999 0.800000 -2.011841
v -36.404686 0.800000 -1.065708
v -27.756432 0.800000 -41.583706
v -29.652979 0.800000 -46.550377
v -30.875938 0.800000 -40.926960
v -11.939352 0.800000 -51.780128
v -16.542856 0.800000 -49.637730
v -24.976543 0.800000 -57.289726
v -25.995646 0.800000 -59.558533
v -29.968464 0.800000 -55.883389
v -27.714151 0.800000 -51.550003
v -20.838457 0.800000 -46.893936
v -22.906006 0.800000 -52.314854
v -26.649679 0.800000 -49.136589
v -24.393578 0.800000 -43.663639
v -7.789777 0.800000 -56.024849
v -4.560359 0.800000 -62.148827
v -7.337859 0.800000 -65.816444
v -10.431604 0.800000 -62.165916
v 9.125965 0.800000 -39.648220
v 96.049500 0.800000 -123.360664
v 105.595161 0.800000 -122.800400
v 108.846878 0.800000 -116.425110
v 84.943909 0.800000 -124.274261
v 77.900383 0.800000 -124.319939
v 89.524399 0.800000 -124.091537
v 89.539749 0.800000 -128.839066
v 89.635757 0.800000 -133.526474
v 84.955231 0.800000 -131.602097
v 77.900391 0.800000 -131.705688
v 89.674149 0.800000 -109.532448
v 84.973854 0.800000 -109.545280
v 77.900368 0.800000 -109.548470
v 110.487946 0.800000 -109.372162
v 112.774727 0.800000 -109.381790
v 108.198845 0.800000 -109.368958
v 96.678513 0.800000 -109.481155
v 96.033371 0.800000 -86.334633
v 106.006866 0.800000 -92.914864
v 109.417305 0.800000 -90.301384
v 84.948524 0.800000 -82.546494
v 77.900383 0.800000 -82.467453
v 89.520538 0.800000 -85.263954
v 84.948524 0.800000 -92.347862
v 77.900383 0.800000 -92.315109
v 84.697212 0.800000 -57.233685
v 96.113983 0.800000 -57.994858
v 89.655029 0.800000 -70.548248
v 84.961227 0.800000 -70.210762
v 77.899986 0.800000 -70.126320
v 110.321579 0.800000 -59.797878
v 110.870766 0.800000 -77.570061
v 96.663155 0.800000 -71.889893
v 94.466103 0.800000 -44.441669
v 109.459633 0.800000 -45.909405
v 109.980156 0.800000 -53.797630
v 95.504105 0.800000 -52.418880
v 84.069046 0.800000 -43.534340
v 77.971893 0.800000 -43.413654
v 88.055244 0.800000 -43.847698
v 88.772438 0.800000 -51.924393
v 84.441505 0.800000 -51.716465
v 77.889534 0.800000 -51.658985
v 124.175323 0.800000 -54.285210
v 128.472122 0.800000 -49.712269
v 120.637558 0.800000 -54.923054
v 114.288002 0.800000 -46.882309
v 114.801613 0.800000 -60.138496
v 125.156296 0.800000 -59.692425
v 120.951736 0.800000 -74.178230
v 129.400879 0.800000 -38.559166
v 114.732216 0.800000 -32.723148
v 143.994781 0.800000 -23.530449
v 138.659470 0.800000 -0.355433
v 136.220200 0.800000 -2.960814
v 145.933182 0.800000 -11.499760
v 145.235901 0.800000 -17.217955
v 134.360107 0.800000 -11.607469
v 120.771400 0.800000 -1.541173
v 122.814110 0.800000 -4.310733
v 118.296143 0.800000 -4.147237
v 129.029312 0.800000 -0.844710
v 131.459045 0.800000 -3.211054
v 127.153305 0.800000 -3.977170
v 129.708710 0.800000 -11.790914
v 115.296844 0.800000 -12.322659
v 109.298309 0.800000 -31.873228
v 93.791512 0.800000 -31.254557
v 110.707176 0.800000 -1.775398
v 113.310699 0.800000 -4.315830
v 110.188141 0.800000 -12.697277
v 95.564461 0.800000 -13.627813
v 95.102562 0.800000 -18.774225
v 85.219070 0.800000 -2.182130
v 78.496880 0.800000 -1.929892
v 89.413330 0.800000 -13.469972
v 89.179176 0.800000 -18.596395
v 85.499512 0.800000 -13.168441
v 79.310143 0.800000 -12.583862
v 15.824522 0.800000 -55.767929
v 6.853906 0.800000 -63.408173
v 0.846935 0.800000 -57.014389
v -2.566453 0.800000 -55.353031
v -2.167144 0.800000 -50.670502
v 1.289622 0.800000 -52.498280
v 4.728731 0.800000 -49.450600
v 4.016767 0.800000 -45.057568
v 29.547827 0.800000 -58.621376
v 38.275063 0.800000 -58.353218
v 37.727077 0.800000 -70.157562
v 30.660315 0.800000 -70.237022
v 28.359310 0.800000 -70.316734
v 19.715717 0.800000 -71.336670
v 38.371567 0.800000 -47.144360
v 35.063766 0.800000 -39.883251
v 38.665821 0.800000 -53.887131
v 31.050350 0.800000 -54.375954
v 59.271111 0.800000 -45.142254
v 59.107292 0.800000 -52.646160
v 59.027367 0.800000 -70.150848
v 70.916054 0.800000 -57.334503
v 70.826759 0.800000 -70.133423
v 63.818432 0.800000 -57.564121
v 71.240105 0.800000 -43.880371
v 71.007050 0.800000 -51.943615
v 60.296623 0.800000 -27.165878
v 60.212654 0.800000 -31.366076
v 72.163689 0.800000 -29.836182
v 72.225372 0.800000 -12.095552
v 72.524582 0.800000 -17.005743
v 59.208263 0.800000 -2.098453
v 59.789616 0.800000 -18.226913
v 59.548199 0.800000 -13.063433
v 47.043484 0.800000 -17.552364
v 47.512371 0.800000 -24.241827
v 46.918781 0.800000 -3.690364
v 5.960501 0.800000 -12.902660
v 9.253652 0.800000 -16.236343
v 4.424069 0.800000 -13.045765
v 11.426884 0.800000 -10.962614
v 15.455877 0.800000 -13.574883
v 16.798515 0.800000 -18.106775
v 12.617379 0.800000 -15.284138
v 23.069771 0.800000 -27.344370
v 27.390724 0.800000 -27.854126
v 26.834368 0.800000 -32.425362
v 21.642504 0.800000 -29.554537
v 10.852538 0.800000 -27.050917
v 15.055234 0.800000 -30.330740
v 12.175440 0.800000 -33.917542
v 8.019804 0.800000 -30.504210
v 16.498800 0.800000 0.439133
v 23.144499 0.800000 -3.425331
v 19.648409 0.800000 -4.093302
v 16.450901 0.800000 -1.010042
v 32.835403 0.800000 -3.240122
v 35.879715 0.800000 -3.653516
v 29.004965 0.800000 -6.006624
v 31.766388 0.800000 -19.993181
v 35.479389 0.800000 -17.960850
v 30.962152 0.800000 -23.352222
v 28.370094 0.800000 -17.515968
v 20.818117 0.800000 -14.055094
v 15.039071 0.800000 -6.724246
v 17.816055 0.800000 -140.249939
v 28.618082 0.800000 -141.261703
v 27.893320 0.800000 -117.345680
v 16.932817 0.800000 -120.945274
v 37.383553 0.800000 -116.596931
v 39.570328 0.800000 -119.348045
v 30.064980 0.800000 -120.327171
v 29.060640 0.800000 -131.224182
v 16.940046 0.800000 -131.357544
v 16.891088 0.800000 -118.143677
v 39.770576 0.800000 -140.697418
v 70.845085 0.800000 -124.315300
v 70.837257 0.800000 -129.282486
v 70.827499 0.800000 -134.279724
v 46.553829 0.800000 -119.825859
v 44.200233 0.800000 -119.429260
v 41.123398 0.800000 -130.819077
v 44.540001 0.800000 -99.861244
v 47.738354 0.800000 -101.808044
v 45.819412 0.800000 -103.888397
v 42.547176 0.800000 -102.054901
v 46.696579 0.800000 -109.851883
v 44.406342 0.800000 -109.268898
v 70.845413 0.800000 -109.534019
v 70.822617 0.800000 -84.929169
v 42.163483 0.800000 -82.393715
v 46.831314 0.800000 -92.467621
v 43.962498 0.800000 -95.209000
v 41.212799 0.800000 -92.764839
v 12.721472 0.800000 -99.265633
v 14.761513 0.800000 -101.668518
v 13.063197 0.800000 -103.818214
v 14.267860 0.800000 -108.366318
v 17.519327 0.800000 -110.170052
v 15.956788 0.800000 -112.980225
v 12.774087 0.800000 -111.055855
v 2.034643 0.800000 -114.369926
v 26.715813 0.800000 -82.046432
v 17.157486 0.800000 -82.147324
v 37.064545 0.800000 -82.288582
v 29.275110 0.800000 -82.088783
v 35.522911 0.800000 -92.563690
v 32.173183 0.800000 -94.879288
v 30.023249 0.800000 -91.926529
v 24.124182 0.800000 -92.962219
v 21.784300 0.800000 -94.340500
v 19.658094 0.800000 -93.198250
v 84.934952 0.800000 16.008741
v 77.905350 0.800000 16.003174
v 89.468651 0.800000 16.038162
v 89.577591 0.800000 3.167921
v 85.077171 0.800000 3.249516
v 78.178749 0.800000 3.370229
v 95.814140 0.800000 16.159395
v 107.243538 0.800000 18.690617
v 109.287445 0.800000 16.016218
v 107.480888 0.800000 13.689074
v 105.305405 0.800000 16.300539
v 108.519440 0.800000 8.670560
v 111.608727 0.800000 6.445204
v 109.982285 0.800000 3.627326
v 106.959068 0.800000 5.934402
v 96.205215 0.800000 3.040068
v 95.957474 0.800000 33.356182
v 106.415207 0.800000 34.240498
v 109.866058 0.800000 26.930441
v 107.437477 0.800000 24.012846
v 95.753983 0.800000 23.661869
v 84.736229 0.800000 33.187199
v 77.720261 0.800000 33.196152
v 89.331429 0.800000 33.214466
v 89.454025 0.800000 23.458385
v 139.019424 0.800000 19.272772
v 139.662079 0.800000 14.249855
v 136.883698 0.800000 16.430315
v 139.575943 0.800000 9.525926
v 138.909851 0.800000 4.801938
v 136.692017 0.800000 7.532609
v 131.881546 0.800000 41.812870
v 147.427856 0.800000 32.088421
v 135.896393 0.800000 29.230904
v 138.411972 0.800000 25.533003
v 113.196884 0.800000 35.774208
v 126.416077 0.800000 40.522923
v 127.826996 0.800000 28.256136
v 130.712753 0.800000 27.808275
v 127.721062 0.800000 25.739010
v 116.173912 0.800000 29.506784
v 119.900009 0.800000 29.066769
v 116.950157 0.800000 25.158079
v 114.685883 0.800000 27.783077
v 126.754089 0.800000 60.348293
v 116.194099 0.800000 72.642029
v 127.488281 0.800000 72.617462
v 87.495033 0.800000 47.299706
v 82.826691 0.800000 47.385563
v 76.061729 0.800000 47.568123
v 107.486847 0.800000 59.844128
v 94.468262 0.800000 59.371262
v 98.456917 0.800000 72.946091
v 109.899193 0.800000 72.634422
v 92.236900 0.800000 86.532379
v 86.235252 0.800000 86.804909
v 77.500618 0.800000 86.840317
v 110.990196 0.800000 85.318130
v 100.531433 0.800000 85.994324
v 96.788963 0.800000 112.527512
v 108.447571 0.800000 111.672714
v 84.946831 0.800000 111.920570
v 78.324707 0.800000 111.981682
v 89.600945 0.800000 112.122414
v 127.475395 0.800000 84.941368
v 116.649132 0.800000 85.084564
v 115.002548 0.800000 110.326111
v 128.516098 0.800000 104.599464
v 83.107353 0.800000 127.516022
v 77.540207 0.800000 130.112869
v 94.415924 0.800000 124.025490
v 84.298409 0.800000 118.787689
v 9.457075 0.800000 92.223839
v 2.397587 0.800000 92.230103
v 14.011930 0.800000 92.190117
v 14.274240 0.800000 84.416595
v 9.621169 0.800000 84.573898
v 2.557660 0.800000 84.667969
v 24.296091 0.800000 91.889488
v 31.639517 0.800000 97.082703
v 34.014351 0.800000 94.537712
v 32.163029 0.800000 91.777290
v 29.797312 0.800000 94.359909
v 31.384205 0.800000 83.538521
v 25.173315 0.800000 83.843910
v 25.057419 0.800000 114.189857
v 34.761379 0.800000 115.809761
v 36.289219 0.800000 113.090698
v 33.038818 0.800000 111.151062
v 31.579853 0.800000 113.761665
v 31.808277 0.800000 106.576881
v 33.484959 0.800000 104.445221
v 31.459146 0.800000 102.006874
v 30.539003 0.800000 104.217163
v 6.366817 0.800000 116.946754
v 9.192331 0.800000 114.098610
v 6.747662 0.800000 111.574638
v 3.831136 0.800000 114.369827
v 14.137840 0.800000 114.022842
v 9.416775 0.800000 106.591354
v 2.084002 0.800000 106.521126
v 40.655647 0.800000 96.659630
v 43.627991 0.800000 93.846626
v 41.058811 0.800000 94.052124
v 38.619972 0.800000 94.329544
v 51.271057 0.800000 96.749901
v 54.564907 0.800000 94.520569
v 52.269886 0.800000 91.636879
v 49.034893 0.800000 93.902611
v 53.220757 0.800000 84.142090
v 50.637314 0.800000 83.927551
v 45.454460 0.800000 83.613914
v 38.013798 0.800000 83.429665
v 62.917671 0.800000 97.487206
v 65.596786 0.800000 94.995300
v 62.987770 0.800000 92.466972
v 60.157337 0.800000 94.926277
v 69.931870 0.800000 86.243019
v 65.520950 0.800000 116.516914
v 65.563339 0.800000 111.778427
v 63.331364 0.800000 113.860321
v 72.012169 0.800000 112.024101
v 64.862709 0.800000 107.063873
v 63.599964 0.800000 102.380569
v 61.667629 0.800000 104.881187
v 48.002640 0.800000 132.140030
v 37.955238 0.800000 132.078720
v 55.413216 0.800000 132.022568
v 50.494316 0.800000 132.080505
v 58.353035 0.800000 124.168747
v 56.160671 0.800000 121.645912
v 53.735306 0.800000 124.490257
v 48.858547 0.800000 124.310204
v 46.685791 0.800000 121.221985
v 43.787491 0.800000 123.685089
v 60.204861 0.800000 132.010498
v 65.374458 0.800000 121.617470
v 62.997009 0.800000 124.136742
v 7.269375 0.800000 137.159241
v 9.884024 0.800000 134.856430
v 7.520753 0.800000 132.304962
v 4.912403 0.800000 134.558823
v 7.266063 0.800000 127.305939
v 9.523096 0.800000 124.549850
v 6.570993 0.800000 122.244347
v 4.262369 0.800000 125.070114
v 35.703690 0.800000 126.487457
v 38.472202 0.800000 123.528473
v 35.726162 0.800000 120.952003
v 33.145988 0.800000 123.925636
v 24.683825 0.800000 148.235794
v 25.430838 0.800000 138.645737
v 9.772538 0.800000 152.054886
v 5.148208 0.800000 152.115479
v 14.283001 0.800000 151.586319
v 7.222387 0.800000 142.203934
v 17.774342 0.800000 11.457310
v 18.403589 0.800000 8.657470
v 14.263761 0.800000 8.978146
v 34.965645 0.800000 13.777990
v 21.698528 0.800000 10.960100
v 35.817871 0.800000 2.213873
v 29.586256 0.800000 2.394333
v 19.439608 0.800000 4.475375
v 19.663280 0.800000 2.938557
v 16.005398 0.800000 4.415874
v 33.195404 0.800000 20.985203
v 13.636375 0.800000 16.513910
v 10.015436 0.800000 28.794025
v 8.951759 0.800000 26.588575
v 13.384441 0.800000 24.142536
v 12.968581 0.800000 27.991177
v 12.667345 0.800000 20.565140
v 11.778965 0.800000 16.554705
v 8.848796 0.800000 14.009773
v 9.108379 0.800000 17.336018
v 7.005502 0.800000 21.522074
v 6.919321 0.800000 18.386034
v 4.671259 0.800000 16.325762
v 3.627062 0.800000 16.876812
v 45.929199 0.800000 15.279819
v 37.910229 0.800000 14.254591
v 46.903831 0.800000 2.490009
v 38.769238 0.800000 2.201795
v 70.782494 0.800000 16.042280
v 71.093796 0.800000 3.473140
v 70.712410 0.800000 33.252094
v 70.774109 0.800000 23.458336
v 42.444874 0.800000 23.330267
v 35.711250 0.800000 21.587206
v 68.471260 0.800000 60.167679
v 69.556259 0.800000 47.704460
v 68.884941 0.800000 73.706100
v 46.311924 0.800000 67.967514
v 39.213428 0.800000 66.235336
v 53.566383 0.800000 70.273247
v 51.178795 0.800000 69.512810
v 53.903385 0.800000 56.449986
v 51.543301 0.800000 55.090977
v 5.846548 0.800000 45.291996
v 26.864523 0.800000 67.006569
v 32.929813 0.800000 66.118172
v 10.492889 0.800000 70.450516
v 3.384914 0.800000 71.000198
v 15.412192 0.800000 69.552208
v 16.600470 0.800000 59.432491
v 11.375189 0.800000 61.347832
v 4.377983 0.800000 62.353756
v -21.192860 0.800000 -97.238922
v -20.766996 0.800000 -114.061577
v -21.163101 0.800000 -104.596001
v -30.071583 0.800000 -114.980789
v -30.606312 0.800000 -104.674141
v -30.630316 0.800000 -97.238914
v -2.755272 0.800000 -97.116661
v -2.467822 0.800000 -114.426834
v -2.678805 0.800000 -104.523499
v -11.665688 0.800000 -114.372917
v -11.759004 0.800000 -104.614754
v -11.767903 0.800000 -97.235428
v -9.511170 0.800000 -82.257935
v -11.881440 0.800000 -84.725822
v -14.388515 0.800000 -81.955841
v -0.045528 0.800000 -81.867966
v -2.477309 0.800000 -84.656975
v -4.739236 0.800000 -82.232994
v -0.506781 0.800000 -89.637543
v -4.874323 0.800000 -89.770584
v -9.450499 0.800000 -89.816551
v -14.147687 0.800000 -89.798637
v -19.258835 0.800000 -82.027824
v -21.426142 0.800000 -84.806114
v -23.986057 0.800000 -82.495628
v -22.008928 0.800000 -79.730705
v -18.878178 0.800000 -89.806023
v -23.598307 0.800000 -89.853767
v -28.308432 0.800000 -89.882813
v -33.012718 0.800000 -89.877235
v -28.605022 0.800000 -82.731148
v -30.782772 0.800000 -85.076584
v -33.191284 0.800000 -82.677826
v -31.063307 0.800000 -80.422340
v -60.488964 0.800000 -96.800156
v -42.636032 0.800000 -115.036469
v -51.274742 0.800000 -114.347282
v -49.488037 0.800000 -82.660294
v -51.834408 0.800000 -82.773186
v -42.458572 0.800000 -82.524361
v -42.427917 0.800000 -89.868866
v -49.478638 0.800000 -89.955444
v -51.821751 0.800000 -90.016495
v -68.793091 0.800000 -81.170158
v -66.196754 0.800000 -83.772835
v -68.611679 0.800000 -86.285378
v -71.324463 0.800000 -83.755104
v -61.279713 0.800000 -85.917709
v -65.750450 0.800000 -59.676998
v -65.949089 0.800000 -65.040619
v -67.931358 0.800000 -62.485329
v -59.478306 0.800000 -59.578625
v -59.767475 0.800000 -64.993431
v -66.841507 0.800000 -70.509407
v -65.108269 0.800000 -73.276489
v -68.136810 0.800000 -75.862183
v -69.926659 0.800000 -73.085793
v -49.214302 0.800000 -62.713291
v -51.393322 0.800000 -62.641369
v -42.465847 0.800000 -62.941521
v -40.581104 0.800000 -24.814226
v -43.270855 0.800000 -23.085657
v -42.807716 0.800000 -31.293573
v -49.460964 0.800000 -31.041649
v -46.915375 0.800000 -23.912210
v -49.295078 0.800000 -26.189928
v -46.735565 0.800000 -21.607435
v -66.513611 0.800000 -50.320850
v -63.727642 0.800000 -51.704590
v -65.835594 0.800000 -54.344185
v -68.184654 0.800000 -51.746799
v -32.751450 0.800000 -21.129852
v -31.732826 0.800000 -24.473904
v -33.510654 0.800000 -26.741444
v -33.969387 0.800000 -22.615732
v -25.742973 0.800000 -23.878082
v -24.445805 0.800000 -26.684708
v -27.099558 0.800000 -27.901793
v -30.035658 0.800000 -24.795128
v -28.125385 0.800000 -32.095600
v -26.917896 0.800000 -34.412678
v -28.623661 0.800000 -36.571518
v -30.135929 0.800000 -36.488388
v -33.837086 0.800000 -31.636610
v -35.513817 0.800000 -33.997643
v -30.842403 0.800000 -63.902115
v -29.536745 0.800000 -67.267494
v -31.902845 0.800000 -67.879074
v -33.510704 0.800000 -64.774376
v 1.262508 0.800000 -12.942355
v -1.916699 0.800000 -12.342735
v 1.791603 0.800000 -29.142801
v -1.425024 0.800000 -31.027807
v -3.397221 0.800000 -26.367327
v -0.400250 0.800000 -24.704765
v -8.563849 0.800000 -23.415579
v -12.086319 0.800000 -24.674807
v -13.451034 0.800000 -20.487312
v -21.400686 0.800000 -2.113597
v -19.736362 0.800000 -3.921950
v -22.806059 0.800000 -4.432792
v -16.090086 0.800000 -0.824006
v -14.612821 0.800000 -1.687493
v -15.338039 0.800000 -3.849771
v -17.046331 0.800000 -2.968157
v -13.863249 0.800000 -6.705632
v -11.542920 0.800000 -6.785375
v -11.903701 0.800000 -8.546096
v -14.219814 0.800000 -9.368983
v -18.717531 0.800000 -18.636932
v -61.134312 0.800000 -30.727564
v -68.174194 0.800000 -30.651791
v -42.413956 0.800000 -1.173594
v -40.638832 0.800000 -18.643970
v -42.301407 0.800000 -15.293511
v -40.687309 0.800000 -13.038266
v -38.796757 0.800000 -14.801263
v -45.274132 0.800000 -13.393953
v -45.793617 0.800000 -15.219852
v -46.192177 0.800000 -17.229984
v -65.376274 0.800000 -3.756342
v -55.108620 0.800000 -3.654683
v -58.243832 0.800000 -11.289003
v -66.658188 0.800000 -11.119770
v -122.682762 0.800000 -65.201218
v -129.723602 0.800000 -60.310242
v -113.293304 0.800000 -65.210030
v -117.990143 0.800000 -65.198013
v -113.953995 0.800000 -72.409431
v -118.481216 0.800000 -72.304253
v -122.971443 0.800000 -72.332298
v -129.723587 0.800000 -70.157898
v -129.723602 0.800000 -40.614937
v -129.723587 0.800000 -50.462585
v -92.930298 0.800000 -53.375351
v -103.688889 0.800000 -50.486404
v -103.757393 0.800000 -40.605949
v -103.776619 0.800000 -65.259041
v -108.580727 0.800000 -65.222847
v -93.022781 0.800000 -63.478771
v -99.152443 0.800000 -72.347809
v -93.549393 0.800000 -71.924438
v -104.387459 0.800000 -72.531746
v -109.289024 0.800000 -72.521645
v -75.588638 0.800000 -50.485477
v -72.777374 0.800000 -51.621273
v -74.865746 0.800000 -53.999878
v -77.484306 0.800000 -51.455788
v -85.476196 0.800000 -49.873291
v -82.434822 0.800000 -51.950043
v -84.370323 0.800000 -55.043034
v -87.510750 0.800000 -52.929440
v -103.798943 0.800000 -25.843164
v -108.569969 0.800000 -25.843464
v -99.042007 0.800000 -30.759794
v -103.774147 0.800000 -30.765789
v -108.505455 0.800000 -30.767290
v -91.973747 0.800000 -3.686251
v -82.352768 0.800000 -3.691132
v -82.429420 0.800000 -11.074501
v -91.973763 0.800000 -11.071987
v -104.224197 0.800000 -3.686251
v -109.759438 0.800000 -3.686251
v -99.142578 0.800000 -3.686252
v -99.110603 0.800000 -11.071989
v -104.064354 0.800000 -11.071990
v -109.311867 0.800000 -11.071991
v -123.112083 0.800000 -25.843464
v -131.013870 0.800000 -23.381552
v -113.380859 0.800000 -25.843464
v -118.232071 0.800000 -25.843464
v -113.242607 0.800000 -30.767290
v -117.987839 0.800000 -30.767290
v -122.738823 0.800000 -30.767288
v -129.871048 0.800000 -30.767286
v -130.337692 0.800000 -3.682245
v -144.174622 0.800000 -1.224339
v -115.929718 0.800000 -3.686251
v -122.803802 0.800000 -3.685450
v -114.970650 0.800000 -11.071991
v -121.049911 0.800000 -11.071991
v -127.450600 0.800000 -11.071991
v -137.391479 0.800000 -11.071991
v -123.640862 0.800000 -102.124283
v -105.952362 0.800000 -96.506477
v -103.837753 0.800000 -107.124611
v -74.028427 0.800000 -109.213303
v -82.709618 0.800000 -109.283241
v -91.707932 0.800000 -108.844627
v -86.614998 0.800000 -80.409882
v -84.867218 0.800000 -83.507622
v -87.496895 0.800000 -85.555450
v -89.401772 0.800000 -82.498550
v -78.579117 0.800000 -81.521523
v -76.140930 0.800000 -83.886017
v -78.149254 0.800000 -86.437477
v -80.530426 0.800000 -84.031326
v -77.773972 0.800000 -91.027725
v -82.811867 0.800000 -90.799797
v -92.930801 0.800000 -91.418808
v -90.550323 0.800000 -87.747551
v -94.852951 0.800000 -82.028572
v -103.651733 0.800000 -89.674934
v -110.325401 0.800000 -89.531609
v -116.452942 0.800000 -89.120712
v -121.011940 0.800000 -87.889763
v -63.855782 0.800000 15.498556
v -51.578438 0.800000 14.815930
v -42.099888 0.800000 14.057252
v -43.184963 0.800000 6.511312
v -52.664814 0.800000 35.582798
v -61.139935 0.800000 34.421764
v -39.495605 0.800000 27.243799
v -65.334259 0.800000 30.038591
v -64.403099 0.800000 20.020203
v -12.217421 0.800000 9.867212
v -14.091649 0.800000 8.458131
v -14.565268 0.800000 9.809120
v -12.714622 0.800000 11.142261
v -14.752206 0.800000 4.207045
v -16.058687 0.800000 2.322672
v -15.320927 0.800000 5.476341
v -19.084074 0.800000 3.334912
v -20.913359 0.800000 1.634684
v -21.633921 0.800000 3.326715
v -19.699549 0.800000 4.921093
v -16.999039 0.800000 9.744604
v -18.661034 0.800000 8.142137
v -19.649693 0.800000 9.684003
v -17.976488 0.800000 11.218875
v -3.364862 0.800000 23.783260
v -3.869122 0.800000 21.743334
v -5.480142 0.800000 22.160379
v -4.920123 0.800000 24.033154
v -1.127200 0.800000 18.396666
v -1.829102 0.800000 16.245380
v -3.547991 0.800000 17.262434
v -2.836882 0.800000 19.179911
v -5.982491 0.800000 16.350826
v -6.835113 0.800000 14.691112
v -8.344834 0.800000 15.415989
v -7.554086 0.800000 17.051714
v -7.838817 0.800000 21.073582
v -8.498035 0.800000 19.450636
v -10.316216 0.800000 20.387436
v -9.722175 0.800000 22.010288
v -67.855553 0.800000 49.081558
v -18.597464 0.800000 47.789822
v -24.175306 0.800000 50.528446
v -21.867203 0.800000 51.850460
v -19.774937 0.800000 53.310616
v -27.669054 0.800000 43.003510
v -31.221514 0.800000 46.418076
v -28.876484 0.800000 47.825897
v -37.902267 0.800000 57.429420
v -30.832760 0.800000 62.871338
v -44.743229 0.800000 65.290726
v -68.343399 0.800000 93.160439
v -58.948338 0.800000 92.359138
v -59.000595 0.800000 85.020493
v -68.351082 0.800000 85.522568
v -47.179771 0.800000 92.356026
v -54.240074 0.800000 92.345192
v -42.455368 0.800000 92.319199
v -42.651886 0.800000 84.893616
v -47.438114 0.800000 85.190857
v -54.365070 0.800000 85.089882
v -47.169926 0.800000 114.481895
v -54.223946 0.800000 114.485580
v -42.547462 0.800000 114.467133
v -47.161865 0.800000 107.098976
v -54.223946 0.800000 107.099861
v -68.059242 0.800000 114.711357
v -58.933510 0.800000 114.492035
v -58.933643 0.800000 107.116661
v -68.064278 0.800000 107.688446
v -23.581285 0.800000 92.283501
v -24.019878 0.800000 99.682449
v -22.828876 0.800000 84.617371
v -23.402187 0.800000 89.769371
v -30.020994 0.800000 84.312897
v -30.503342 0.800000 89.685982
v -30.630312 0.800000 92.254349
v -30.896933 0.800000 99.704506
v -7.089126 0.800000 92.230370
v -7.408529 0.800000 99.501938
v -6.725307 0.800000 84.524765
v -6.990721 0.800000 89.722511
v -13.432894 0.800000 116.902237
v -11.076160 0.800000 114.044067
v -15.781573 0.800000 115.291885
v -4.312945 0.800000 116.747078
v -1.403276 0.800000 114.283318
v -3.482383 0.800000 111.472672
v -6.301064 0.800000 113.922783
v -17.765331 0.800000 106.955063
v -20.285149 0.800000 115.921257
v -22.718468 0.800000 114.620331
v -22.666807 0.800000 117.141090
v -24.653254 0.800000 107.042320
v -31.272783 0.800000 107.065468
v -31.587576 0.800000 114.350487
v -18.418825 0.800000 130.507706
v -21.633301 0.800000 129.183365
v -23.599169 0.800000 131.770401
v -20.465687 0.800000 133.298019
v -20.225224 0.800000 123.586739
v -22.613941 0.800000 121.595772
v -22.589024 0.800000 123.520256
v -22.435205 0.800000 125.397499
v -30.588789 0.800000 135.391220
v -8.809029 0.800000 150.870667
v -15.928508 0.800000 150.220917
v -1.817395 0.800000 151.671722
v 0.324452 0.800000 144.172455
v -1.879923 0.800000 141.243347
v -3.840374 0.800000 143.659210
v -8.069117 0.800000 142.570435
v -9.843509 0.800000 138.830765
v -12.494675 0.800000 141.267212
v -18.833500 0.800000 158.799988
v -17.471569 0.800000 140.989151
v -20.003746 0.800000 138.399353
v -22.795830 0.800000 141.751495
v -20.361998 0.800000 144.318802
v -30.175518 0.800000 142.675293
v -30.197109 0.800000 150.098053
v -30.630318 0.800000 157.453644
v -68.097885 0.800000 131.029770
v -58.930771 0.800000 132.067566
v -58.933361 0.800000 124.345055
v -68.060921 0.800000 124.102417
v -46.998119 0.800000 131.771317
v -54.185543 0.800000 132.207840
v -47.159206 0.800000 124.323029
v -54.222027 0.800000 124.357674
v -40.067768 0.800000 152.568283
v -114.690491 0.800000 81.123695
v -115.705933 0.800000 83.426270
v -113.563965 0.800000 85.069771
v -111.970848 0.800000 83.975105
v -107.988045 0.800000 94.320831
v -97.428978 0.800000 83.822800
v -99.322044 0.800000 84.951317
v -103.402557 0.800000 87.414024
v -105.299507 0.800000 83.144203
v -107.515541 0.800000 85.468941
v -87.171066 0.800000 101.061615
v -79.993240 0.800000 97.336281
v -80.063774 0.800000 88.212067
v -87.563988 0.800000 85.561066
v -85.986053 0.800000 111.430855
v -74.358009 0.800000 115.259659
v -77.817574 0.800000 132.834518
v -81.766052 0.800000 123.185577
v -148.561539 0.800000 16.009052
v -125.892105 0.800000 16.164326
v -131.110794 0.800000 16.453434
v -114.599129 0.800000 16.009054
v -120.282501 0.800000 16.040112
v -123.181839 0.800000 33.215405
v -127.947296 0.800000 33.191216
v -113.486015 0.800000 33.221626
v -118.349617 0.800000 33.223122
v -148.598404 0.800000 35.704365
v -141.744995 0.800000 33.110809
v -148.598404 0.800000 25.856710
v -104.002434 0.800000 16.009054
v -109.138489 0.800000 16.009054
v -99.098228 0.800000 16.009054
v -91.973755 0.800000 16.009054
v -82.261208 0.800000 15.978344
v -91.834915 0.800000 33.219383
v -82.187729 0.800000 33.129261
v -103.790527 0.800000 33.216370
v -108.626343 0.800000 33.218159
v -98.983078 0.800000 33.216274
v -105.743858 0.800000 58.298824
v -106.170120 0.800000 55.569149
v -108.935097 0.800000 56.833244
v -95.299942 0.800000 58.476601
v -92.316879 0.800000 57.331360
v -95.328140 0.800000 56.911106
v -98.303253 0.800000 56.892155
v -98.488815 0.800000 45.355446
v -103.865402 0.800000 45.354370
v -109.425743 0.800000 45.378216
v -74.150726 0.800000 46.010643
v -85.358788 0.800000 58.654469
v -86.993607 0.800000 79.105179
v -84.029915 0.800000 76.529991
v -85.864365 0.800000 73.859390
v -88.868156 0.800000 76.187012
v -82.009827 0.800000 79.369255
v -85.195877 0.800000 68.886856
v -82.927658 0.800000 66.090530
v -85.216660 0.800000 63.945221
v -87.417542 0.800000 66.818924
v -146.533981 0.800000 57.861580
v -119.542252 0.800000 55.666862
v -119.513397 0.800000 58.343380
v -115.131882 0.800000 45.406792
v -126.346428 0.800000 45.310627
v -131.778763 0.800000 60.208847
v -126.066216 0.800000 74.675362
v -132.082947 0.800000 77.556877
v -116.131500 0.800000 76.410843
v -113.914589 0.800000 74.037331
v -117.974457 0.800000 72.061409
v -120.173950 0.800000 74.391716
v -115.433044 0.800000 65.783699
v -119.449081 0.800000 63.283012
v -142.589432 0.800000 65.247314
v 84.271027 0.800000 73.777992
v 75.959106 0.800000 74.025864
v 90.104988 0.800000 73.444221
v 81.752281 0.800000 59.752766
v 74.770447 0.800000 60.082634
v 87.947609 0.800000 -30.684153
v 84.450394 0.800000 -30.213614
v 78.886528 0.800000 -29.724024
v 2.246612 0.800000 -81.752243
v 10.787564 0.800000 -82.267204
v 15.060611 0.800000 -93.354416
v 12.889008 0.800000 -94.374573
v 9.371133 0.800000 -89.260788
v 1.571390 0.800000 -89.551811
v -0.029019 0.800000 -121.861351
v -2.333976 0.800000 -124.375153
v -4.672987 0.800000 -121.829491
v -2.383389 0.800000 -119.370201
v 0.058570 0.800000 -132.555389
v -2.311815 0.800000 -135.103638
v -4.654817 0.800000 -131.998596
v -2.311332 0.800000 -129.590729
v -9.280032 0.800000 -131.267075
v -11.647891 0.800000 -133.074478
v -13.789519 0.800000 -130.255539
v -11.480031 0.800000 -128.547501
v -9.252330 0.800000 -121.691719
v -11.453731 0.800000 -123.922447
v -13.698123 0.800000 -121.389618
v -11.555840 0.800000 -119.185173
v -17.940676 0.800000 -120.854263
v -19.723427 0.800000 -122.522171
v -21.889248 0.800000 -120.387230
v -20.253958 0.800000 -118.488518
v -20.676758 0.800000 -128.955276
v -22.173800 0.800000 -126.218643
v -19.839397 0.800000 -125.960991
v -18.136522 0.800000 -128.598221
v -28.486383 0.800000 -119.539169
v -25.470535 0.800000 -120.806374
v -25.675982 0.800000 -123.198967
v -28.897661 0.800000 -122.261932
v 3.688272 0.800000 47.738205
v -1.979437 0.800000 54.297527
v 5.436886 0.800000 40.036240
v 4.183438 0.800000 39.943619
v 4.964567 0.800000 42.535183
v 1.801845 0.800000 39.539772
v 1.196486 0.800000 37.483406
v -0.474160 0.800000 38.944061
v -0.085891 0.800000 41.054531
v -1.725341 0.800000 47.845486
v -2.100080 0.800000 44.608768
v -4.883009 0.800000 44.838135
v -4.505513 0.800000 48.506725
v -19.146873 0.800000 71.020439
v -21.734928 0.800000 79.252144
v -19.142035 0.800000 63.723427
v -23.681576 0.800000 69.423515
v -13.153184 0.800000 69.503761
v -5.112309 0.800000 70.082657
v -3.442578 0.800000 60.452759
v 1.564204 0.800000 23.833431
v 0.094225 0.800000 26.023483
v -1.477282 0.800000 25.842457
v -1.369867 0.800000 27.959299
v 0.100946 0.800000 28.270527
v 2.453528 0.800000 32.116764
v 1.190823 0.800000 31.032356
v 0.548156 0.800000 32.941418
v 1.614740 0.800000 34.106140
v -36.614857 0.800000 44.031219
v -55.702118 0.800000 43.493481
v -12.507781 0.800000 19.416248
v -12.623818 0.800000 17.683668
v -14.263783 0.800000 17.951376
v -15.899324 0.800000 20.980484
v -11.846902 0.800000 13.547141
v -12.831544 0.800000 14.600932
v -11.804436 0.800000 15.697389
v -10.621482 0.800000 14.792139
v -17.830153 0.800000 15.556486
v -15.731081 0.800000 16.180868
v -15.115589 0.800000 14.823318
v -17.042871 0.800000 13.940274
v -23.599890 0.800000 16.535725
v -24.659676 0.800000 18.933487
v -21.020061 0.800000 17.005173
v -31.339413 0.800000 19.200729
v -26.682577 0.800000 19.844933
v -29.126934 0.800000 27.317696
v -30.248875 0.800000 30.623346
v -26.525898 0.800000 30.921196
v -25.839102 0.800000 27.612906
v -21.671610 0.800000 24.700483
v -18.790771 0.800000 24.714655
v -17.629416 0.800000 22.151337
v 55.062088 0.800000 46.530743
v 52.992733 0.800000 28.372795
v 46.157154 0.800000 33.904686
v 55.087021 0.800000 34.917542
v 54.710274 0.800000 40.690132
v -26.146450 0.800000 -4.772883
v -29.588142 0.800000 -4.942768
v -28.247572 0.800000 -2.416195
v -25.497271 0.800000 -18.825872
v -27.994711 0.800000 -15.389575
v -24.005713 0.800000 -7.188607
v -31.841629 0.800000 -14.697988
v -33.182377 0.800000 -16.640390
v -35.362450 0.800000 -14.527758
v -33.855141 0.800000 -12.127371
v -32.989449 0.800000 -4.604841
v -36.333603 0.800000 -4.264824
v -34.892929 0.800000 -1.551950
v -28.715548 0.800000 -44.195580
v -30.847610 0.800000 -45.585720
v -29.440247 0.800000 -41.214550
v -13.182005 0.800000 -55.407707
v -17.618149 0.800000 -52.618687
v -14.244251 0.800000 -50.765083
v -28.052784 0.800000 -57.701149
v -26.981670 0.800000 -55.505451
v -21.871984 0.800000 -49.641567
v -24.854345 0.800000 -50.686512
v -25.561796 0.800000 -46.515457
v -22.727308 0.800000 -45.306221
v -3.273469 0.800000 -71.520699
v -5.229314 0.800000 -72.199371
v -1.266463 0.800000 -70.496422
v -13.218204 0.800000 -70.519989
v -9.126762 0.800000 -72.206802
v -6.061658 0.800000 -59.198750
v -6.055725 0.800000 -64.004936
v -8.761338 0.800000 -64.011726
v -9.192066 0.800000 -59.209942
v 28.600264 0.800000 -38.843700
v 22.390471 0.800000 -50.183540
v 9.355731 0.800000 -67.637093
v 2.603422 0.800000 -78.833580
v 18.601158 0.800000 -60.048836
v 101.850044 0.800000 -124.960716
v 103.030067 0.800000 -127.307579
v 84.942772 0.800000 -126.720543
v 77.900383 0.800000 -126.781853
v 84.973854 0.800000 -104.627869
v 77.900368 0.800000 -104.624657
v 103.682884 0.800000 -104.720818
v 108.567490 0.800000 -104.515678
v 113.659492 0.800000 -104.098961
v 84.943092 0.800000 -67.692719
v 77.899399 0.800000 -67.617012
v 110.681747 0.800000 -73.775558
v 109.601707 0.800000 -48.411892
v 84.175583 0.800000 -46.208641
v 77.925934 0.800000 -46.116856
v 120.375275 0.800000 -49.195202
v 121.695023 0.800000 -43.434883
v 115.073769 0.800000 -74.168686
v 129.470718 0.800000 -30.791771
v 114.858421 0.800000 -27.589575
v 142.217270 0.800000 -29.892904
v 140.289856 0.800000 -23.202841
v 141.413269 0.800000 -8.708039
v 140.990311 0.800000 -17.080118
v 134.273880 0.800000 -8.776935
v 122.688042 0.800000 -9.459507
v 124.980721 0.800000 -1.693840
v 129.637421 0.800000 -9.059805
v 122.588982 0.800000 -17.332346
v 115.436317 0.800000 -9.723004
v 109.444389 0.800000 -27.201624
v 105.486588 0.800000 -2.368009
v 110.347710 0.800000 -10.098513
v 85.453407 0.800000 -10.484294
v 79.122238 0.800000 -9.977494
v 8.983813 0.800000 -61.402668
v 7.649662 0.800000 -59.028397
v 1.453704 0.800000 -48.185760
v 30.811789 0.800000 -67.861511
v 37.805222 0.800000 -67.743904
v 28.526806 0.800000 -67.943962
v 19.882318 0.800000 -69.192589
v 33.918156 0.800000 -51.518158
v 38.680443 0.800000 -49.428558
v 32.836987 0.800000 -54.551777
v 33.185574 0.800000 -50.834576
v 29.359661 0.800000 -47.981438
v 47.382023 0.800000 -53.065289
v 47.411209 0.800000 -45.659328
v 48.132957 0.800000 -38.310631
v 47.311195 0.800000 -57.925434
v 63.753036 0.800000 -67.662148
v 63.891052 0.800000 -52.383411
v 51.075920 0.800000 -27.393036
v 64.484337 0.800000 -9.678785
v 64.863670 0.800000 -17.275143
v 50.060711 0.800000 -22.620117
v 13.044126 0.800000 -19.461096
v 8.862449 0.800000 -12.212068
v 18.084679 0.800000 -23.671789
v 21.777578 0.800000 -20.963554
v 16.801224 0.800000 -26.562687
v 19.823544 0.800000 -33.243668
v 12.512714 0.800000 -23.387358
v 26.346935 0.800000 -7.415555
v 26.503645 0.800000 -2.101624
v 35.668232 0.800000 -14.059577
v 24.116186 0.800000 -17.126205
v 22.696293 0.800000 -7.865925
v 16.000284 0.800000 -3.940953
v 9.478855 0.800000 -144.630768
v 4.760130 0.800000 -141.245605
v 14.197581 0.800000 -148.323639
v 18.916307 0.800000 -151.708801
v 33.072483 0.800000 -155.401688
v 37.791206 0.800000 -154.170715
v 28.353756 0.800000 -155.401688
v 23.635033 0.800000 -154.170715
v 32.816101 0.800000 -117.376907
v 29.499622 0.800000 -125.918434
v 16.863865 0.800000 -126.367485
v 2.347427 0.800000 -124.400650
v 11.608964 0.800000 -118.953491
v 2.426964 0.800000 -129.729187
v 2.499074 0.800000 -135.815292
v 51.947388 0.800000 -144.630768
v 56.666111 0.800000 -141.245605
v 47.228657 0.800000 -148.323639
v 42.509933 0.800000 -151.708801
v 63.873024 0.800000 -129.529388
v 63.788010 0.800000 -135.106354
v 41.702404 0.800000 -125.320450
v 48.561920 0.800000 -106.055519
v 44.059940 0.800000 -105.644379
v 63.889477 0.800000 -104.533737
v 63.747047 0.800000 -84.927589
v 63.769131 0.800000 -92.299515
v 47.054943 0.800000 -84.917900
v 49.515423 0.800000 -94.787155
v 11.565543 0.800000 -106.256805
v 15.544454 0.800000 -105.918503
v 10.977597 0.800000 -113.864937
v 1.534273 0.800000 -104.382401
v 32.765564 0.800000 -92.230904
v 26.788288 0.800000 -94.185966
v 22.192455 0.800000 -91.737923
v 84.963615 0.800000 11.007421
v 77.950096 0.800000 11.026432
v 105.908684 0.800000 11.144258
v 109.887863 0.800000 11.222868
v 105.096451 0.800000 3.094919
v 84.894821 0.800000 28.317633
v 77.864357 0.800000 28.309359
v 137.360199 0.800000 11.965519
v 122.267326 0.800000 26.017017
v 123.497406 0.800000 54.206146
v 122.632019 0.800000 67.813629
v 82.060524 0.800000 52.153515
v 75.335182 0.800000 52.412571
v 86.153931 0.800000 91.358910
v 77.784714 0.800000 91.315041
v 85.051460 0.800000 109.551605
v 78.309601 0.800000 109.554260
v 122.956139 0.800000 84.968399
v 120.728691 0.800000 107.741226
v 120.450249 0.800000 106.436386
v 84.613144 0.800000 126.377220
v 9.490358 0.800000 89.728554
v 2.435282 0.800000 89.755295
v 30.399012 0.800000 111.667976
v 30.738737 0.800000 116.138252
v 30.341076 0.800000 108.964386
v 34.281826 0.800000 108.745483
v 45.785923 0.800000 96.199188
v 49.953899 0.800000 88.965256
v 52.663628 0.800000 89.135376
v 44.578640 0.800000 88.833740
v 37.021744 0.800000 88.998756
v 65.531281 0.800000 92.620369
v 68.320007 0.800000 97.395996
v 63.032032 0.800000 90.037773
v 62.971241 0.800000 85.304474
v 67.541031 0.800000 109.458969
v 66.748390 0.800000 104.611656
v 63.098183 0.800000 109.376556
v 51.594086 0.800000 121.922859
v 67.625145 0.800000 124.442047
v 7.483416 0.800000 129.821793
v 5.063179 0.800000 129.898636
v 30.672836 0.800000 126.648209
v 31.381025 0.800000 120.710815
v 29.216990 0.800000 144.675354
v 27.586744 0.800000 138.549301
v 9.811567 0.800000 147.374771
v 2.510684 0.800000 144.343338
v 18.798693 0.800000 7.320556
v 35.455376 0.800000 9.596830
v 26.338896 0.800000 2.547085
v 15.239381 0.800000 6.757998
v 16.400322 0.800000 22.209982
v 10.631536 0.800000 25.074402
v 14.632535 0.800000 22.304138
v 9.914440 0.800000 21.497005
v 6.749100 0.800000 15.202558
v 9.147581 0.800000 23.583521
v 49.134651 0.800000 10.725937
v 49.433727 0.800000 2.651991
v 46.604927 0.800000 10.569498
v 38.440502 0.800000 9.908879
v 63.655659 0.800000 11.129251
v 63.906845 0.800000 3.446507
v 63.300335 0.800000 23.985083
v 42.954453 0.800000 25.799229
v 44.496181 0.800000 23.926228
v 62.927719 0.800000 52.227993
v 62.441570 0.800000 59.500565
v 62.357689 0.800000 67.357834
v 51.144184 0.800000 63.338593
v 53.559650 0.800000 64.420952
v 46.030800 0.800000 60.779900
v 38.575775 0.800000 57.505951
v 11.063323 0.800000 64.395851
v 3.999954 0.800000 65.249657
v -25.875881 0.800000 -104.611427
v -25.319445 0.800000 -114.191002
v -25.911587 0.800000 -97.238922
v -7.137917 0.800000 -104.593803
v -7.053390 0.800000 -114.432037
v -7.161631 0.800000 -97.203987
v -7.120615 0.800000 -84.822586
v -26.126642 0.800000 -85.035011
v -26.574934 0.800000 -80.347557
v -59.594830 0.800000 -102.481316
v -51.582096 0.800000 -104.100029
v -42.411125 0.800000 -104.638245
v -49.350544 0.800000 -104.314781
v -63.689278 0.800000 -86.084602
v -63.613674 0.800000 -81.204056
v -61.804821 0.800000 -64.978355
v -61.492275 0.800000 -59.510349
v -62.421402 0.800000 -70.524055
v -63.147770 0.800000 -75.986389
v -64.180061 0.800000 -67.763199
v -68.428719 0.800000 -67.788628
v -42.571922 0.800000 -70.351875
v -49.332146 0.800000 -70.231300
v -51.574432 0.800000 -70.257835
v -42.767288 0.800000 -28.839767
v -38.758942 0.800000 -28.975025
v -47.129818 0.800000 -28.685587
v -44.847878 0.800000 -26.353701
v -44.631805 0.800000 -21.687817
v -61.798748 0.800000 -49.344574
v -61.502003 0.800000 -54.280834
v -31.183018 0.800000 -26.023615
v -32.147961 0.800000 -29.316929
v -26.228870 0.800000 -30.229656
v -32.624352 0.800000 -34.072987
v -35.243259 0.800000 -29.113138
v -30.342182 0.800000 -72.153770
v -34.008373 0.800000 -71.402039
v -27.447294 0.800000 -71.629639
v -25.005688 0.800000 -69.321785
v -5.363040 0.800000 -22.156549
v -6.596542 0.800000 -27.587542
v -17.961081 0.800000 -5.298455
v -18.534986 0.800000 -1.722351
v -16.011734 0.800000 -6.220461
v -13.388485 0.800000 -4.368966
v -18.681614 0.800000 -6.796233
v -22.386286 0.800000 -6.872607
v -42.495029 0.800000 -11.811165
v -43.798733 0.800000 -13.655429
v -44.268795 0.800000 -17.335691
v -44.451473 0.800000 -11.767983
v -45.708740 0.800000 -7.959760
v -62.682571 0.800000 -6.224645
v -62.080551 0.800000 -3.751801
v -129.723587 0.800000 -65.234070
v -117.926773 0.800000 -50.462589
v -113.208046 0.800000 -50.462593
v -122.645508 0.800000 -50.462589
v -129.723587 0.800000 -45.538757
v -93.693367 0.800000 -47.962074
v -93.726456 0.800000 -67.699203
v -80.739319 0.800000 -46.910839
v -80.348442 0.800000 -49.241360
v -79.513550 0.800000 -53.974239
v -83.312820 0.800000 -47.134754
v -88.506821 0.800000 -47.643192
v -82.378235 0.800000 -6.152164
v -91.973763 0.800000 -6.148163
v -104.179550 0.800000 -6.148165
v -109.634438 0.800000 -6.148165
v -122.307930 0.800000 -6.148165
v -115.661873 0.800000 -6.148165
v -129.501221 0.800000 -6.148165
v -140.930511 0.800000 -6.148164
v -112.955772 0.800000 -102.536064
v -119.180199 0.800000 -106.701904
v -82.788467 0.800000 -104.516579
v -75.577751 0.800000 -104.410568
v -90.398857 0.800000 -104.278961
v -82.744934 0.800000 -86.214935
v -82.641617 0.800000 -81.513596
v -96.423286 0.800000 -87.382301
v -106.952042 0.800000 -82.258636
v -112.241692 0.800000 -82.019073
v -120.502373 0.800000 -80.934151
v -116.726944 0.800000 -81.486946
v -123.635574 0.800000 -85.818047
v -129.686737 0.800000 -82.467461
v -60.026875 0.800000 15.318359
v -42.913441 0.800000 10.400252
v -45.299599 0.800000 34.901516
v -46.050377 0.800000 30.370188
v -50.648804 0.800000 27.199965
v -15.800909 0.800000 6.852228
v -13.725436 0.800000 7.159918
v -17.982864 0.800000 6.618629
v -20.271307 0.800000 6.459119
v -16.314102 0.800000 8.284243
v -15.228355 0.800000 11.174723
v -4.492939 0.800000 19.808876
v -2.235271 0.800000 21.345650
v -5.202925 0.800000 18.026405
v -4.348342 0.800000 15.605015
v -6.827127 0.800000 18.698561
v -9.112347 0.800000 17.819773
v -6.132259 0.800000 20.387926
v -7.136347 0.800000 22.689568
v -63.116142 0.800000 54.210567
v -69.443199 0.800000 54.639038
v -23.366196 0.800000 45.658108
v -44.793018 0.800000 75.771942
v -48.577881 0.800000 71.116570
v -59.273361 0.800000 68.130295
v -68.299583 0.800000 67.958366
v -58.958755 0.800000 89.905724
v -63.659023 0.800000 90.088982
v -63.669415 0.800000 85.125336
v -68.355515 0.800000 90.628311
v -47.227470 0.800000 89.935699
v -54.264267 0.800000 89.908524
v -63.569714 0.800000 114.550072
v -28.124689 0.800000 89.728325
v -27.577774 0.800000 84.473602
v -28.276714 0.800000 92.270393
v -28.608383 0.800000 99.699738
v -8.973186 0.800000 116.376389
v -29.452717 0.800000 114.350929
v -24.430325 0.800000 127.579849
v -19.802488 0.800000 126.951393
v -28.706306 0.800000 130.407227
v -30.977180 0.800000 130.705978
v -28.217916 0.800000 135.038116
v -1.760819 0.800000 143.978302
v -5.766123 0.800000 140.473648
v -8.336140 0.800000 145.386642
v -27.818329 0.800000 142.461655
v -27.903685 0.800000 150.238403
v -25.911591 0.800000 158.415329
v -34.633614 0.800000 142.783279
v -40.742157 0.800000 142.426636
v -40.456051 0.800000 147.103638
v -44.786499 0.800000 148.952362
v -121.679657 0.800000 81.425491
v -117.926796 0.800000 92.328354
v -101.344986 0.800000 84.623520
v -109.829208 0.800000 87.539070
v -80.063301 0.800000 94.355400
v -87.285149 0.800000 97.121140
v -81.646172 0.800000 115.205650
v -77.977325 0.800000 110.689201
v -79.343636 0.800000 105.234100
v -78.165054 0.800000 127.500374
v -80.176941 0.800000 130.949631
v -143.192413 0.800000 15.581995
v -148.229752 0.800000 11.085228
v -122.197731 0.800000 8.656173
v -115.661865 0.800000 8.623314
v -128.950180 0.800000 8.787602
v -135.212601 0.800000 9.275658
v -118.291512 0.800000 28.318604
v -113.429535 0.800000 28.314455
v -123.136169 0.800000 28.332447
v -127.919525 0.800000 28.362226
v -141.744080 0.800000 28.450010
v -148.598404 0.800000 30.780537
v -104.179550 0.800000 8.623315
v -109.634445 0.800000 8.623314
v -82.261269 0.800000 8.610895
v -91.973763 0.800000 8.623314
v -82.339935 0.800000 28.211916
v -91.945984 0.800000 28.314007
v -103.802223 0.800000 28.313408
v -108.594147 0.800000 28.313761
v -100.437462 0.800000 57.903957
v -103.359207 0.800000 55.388927
v -112.235252 0.800000 55.951557
v -81.039558 0.800000 53.018925
v -81.436676 0.800000 45.496662
v -80.915977 0.800000 68.445282
v -83.261185 0.800000 71.226006
v -87.609665 0.800000 71.500359
v -142.562332 0.800000 48.893089
v -142.973740 0.800000 44.137699
v -147.861084 0.800000 52.937752
v -122.869438 0.800000 52.902824
v -115.787277 0.800000 55.866154
v -120.849228 0.800000 45.402550
v -123.692368 0.800000 60.535591
v -119.405373 0.800000 65.516380
v -115.260292 0.800000 69.892334
v -138.792343 0.800000 70.171143
v 83.007896 0.800000 68.092133
v 75.265816 0.800000 68.398224
v 84.884048 0.800000 -26.531061
v 79.292053 0.800000 -25.902319
v -4.648874 0.800000 -126.838730
v 0.028744 0.800000 -127.008575
v -6.959417 0.800000 -129.161209
v -7.005966 0.800000 -134.135544
v -9.218938 0.800000 -126.498955
v -13.614794 0.800000 -125.923546
v -6.957547 0.800000 -124.227768
v -6.999424 0.800000 -119.330322
v -21.308325 0.800000 -123.699913
v -17.762112 0.800000 -124.942619
v -23.136984 0.800000 -123.886642
v -24.940811 0.800000 -125.768867
v -23.040983 0.800000 -122.065048
v -24.379387 0.800000 -118.518570
v 2.962773 0.800000 44.753693
v 2.362550 0.800000 41.982239
v 3.413745 0.800000 37.632957
v 0.286815 0.800000 43.602055
v -2.289818 0.800000 42.020088
v 0.744086 0.800000 46.566711
v -20.612251 0.800000 68.119720
v -21.520939 0.800000 66.503593
v -22.305231 0.800000 70.560257
v -26.258163 0.800000 78.958618
v -11.995342 0.800000 62.058372
v 1.686973 0.800000 26.508499
v -0.128767 0.800000 23.576612
v 1.566374 0.800000 28.893032
v -0.125307 0.800000 30.319929
v -48.393349 0.800000 43.005020
v -52.999310 0.800000 48.411922
v -59.475441 0.800000 52.301689
v -12.934913 0.800000 16.377716
v -11.172266 0.800000 17.050394
v -13.702682 0.800000 15.524536
v -14.299454 0.800000 13.624835
v -14.138353 0.800000 16.538656
v -18.465622 0.800000 17.475340
v -27.259872 0.800000 18.213404
v -27.635370 0.800000 24.233675
v -32.663200 0.800000 26.670074
v -24.614475 0.800000 24.593214
v -22.913528 0.800000 27.618519
v -20.379717 0.800000 22.049944
v 53.044380 0.800000 49.456284
v 54.892891 0.800000 50.268780
v 49.889614 0.800000 46.779911
v 50.667469 0.800000 30.138430
v 49.524017 0.800000 35.180977
v 47.389053 0.800000 40.774757
v -29.765667 0.800000 -17.502542
v -31.659895 0.800000 -2.353284
v -31.862553 0.800000 -44.842800
v -31.349567 0.800000 -42.990009
v -30.619453 0.800000 -48.659599
v -42.745049 0.800000 -50.642178
v -49.250568 0.800000 -50.465294
v -51.429226 0.800000 -50.321674
v -20.725809 0.800000 -60.993210
v -21.732065 0.800000 -63.467636
v -20.836748 0.800000 -53.952072
v -18.764486 0.800000 -48.360031
v -7.211378 0.800000 -70.247971
v -7.168810 0.800000 -72.454140
v -8.841591 0.800000 -69.875931
v -12.419620 0.800000 -67.751518
v -5.605247 0.800000 -69.869850
v -2.193602 0.800000 -67.730423
v 24.074213 0.800000 -45.520687
v 25.892660 0.800000 -46.263054
v 20.736927 0.800000 -48.691463
v 15.057794 0.800000 -70.846352
v 14.476984 0.800000 -72.113960
v 11.420014 0.800000 -80.048569
v 102.934044 0.800000 -116.176880
v 96.436600 0.800000 -116.580780
v 107.834801 0.800000 -124.166069
v 111.226395 0.800000 -119.396111
v 103.705917 0.800000 -128.474411
v 99.134651 0.800000 -132.013412
v 96.114006 0.800000 -127.543976
v 96.517235 0.800000 -131.474869
v 89.697197 0.800000 -135.860153
v 94.415924 0.800000 -134.475327
v 84.978470 0.800000 -136.475632
v 80.259743 0.800000 -136.629501
v 96.549484 0.800000 -99.936455
v 103.421753 0.800000 -100.098328
v 108.392395 0.800000 -99.623924
v 114.359909 0.800000 -98.373726
v 116.240036 0.800000 -103.855309
v 117.714645 0.800000 -97.546669
v 115.060356 0.800000 -109.394608
v 113.585754 0.800000 -114.472290
v 96.291435 0.800000 -81.873611
v 96.146271 0.800000 -93.003014
v 77.892136 0.800000 -57.184998
v 115.433151 0.800000 -78.108688
v 118.746864 0.800000 -94.007675
v 93.759117 0.800000 -37.315380
v 114.550667 0.800000 -54.334953
v 127.594475 0.800000 -72.465950
v 132.165741 0.800000 -62.772156
v 123.465591 0.800000 -81.698112
v 120.074005 0.800000 -90.160934
v 129.596771 0.800000 -23.751362
v 133.825455 0.800000 -39.236290
v 134.525101 0.800000 -57.848331
v 145.584610 0.800000 -33.998543
v 148.976181 0.800000 -25.535723
v 141.455734 0.800000 -43.230721
v 136.884460 0.800000 -52.924503
v 150.303329 0.800000 -21.688982
v 135.650299 0.800000 2.989303
v 153.399994 0.800000 1.237576
v 153.252533 0.800000 -6.302030
v 153.399994 0.800000 -1.224336
v 152.662689 0.800000 -11.841333
v 151.335556 0.800000 -18.149984
v 133.151321 0.800000 0.300184
v 122.969810 0.800000 0.833592
v 119.036484 0.800000 1.987345
v 126.894196 0.800000 1.215386
v 130.412460 0.800000 2.995320
v 116.300003 0.800000 -0.902460
v 109.653419 0.800000 -22.475471
v 94.598701 0.800000 -23.351921
v 105.367798 0.800000 0.376281
v 107.855011 0.800000 0.598406
v 113.475143 0.800000 1.702663
v 85.273079 0.800000 -22.658854
v 0.311780 0.800000 -61.677471
v 2.767385 0.800000 -67.375328
v -2.885106 0.800000 -60.331173
v -6.151961 0.800000 -53.300289
v -1.814402 0.800000 -46.471397
v -5.913366 0.800000 -47.926350
v 0.960131 0.800000 -43.881065
v 1.733194 0.800000 -40.422802
v 6.689704 0.800000 -41.861252
v 42.480003 0.800000 -70.157745
v 29.667778 0.800000 -79.733818
v 37.268169 0.800000 -79.859306
v 27.169664 0.800000 -79.715553
v 17.774376 0.800000 -79.932686
v 42.528503 0.800000 -36.795727
v 25.747993 0.800000 -52.587345
v 59.655067 0.800000 -37.982410
v 42.265850 0.800000 -79.937302
v 64.433273 0.800000 -37.294971
v 71.629662 0.800000 -36.379890
v 78.284142 0.800000 -35.930401
v 60.077988 0.800000 -22.903397
v 65.027756 0.800000 -21.926329
v 72.608315 0.800000 -21.531668
v 79.558800 0.800000 -21.947571
v 64.092735 0.800000 -1.766440
v 71.404091 0.800000 -1.709370
v 38.242878 0.800000 -28.313774
v 5.586182 0.800000 -9.005122
v 3.215141 0.800000 -9.604344
v 7.754526 0.800000 -8.027422
v 9.637658 0.800000 -6.680799
v 19.744385 0.800000 -15.716206
v 13.522250 0.800000 -9.130676
v 26.178347 0.800000 -22.507017
v 33.239075 0.800000 -30.005774
v 24.580242 0.800000 -36.013607
v 32.310658 0.800000 -35.532368
v 8.167760 0.800000 -37.665257
v 4.945396 0.800000 -26.523752
v 3.770594 0.800000 -33.897625
v 23.147263 0.800000 0.803591
v 16.435932 0.800000 1.839248
v 29.665768 0.800000 -0.053666
v 35.862877 0.800000 -0.613588
v 12.250536 0.800000 -2.980968
v 11.153067 0.800000 -4.974804
v 12.912145 0.800000 -0.832795
v 13.119977 0.800000 1.336213
v 30.696920 0.800000 -114.577141
v 25.908205 0.800000 -113.706596
v 35.366947 0.800000 -114.138824
v 39.227192 0.800000 -112.589684
v 41.580765 0.800000 -115.762871
v 22.785324 0.800000 -116.958046
v 13.875464 0.800000 -116.029091
v 19.696970 0.800000 -114.529297
v 63.989189 0.800000 -116.780907
v 70.850281 0.800000 -116.916687
v 77.900383 0.800000 -116.934204
v 70.822289 0.800000 -136.783371
v 75.541016 0.800000 -136.629501
v 66.103561 0.800000 -137.398849
v 61.384838 0.800000 -138.783691
v 59.317841 0.800000 -129.525650
v 59.063892 0.800000 -135.729721
v 59.499626 0.800000 -124.116219
v 43.940125 0.800000 -113.300964
v 46.990784 0.800000 -97.341721
v 40.738602 0.800000 -98.224464
v 59.230576 0.800000 -99.572495
v 59.374149 0.800000 -104.406479
v 59.510887 0.800000 -109.244728
v 59.613434 0.800000 -116.566299
v 42.150116 0.800000 -107.060837
v 41.586555 0.800000 -110.127777
v 41.019131 0.800000 -103.806290
v 38.294861 0.800000 -100.781586
v 63.829651 0.800000 -99.647362
v 70.832047 0.800000 -99.694733
v 77.900383 0.800000 -99.700836
v 59.085297 0.800000 -92.277672
v 59.032314 0.800000 -84.925095
v 59.025475 0.800000 -80.005539
v 37.650242 0.800000 -95.795715
v 15.075389 0.800000 -97.418213
v 16.920607 0.800000 -103.737434
v 17.091579 0.800000 -100.108017
v 18.575039 0.800000 -107.741951
v 21.691898 0.800000 -111.329140
v 28.897249 0.800000 -96.971100
v 34.078552 0.800000 -98.404121
v 23.703773 0.800000 -96.659454
v 19.450943 0.800000 -97.646118
v 17.434752 0.800000 -94.956299
v 95.753983 0.800000 18.684181
v 107.327148 0.800000 21.269848
v 109.737175 0.800000 20.810015
v 111.384384 0.800000 13.582228
v 111.800690 0.800000 17.835529
v 112.777641 0.800000 8.960374
v 115.491386 0.800000 4.814052
v 107.232376 0.800000 41.214794
v 114.174774 0.800000 42.930088
v 112.236145 0.800000 23.811684
v 95.689507 0.800000 40.397343
v 84.072990 0.800000 40.362366
v 135.694214 0.800000 21.405727
v 150.303329 0.800000 24.164139
v 152.662689 0.800000 14.316488
v 151.335556 0.800000 20.625139
v 153.252533 0.800000 8.777184
v 153.399994 0.800000 3.699489
v 134.699768 0.800000 9.957302
v 133.127457 0.800000 6.035987
v 134.847885 0.800000 14.136507
v 133.290161 0.800000 17.950842
v 142.193024 0.800000 44.936527
v 138.948898 0.800000 53.245483
v 145.732071 0.800000 36.319832
v 148.976181 0.800000 28.010878
v 132.869370 0.800000 24.881176
v 137.621765 0.800000 57.092220
v 124.655716 0.800000 22.263288
v 129.745056 0.800000 20.777548
v 119.189964 0.800000 22.324144
v 114.515671 0.800000 20.876196
v 121.904602 0.800000 60.894749
v 122.967308 0.800000 80.047958
v 127.494827 0.800000 80.024628
v 134.525101 0.800000 80.018791
v 134.672562 0.800000 72.479172
v 134.525101 0.800000 77.556877
v 135.262405 0.800000 66.939865
v 136.589539 0.800000 60.631226
v 116.654121 0.800000 80.141327
v 94.749756 0.800000 47.296223
v 110.988197 0.800000 80.339165
v 100.424667 0.800000 80.998695
v 85.859077 0.800000 81.919739
v 77.030396 0.800000 82.044472
v 97.504555 0.800000 102.385895
v 108.917625 0.800000 102.135086
v 103.853378 0.800000 120.024879
v 99.134651 0.800000 121.563576
v 108.572098 0.800000 118.793922
v 113.290840 0.800000 117.255226
v 96.775291 0.800000 122.640656
v 125.128990 0.800000 101.191772
v 131.428436 0.800000 99.714104
v 133.787796 0.800000 92.328354
v 132.460663 0.800000 97.252182
v 134.377640 0.800000 87.404533
v 134.525101 0.800000 82.480705
v 122.580826 0.800000 111.254311
v 118.009567 0.800000 114.793312
v 126.709717 0.800000 106.945961
v 84.978470 0.800000 131.103500
v 80.259743 0.800000 134.488617
v 89.697197 0.800000 127.410614
v 77.900383 0.800000 135.873444
v 9.435228 0.800000 99.473465
v 2.311590 0.800000 99.431610
v 9.865688 0.800000 79.149338
v 2.779857 0.800000 79.367714
v 29.466309 0.800000 99.371162
v 33.815372 0.800000 100.125557
v 36.582249 0.800000 91.721634
v 36.207058 0.800000 97.563858
v 30.213453 0.800000 118.985565
v 25.552217 0.800000 119.216469
v 32.712246 0.800000 118.721390
v 38.500431 0.800000 117.575386
v 37.309525 0.800000 110.688042
v 40.460304 0.800000 114.520134
v 35.629845 0.800000 106.579391
v 35.814331 0.800000 102.842766
v 18.669907 0.800000 114.123680
v 9.172443 0.800000 119.314468
v 3.140427 0.800000 120.259460
v 1.598312 0.800000 111.605186
v 0.443339 0.800000 117.581100
v 42.649757 0.800000 98.770691
v 38.256039 0.800000 100.126694
v 47.992001 0.800000 98.805229
v 53.279274 0.800000 100.260757
v 57.732944 0.800000 92.113930
v 56.758961 0.800000 97.789619
v 51.046757 0.800000 78.538857
v 53.505791 0.800000 78.909019
v 46.090137 0.800000 77.893593
v 38.865532 0.800000 77.300072
v 65.941086 0.800000 99.791397
v 59.852234 0.800000 100.426270
v 71.224510 0.800000 102.153969
v 78.145752 0.800000 102.390221
v 67.782997 0.800000 119.336937
v 62.770050 0.800000 118.347336
v 72.095505 0.800000 119.533669
v 78.140747 0.800000 119.181267
v 60.149849 0.800000 107.162872
v 57.508091 0.800000 103.167763
v 61.150833 0.800000 111.488838
v 60.457325 0.800000 115.388474
v 47.228657 0.800000 139.874054
v 42.509933 0.800000 141.258865
v 51.947388 0.800000 139.258575
v 56.666111 0.800000 139.104706
v 60.378357 0.800000 120.909035
v 54.130920 0.800000 119.297539
v 58.015617 0.800000 118.104546
v 49.467373 0.800000 119.045685
v 44.689121 0.800000 117.427139
v 40.876980 0.800000 126.473793
v 41.593700 0.800000 120.212044
v 66.103561 0.800000 138.950836
v 61.384838 0.800000 139.104706
v 70.822289 0.800000 138.335358
v 75.541016 0.800000 136.950531
v 9.764200 0.800000 139.913483
v 4.307898 0.800000 138.970169
v 18.876554 0.800000 119.140846
v 2.259015 0.800000 127.653061
v 0.469543 0.800000 123.346191
v 2.663218 0.800000 132.239807
v 1.727043 0.800000 136.092712
v 31.975506 0.800000 138.967636
v 40.150570 0.800000 142.335968
v 28.353756 0.800000 150.798798
v 23.635033 0.800000 154.183914
v 33.072483 0.800000 147.105927
v 37.791206 0.800000 143.720795
v 18.620434 0.800000 150.633652
v 21.275671 0.800000 155.568741
v 9.478855 0.800000 158.646133
v 4.760131 0.800000 158.799988
v 14.197581 0.800000 158.030655
v 18.916307 0.800000 156.645813
v 1.998669 0.800000 141.292068
v 21.443718 0.800000 14.298494
v 13.837291 0.800000 11.737463
v 12.150523 0.800000 5.286768
v 12.856111 0.800000 3.392550
v 11.081079 0.800000 7.053470
v 9.725650 0.800000 8.727262
v 11.013279 0.800000 33.722366
v 9.451044 0.800000 35.565483
v 13.172190 0.800000 32.744629
v 15.537766 0.800000 32.732071
v 15.113852 0.800000 19.417439
v 11.837529 0.800000 13.404379
v 6.420088 0.800000 11.858280
v 8.162102 0.800000 10.342748
v 4.481048 0.800000 13.155960
v 2.326419 0.800000 14.117887
v 2.672226 0.800000 17.728584
v 57.788822 0.800000 19.234360
v 63.231045 0.800000 18.903563
v 70.766052 0.800000 18.521292
v 77.900383 0.800000 18.470966
v 63.575138 0.800000 40.584267
v 70.308678 0.800000 40.509445
v 77.143921 0.800000 40.433731
v 57.950520 0.800000 25.237045
v 59.350319 0.800000 34.090939
v 59.142097 0.800000 40.635880
v 19.446077 0.800000 35.770386
v 17.719990 0.800000 33.784508
v 20.560499 0.800000 38.326782
v 20.907709 0.800000 41.090782
v 59.107357 0.800000 47.164497
v 58.119167 0.800000 66.171272
v 58.169819 0.800000 71.653305
v 58.283119 0.800000 79.698837
v 10.654207 0.800000 44.157639
v 12.516190 0.800000 46.427689
v 9.358604 0.800000 41.222351
v 8.875507 0.800000 38.174179
v 5.669324 0.800000 42.318085
v 18.905828 0.800000 45.826759
v 20.332170 0.800000 43.699471
v 16.928099 0.800000 47.183395
v 14.698410 0.800000 47.480125
v 21.279255 0.800000 60.899273
v 20.248964 0.800000 68.454552
v 19.253204 0.800000 78.381462
v -22.734282 0.800000 -116.282661
v -18.349649 0.800000 -116.429321
v -27.148874 0.800000 -116.773117
v -32.064983 0.800000 -118.373528
v -37.705338 0.800000 -104.717621
v -37.696117 0.800000 -115.921234
v -4.722214 0.800000 -116.900322
v -0.129454 0.800000 -116.886436
v -9.327610 0.800000 -116.846649
v -13.888977 0.800000 -116.698593
v -9.503356 0.800000 -79.715759
v -14.518549 0.800000 -79.104736
v -4.739758 0.800000 -79.697556
v 0.140475 0.800000 -79.042328
v -16.674713 0.800000 -84.631355
v -17.095467 0.800000 -78.928474
v -37.762161 0.800000 -84.985481
v -37.858936 0.800000 -80.162621
v -64.830658 0.800000 -96.931679
v -42.722050 0.800000 -117.703552
v -37.708408 0.800000 -119.088364
v -48.620464 0.800000 -117.088074
v -55.993473 0.800000 -116.934196
v -49.471630 0.800000 -80.201797
v -65.943985 0.800000 -78.655014
v -71.576721 0.800000 -78.084175
v -73.487709 0.800000 -86.386856
v -74.289589 0.800000 -80.787056
v -63.549503 0.800000 -56.854027
v -68.288902 0.800000 -57.466118
v -59.434772 0.800000 -56.951870
v -51.342243 0.800000 -57.635174
v -71.330757 0.800000 -70.431885
v -73.732086 0.800000 -75.143707
v -70.143951 0.800000 -65.170113
v -70.527718 0.800000 -60.444527
v -38.072773 0.800000 -65.889465
v -37.711330 0.800000 -60.730389
v -36.853607 0.800000 -24.763088
v -37.016140 0.800000 -31.510563
v -39.102783 0.800000 -41.084457
v -42.911934 0.800000 -41.077663
v -49.414703 0.800000 -40.831993
v -51.679924 0.800000 -40.711517
v -51.779942 0.800000 -30.960136
v -50.733387 0.800000 -19.055037
v -43.347237 0.800000 -20.589951
v -70.598640 0.800000 -49.087212
v -70.629036 0.800000 -54.752426
v -31.325155 0.800000 -19.308601
v -33.365067 0.800000 -19.340364
v -27.736813 0.800000 -18.049379
v -22.584610 0.800000 -23.131462
v -23.796501 0.800000 -28.864258
v -20.663309 0.800000 -26.670067
v -25.283337 0.800000 -32.440243
v -25.090624 0.800000 -36.637741
v -30.463966 0.800000 -38.733227
v -27.059341 0.800000 -38.971222
v -27.913187 0.800000 -63.680794
v -32.305233 0.800000 -60.045998
v -4.518023 0.800000 -32.212166
v -0.172251 0.800000 -36.364052
v -10.150723 0.800000 -28.714380
v -15.916952 0.800000 -26.617935
v -15.519293 0.800000 -18.694201
v -16.939482 0.800000 -21.674244
v -4.347083 0.800000 -9.014676
v -6.808272 0.800000 -7.966767
v -1.816590 0.800000 -9.624956
v 0.723916 0.800000 -9.815536
v -19.829588 0.800000 -0.153916
v -23.066292 0.800000 0.152349
v -17.308393 0.800000 0.338291
v -15.095160 0.800000 1.197424
v -12.850621 0.800000 -2.245848
v -13.843244 0.800000 0.321700
v -11.219069 0.800000 -4.531921
v -9.140862 0.800000 -6.463301
v -20.570700 0.800000 -20.144979
v -24.873787 0.800000 -1.950208
v -75.217667 0.800000 -18.463203
v -39.300667 0.800000 -10.404082
v -38.254223 0.800000 -1.334591
v -37.299034 0.800000 -12.309851
v -36.031151 0.800000 -17.584690
v -43.837143 0.800000 2.249902
v -122.645531 0.800000 -57.848331
v -117.926796 0.800000 -57.848328
v -113.208054 0.800000 -57.848328
v -129.723602 0.800000 -77.543633
v -129.723602 0.800000 -75.081718
v -122.645515 0.800000 -40.614937
v -117.926788 0.800000 -40.614937
v -113.208061 0.800000 -40.614941
v -108.489334 0.800000 -40.614941
v -108.489319 0.800000 -50.462593
v -129.723602 0.800000 -55.386417
v -91.106308 0.800000 -47.846600
v -90.718971 0.800000 -50.481728
v -89.304413 0.800000 -56.396904
v -92.017281 0.800000 -59.099785
v -103.626129 0.800000 -57.924744
v -108.489334 0.800000 -57.848324
v -90.810646 0.800000 -65.697830
v -89.121407 0.800000 -61.927353
v -91.048012 0.800000 -69.704475
v -89.952171 0.800000 -73.488716
v -93.213203 0.800000 -76.312836
v -76.786285 0.800000 -56.248276
v -72.838097 0.800000 -57.341278
v -81.438660 0.800000 -56.855179
v -85.861588 0.800000 -58.851650
v -103.891556 0.800000 -18.457727
v -108.828026 0.800000 -18.457729
v -91.927597 0.800000 -30.735815
v -91.696754 0.800000 -40.426125
v -91.973755 0.800000 1.237575
v -82.306503 0.800000 1.230659
v -104.265961 0.800000 1.237574
v -109.876373 0.800000 1.237575
v -124.605125 0.800000 -18.457727
v -119.209000 0.800000 -18.457729
v -113.933830 0.800000 -18.457729
v -129.723602 0.800000 -35.691109
v -130.460892 0.800000 -25.843462
v -131.788025 0.800000 -20.919640
v -131.043015 0.800000 1.277645
v -145.501755 0.800000 1.237575
v -123.252243 0.800000 1.245589
v -116.180283 0.800000 1.237575
v -134.147385 0.800000 -15.995815
v -125.299789 0.800000 -99.700836
v -99.005882 0.800000 -96.826111
v -116.304733 0.800000 -108.779129
v -109.079178 0.800000 -112.318123
v -121.613297 0.800000 -104.470787
v -89.075592 0.800000 -97.352158
v -76.637909 0.800000 -116.780334
v -65.430931 0.800000 -116.934196
v -88.434738 0.800000 -116.164856
v -99.641724 0.800000 -114.780022
v -84.405678 0.800000 -78.626312
v -87.641785 0.800000 -76.591965
v -80.702744 0.800000 -79.274536
v -76.991905 0.800000 -78.219398
v -92.752892 0.800000 -84.916275
v -90.873070 0.800000 -79.026527
v -128.986298 0.800000 -89.853195
v -127.659157 0.800000 -94.777023
v -129.576141 0.800000 -84.929375
v -129.723602 0.800000 -80.005547
v -52.597054 0.800000 19.099066
v -42.447834 0.800000 17.825529
v -37.895596 0.800000 12.030206
v -36.070274 0.800000 14.947707
v -38.606476 0.800000 8.528854
v -38.131935 0.800000 5.079685
v -35.042889 0.800000 37.567131
v -38.008118 0.800000 31.202555
v -30.766403 0.800000 34.059174
v -36.339111 0.800000 20.469997
v -41.790623 0.800000 21.008211
v -74.169708 0.800000 32.488976
v -11.940318 0.800000 8.650183
v -10.030429 0.800000 11.015964
v -13.317707 0.800000 5.942180
v -14.004662 0.800000 3.097503
v -22.074951 0.800000 4.831688
v -24.114012 0.800000 2.150320
v -21.079088 0.800000 8.018195
v -21.339890 0.800000 11.231229
v -16.077286 0.800000 12.541089
v -19.412331 0.800000 12.725965
v -13.461283 0.800000 12.419826
v -10.756921 0.800000 12.289656
v -1.774550 0.800000 23.609324
v -3.014598 0.800000 25.855473
v -0.546298 0.800000 20.977303
v 0.645100 0.800000 17.398027
v -2.627187 0.800000 14.604589
v -0.062358 0.800000 14.626162
v -5.233312 0.800000 14.018691
v -7.745978 0.800000 12.833978
v -9.782777 0.800000 16.251659
v -9.257393 0.800000 13.704309
v -10.734734 0.800000 18.640194
v -12.461713 0.800000 21.623377
v -8.945965 0.800000 23.464207
v -12.020014 0.800000 23.511303
v -6.491490 0.800000 24.400484
v -4.503495 0.800000 25.984371
v -68.737053 0.800000 60.984726
v -64.533180 0.800000 45.932133
v -74.705185 0.800000 60.592766
v -17.757542 0.800000 42.970337
v -12.780229 0.800000 43.999943
v -22.251680 0.800000 40.883587
v -25.249325 0.800000 37.986580
v -32.434895 0.800000 40.603359
v -45.778809 0.800000 52.573093
v -53.689793 0.800000 60.067883
v -40.316296 0.800000 69.245438
v -38.374126 0.800000 71.521828
v -14.663116 0.800000 50.681980
v -68.261314 0.800000 75.346252
v -59.202362 0.800000 75.379982
v -68.239006 0.800000 100.587463
v -58.938641 0.800000 99.739059
v -75.372169 0.800000 92.476799
v -75.352852 0.800000 86.924988
v -75.331619 0.800000 95.180504
v -47.152477 0.800000 99.713882
v -54.223946 0.800000 99.714088
v -35.854427 0.800000 114.408127
v -35.488220 0.800000 99.709511
v -16.541037 0.800000 92.253410
v -17.031908 0.800000 99.627464
v -16.375782 0.800000 89.720322
v -15.904134 0.800000 84.466255
v -15.090196 0.800000 78.877998
v -28.660444 0.800000 78.524063
v -11.422688 0.800000 119.056847
v -15.176044 0.800000 120.273148
v -6.997437 0.800000 118.989967
v -2.750093 0.800000 120.332947
v -17.607338 0.800000 117.697365
v -29.318853 0.800000 123.652130
v -31.474669 0.800000 123.775879
v -22.607401 0.800000 119.508057
v -19.916569 0.800000 120.019295
v -16.760946 0.800000 128.200729
v -14.466305 0.800000 131.385849
v -17.838709 0.800000 125.109627
v -17.407701 0.800000 122.378471
v -22.896631 0.800000 136.416031
v -16.921804 0.800000 134.672424
v -9.396049 0.800000 158.800003
v -14.114776 0.800000 158.799988
v -4.677322 0.800000 158.800003
v 0.041404 0.800000 158.799988
v -3.752803 0.800000 138.292603
v -0.504617 0.800000 138.198029
v -7.504496 0.800000 136.863815
v -11.246670 0.800000 134.399109
v -15.335925 0.800000 144.167404
v -14.224717 0.800000 137.350784
v -34.607418 0.800000 149.397430
v -35.349045 0.800000 155.568741
v -23.552227 0.800000 158.646133
v -66.020760 0.800000 138.489227
v -70.739487 0.800000 136.950531
v -61.302032 0.800000 139.720184
v -56.583309 0.800000 141.258865
v -73.098846 0.800000 135.873444
v -35.163235 0.800000 135.822037
v -47.145859 0.800000 147.105927
v -51.864582 0.800000 143.720795
v -42.427128 0.800000 150.798798
v -109.333115 0.800000 81.315987
v -117.224304 0.800000 81.146202
v -112.177986 0.800000 78.321930
v -122.645515 0.800000 87.404533
v -127.364227 0.800000 82.480713
v -113.208061 0.800000 97.252182
v -103.770592 0.800000 107.099831
v -108.489334 0.800000 102.176010
v -99.051857 0.800000 112.023659
v -94.333122 0.800000 116.947487
v -99.428497 0.800000 81.159698
v -95.717697 0.800000 80.268288
v -103.280235 0.800000 80.569405
v -106.839424 0.800000 78.674881
v -82.259933 0.800000 82.356277
v -84.757217 0.800000 82.396347
v -90.367119 0.800000 81.291107
v -84.895660 0.800000 126.641266
v -89.614388 0.800000 121.871315
v -147.861084 0.800000 8.623314
v -146.533981 0.800000 3.699488
v -124.322868 0.800000 21.017027
v -119.152550 0.800000 20.949709
v -113.933830 0.800000 20.932880
v -103.891556 0.800000 20.932878
v -108.828026 0.800000 20.932878
v -91.973755 0.800000 20.932880
v -82.295029 0.800000 20.876957
v -91.390594 0.800000 40.531307
v -102.806389 0.800000 60.608635
v -107.455254 0.800000 61.855976
v -97.703911 0.800000 60.724373
v -93.206673 0.800000 62.262974
v -90.577148 0.800000 59.420303
v -90.869392 0.800000 45.396336
v -111.373230 0.800000 59.072548
v -88.031807 0.800000 62.101807
v -89.558670 0.800000 69.410545
v -90.373543 0.800000 65.284256
v -90.411469 0.800000 73.826736
v -92.581345 0.800000 77.717682
v -131.386658 0.800000 45.057129
v -148.450928 0.800000 48.013927
v -148.598404 0.800000 43.090103
v -114.871681 0.800000 61.569275
v -111.425476 0.800000 71.883232
v -109.672546 0.800000 75.653610
v -111.823418 0.800000 67.941605
v -110.591614 0.800000 64.406570
v -140.783066 0.800000 67.709221
v -144.174622 0.800000 62.785408
v -136.654190 0.800000 72.633049
v -4.677323 0.800000 -137.244980
v 0.041404 0.800000 -138.783691
v -9.396049 0.800000 -136.014023
v -14.114776 0.800000 -134.475327
v -15.812872 0.800000 -127.543976
v -16.216084 0.800000 -131.474884
v -15.748359 0.800000 -123.360664
v -15.990285 0.800000 -118.891228
v -23.552227 0.800000 -128.628281
v -18.833500 0.800000 -132.013412
v -28.270954 0.800000 -124.935417
v -32.989677 0.800000 -121.550285
v 4.740645 0.800000 35.437790
v 2.575679 0.800000 35.673386
v 0.479598 0.800000 35.827831
v -2.459657 0.800000 39.934250
v -0.961823 0.800000 37.249325
v -4.904804 0.800000 42.231640
v -8.333061 0.800000 43.725529
v -7.729092 0.800000 48.587761
v -11.096574 0.800000 52.246357
v -1.473230 0.800000 29.931339
v -2.828891 0.800000 27.880095
v -0.600703 0.800000 32.161213
v -0.375504 0.800000 34.592838
v -20.450893 0.800000 14.667193
v -14.954998 0.800000 22.262390
v -26.055565 0.800000 15.955937
v -23.070839 0.800000 13.992183
v -29.647854 0.800000 16.910860
v -33.201492 0.800000 16.645327
v -23.691715 0.800000 30.866722
v -25.737154 0.800000 34.526188
v -20.079430 0.800000 27.489923
v -15.866725 0.800000 24.877537
v -33.630001 0.800000 0.591113
v -36.400986 0.800000 2.318732
v -30.322693 0.800000 -0.048966
v -26.982792 0.800000 0.452702
v -28.259914 0.800000 -47.734695
v -26.011778 0.800000 -42.308651
v -38.792130 0.800000 -50.350422
v -12.308210 0.800000 -60.363045
v -9.747935 0.800000 -53.320755
v -19.805182 0.800000 -44.109142
v -23.185181 0.800000 -40.696487
v -15.460178 0.800000 -46.621277
v -10.659723 0.800000 -47.978481
v 10.217170 0.800000 24.655220
v 9.900410 0.800000 24.110954
v 13.660947 0.800000 22.838005
v 13.588776 0.800000 23.513924
v 11.635409 0.800000 25.433722
v 11.115272 0.800000 25.339933
v 13.061870 0.800000 24.681005
v 12.643043 0.800000 25.092634
v 10.655839 0.800000 20.546907
v 10.237012 0.800000 20.958536
v 9.710106 0.800000 22.125618
v 9.637935 0.800000 22.801537
v 13.398472 0.800000 21.528585
v 13.081712 0.800000 20.984322
v 12.183611 0.800000 20.299608
v 11.663472 0.800000 20.205820
v -37.452656 0.800000 -24.908468
v -38.074921 0.800000 -25.000252
v -39.973663 0.800000 -24.943054
v -39.346302 0.800000 -25.017696
v -41.158234 0.800000 -24.633415
v -41.695179 0.800000 -24.403713
v -42.612602 0.800000 -23.814131
v -42.977386 0.800000 -23.464336
v -43.651127 0.800000 -21.416698
v -43.539650 0.800000 -20.996655
v -43.487991 0.800000 -22.684568
v -43.625076 0.800000 -22.267937
v -33.212448 0.800000 -19.815348
v -33.170010 0.800000 -20.340387
v -33.640694 0.800000 -22.052935
v -33.390381 0.800000 -21.473873
v -34.367985 0.800000 -23.149372
v -34.813419 0.800000 -23.626120
v -35.765583 0.800000 -24.322361
v -36.288021 0.800000 -24.566597
v -37.420124 0.800000 -17.557802
v -36.678135 0.800000 -17.501150
v -39.882912 0.800000 -18.318913
v -39.065247 0.800000 -18.003323
v -43.077179 0.800000 -20.203537
v -42.734108 0.800000 -19.844032
v -41.853527 0.800000 -19.229782
v -41.302193 0.800000 -18.952448
v -33.634872 0.800000 -18.934580
v -33.999657 0.800000 -18.584785
v -35.454025 0.800000 -17.765503
v -34.917076 0.800000 -17.995205
v 21.251133 0.800000 -20.795088
v 20.701164 0.800000 -20.739756
v 20.151711 0.800000 -20.799978
v 19.626785 0.800000 -20.973124
v 18.740210 0.800000 -21.623306
v 18.417307 0.800000 -22.071926
v 18.194735 0.800000 -22.577879
v 18.082218 0.800000 -23.119051
v 18.202005 0.800000 -24.211939
v 18.429071 0.800000 -24.715891
v 18.755953 0.800000 -25.161621
v 19.178349 0.800000 -25.552666
v 22.542934 0.800000 -27.509041
v 21.884016 0.800000 -27.373312
v 21.152950 0.800000 -27.014889
v 20.419958 0.800000 -26.537655
v 22.257494 0.800000 -21.237793
v 22.669905 0.800000 -21.605820
v 22.996788 0.800000 -22.051550
v 23.233837 0.800000 -22.578520
v 23.588873 0.800000 -24.213692
v 23.659380 0.800000 -25.176765
v 23.618420 0.800000 -26.101364
v 23.429510 0.800000 -26.858858
v 26.032450 0.800000 -2.379241
v 25.868372 0.800000 -2.782168
v 25.994053 0.800000 -3.285707
v 26.255522 0.800000 -3.848084
v 26.454702 0.800000 -4.418490
v 29.378592 0.800000 -2.707664
v 29.019140 0.800000 -2.329321
v 28.565722 0.800000 -2.073496
v 27.925316 0.800000 -1.947390
v 27.186701 0.800000 -1.957566
v 29.365416 0.800000 -5.701921
v 29.641943 0.800000 -5.283421
v 29.816471 0.800000 -4.783601
v 29.877926 0.800000 -4.240757
v 29.822718 0.800000 -3.694955
v 28.584717 0.800000 -6.174511
v 28.133259 0.800000 -6.193890
v 27.681622 0.800000 -6.064784
v 27.261278 0.800000 -5.799565
v 26.901768 0.800000 -5.420922
vt 0.799138 0.876017
vt 0.819807 0.874732
vt 0.815958 0.893568
vt 0.797907 0.897584
vt 0.815457 0.898521
vt 0.797830 0.904372
vt 0.850408 0.877141
vt 0.846186 0.884973
vt 0.844545 0.876285
vt 0.841144 0.892682
vt 0.831840 0.897903
vt 0.828273 0.895802
vt 0.838617 0.875522
vt 0.835397 0.900146
vt 0.829065 0.907244
vt 0.820113 0.910140
vt 0.818099 0.906418
vt 0.816359 0.902674
vt 0.824685 0.893986
vt 0.832561 0.874946
vt 0.800216 0.929515
vt 0.799395 0.923397
vt 0.807721 0.925110
vt 0.815109 0.919848
vt 0.798664 0.917211
vt 0.798112 0.910892
vt 0.822263 0.913852
vt 0.740173 0.877141
vt 0.762637 0.877088
vt 0.762579 0.900491
vt 0.740173 0.900636
vt 0.777443 0.876873
vt 0.777150 0.899909
vt 0.777132 0.907493
vt 0.762575 0.908273
vt 0.740173 0.908468
vt 0.777199 0.915012
vt 0.777330 0.922483
vt 0.777504 0.929923
vt 0.792710 0.932941
vt 0.785205 0.935511
vt 0.777699 0.937347
vt 0.770194 0.938570
vt 0.762589 0.916042
vt 0.740173 0.916299
vt 0.762615 0.923801
vt 0.740173 0.924131
vt 0.762650 0.931555
vt 0.762689 0.939305
vt 0.755183 0.939672
vt 0.740173 0.931962
vt 0.747678 0.939794
vt 0.740173 0.939794
vt 0.762655 0.822356
vt 0.777529 0.822498
vt 0.777626 0.838034
vt 0.762674 0.837993
vt 0.740173 0.822320
vt 0.740173 0.837983
vt 0.799497 0.823069
vt 0.799908 0.838197
vt 0.799908 0.853432
vt 0.777626 0.853595
vt 0.762674 0.853636
vt 0.740173 0.853646
vt 0.821359 0.823584
vt 0.822190 0.838289
vt 0.856154 0.818098
vt 0.870110 0.804209
vt 0.866826 0.815467
vt 0.864246 0.825869
vt 0.846073 0.820408
vt 0.853926 0.836311
vt 0.845772 0.837030
vt 0.862135 0.835536
vt 0.860259 0.844591
vt 0.837171 0.822075
vt 0.837728 0.837636
vt 0.836555 0.853075
vt 0.821955 0.853157
vt 0.843837 0.853086
vt 0.851112 0.853116
vt 0.858383 0.853157
vt 0.856272 0.861356
vt 0.853692 0.869310
vt 0.798676 0.765610
vt 0.840431 0.792419
vt 0.835219 0.797381
vt 0.798215 0.772779
vt 0.829582 0.800733
vt 0.797856 0.779801
vt 0.817574 0.803137
vt 0.798215 0.801013
vt 0.740173 0.759667
vt 0.762615 0.759950
vt 0.762594 0.767750
vt 0.740173 0.767499
vt 0.777333 0.761082
vt 0.777223 0.768756
vt 0.777138 0.776395
vt 0.762576 0.775543
vt 0.777223 0.799346
vt 0.762594 0.798929
vt 0.740173 0.775330
vt 0.740173 0.798825
vt 0.761794 0.687227
vt 0.776166 0.687822
vt 0.777486 0.721459
vt 0.762576 0.720499
vt 0.740146 0.687072
vt 0.740169 0.720258
vt 0.798112 0.689649
vt 0.799837 0.725235
vt 0.799859 0.733850
vt 0.777565 0.729582
vt 0.762634 0.728509
vt 0.740171 0.728240
vt 0.843308 0.695384
vt 0.844454 0.739849
vt 0.857559 0.696468
vt 0.858425 0.741099
vt 0.859568 0.753633
vt 0.845055 0.751919
vt 0.790621 0.623865
vt 0.839886 0.628686
vt 0.840566 0.651203
vt 0.792870 0.646534
vt 0.841018 0.659164
vt 0.793938 0.654761
vt 0.856613 0.632630
vt 0.855926 0.654298
vt 0.855981 0.661762
vt 0.856761 0.678006
vt 0.842222 0.676297
vt 0.796172 0.671911
vt 0.741393 0.619459
vt 0.759579 0.620302
vt 0.759796 0.643648
vt 0.740400 0.643264
vt 0.771262 0.621657
vt 0.772476 0.644645
vt 0.773189 0.653023
vt 0.760135 0.652155
vt 0.740254 0.651863
vt 0.774758 0.670338
vt 0.760981 0.669676
vt 0.740138 0.669493
vt 0.920302 0.689182
vt 0.890499 0.695049
vt 0.887378 0.677848
vt 0.901047 0.663301
vt 0.877417 0.696181
vt 0.876124 0.679877
vt 0.874490 0.667009
vt 0.875290 0.661656
vt 0.879488 0.643332
vt 0.875665 0.733153
vt 0.912797 0.704846
vt 0.905409 0.720387
vt 0.898255 0.735683
vt 0.891453 0.750612
vt 0.877124 0.741130
vt 0.874331 0.791972
vt 0.879374 0.778879
vt 0.885121 0.765051
vt 0.858126 0.576494
vt 0.882194 0.578447
vt 0.881968 0.597793
vt 0.857740 0.592926
vt 0.904624 0.580716
vt 0.904224 0.603112
vt 0.918763 0.580921
vt 0.917969 0.603928
vt 0.904001 0.627821
vt 0.881491 0.617259
vt 0.918076 0.629975
vt 0.857339 0.609256
vt 0.966273 0.586392
vt 0.961230 0.599486
vt 0.944772 0.600253
vt 0.950426 0.580013
vt 0.970494 0.574156
vt 0.955484 0.613314
vt 0.949151 0.627753
vt 0.936045 0.598800
vt 0.938640 0.578971
vt 0.927807 0.673519
vt 0.935196 0.657978
vt 0.942349 0.642682
vt 0.911936 0.491270
vt 0.923882 0.495651
vt 0.924425 0.504834
vt 0.915932 0.504206
vt 0.933427 0.497771
vt 0.933454 0.506291
vt 0.933900 0.515130
vt 0.925694 0.514579
vt 0.917788 0.514514
vt 0.941971 0.507345
vt 0.942214 0.532862
vt 0.919503 0.533081
vt 0.957907 0.508539
vt 0.980345 0.501224
vt 0.980345 0.509055
vt 0.979876 0.525208
vt 0.957205 0.533152
vt 0.980228 0.517009
vt 0.979172 0.533774
vt 0.956592 0.541742
vt 0.942020 0.541537
vt 0.978000 0.542829
vt 0.976241 0.552496
vt 0.973778 0.562898
vt 0.954374 0.559933
vt 0.940869 0.559494
vt 0.919777 0.542085
vt 0.919584 0.560596
vt 0.865159 0.495035
vt 0.871031 0.498838
vt 0.869767 0.508764
vt 0.862326 0.508031
vt 0.877212 0.501312
vt 0.876550 0.510063
vt 0.875949 0.518718
vt 0.868676 0.518353
vt 0.861031 0.518253
vt 0.883543 0.502509
vt 0.883290 0.510690
vt 0.889868 0.502485
vt 0.889940 0.510549
vt 0.890005 0.518634
vt 0.883048 0.518873
vt 0.882647 0.535252
vt 0.859579 0.536090
vt 0.896027 0.501294
vt 0.896455 0.509543
vt 0.901864 0.498992
vt 0.902819 0.507848
vt 0.903672 0.516647
vt 0.896852 0.517812
vt 0.907219 0.495632
vt 0.909021 0.505639
vt 0.910549 0.515375
vt 0.904754 0.533981
vt 0.904981 0.542669
vt 0.882511 0.543451
vt 0.904972 0.560743
vt 0.882332 0.560297
vt 0.859135 0.544360
vt 0.858541 0.560387
vt 0.793292 0.579445
vt 0.841182 0.576657
vt 0.840518 0.591692
vt 0.791795 0.592348
vt 0.840053 0.606553
vt 0.790724 0.604585
vt 0.798275 0.513121
vt 0.827549 0.503963
vt 0.827927 0.512693
vt 0.843391 0.537285
vt 0.797000 0.539865
vt 0.835462 0.503257
vt 0.836011 0.511967
vt 0.843969 0.501941
vt 0.844535 0.510808
vt 0.844375 0.519851
vt 0.853340 0.499744
vt 0.853611 0.509104
vt 0.852817 0.518890
vt 0.842883 0.545552
vt 0.841977 0.561373
vt 0.796364 0.548512
vt 0.794895 0.564883
vt 0.763454 0.512102
vt 0.777347 0.512576
vt 0.777036 0.539351
vt 0.764200 0.538512
vt 0.742070 0.511300
vt 0.744059 0.536900
vt 0.776797 0.548010
vt 0.776052 0.564318
vt 0.774883 0.578598
vt 0.764346 0.547051
vt 0.744657 0.545191
vt 0.764308 0.563137
vt 0.763626 0.577241
vt 0.745468 0.560923
vt 0.745448 0.574978
vt 0.551535 0.696182
vt 0.528668 0.713739
vt 0.520941 0.700489
vt 0.542702 0.682564
vt 0.516697 0.692936
vt 0.537414 0.675676
vt 0.522124 0.720322
vt 0.514166 0.706869
vt 0.500645 0.755939
vt 0.501166 0.719489
vt 0.493355 0.701363
vt 0.499489 0.695944
vt 0.501230 0.681468
vt 0.495057 0.686530
vt 0.490369 0.676664
vt 0.496465 0.672163
vt 0.502230 0.667510
vt 0.488980 0.691685
vt 0.483185 0.697081
vt 0.478316 0.686614
vt 0.484199 0.681245
vt 0.478984 0.669706
vt 0.485469 0.666349
vt 0.472793 0.674715
vt 0.466125 0.658313
vt 0.473552 0.657619
vt 0.480463 0.655810
vt 0.491562 0.662634
vt 0.496987 0.658445
vt 0.486591 0.652991
vt 0.491665 0.649269
vt 0.505141 0.648494
vt 0.513644 0.638326
vt 0.507405 0.662468
vt 0.501466 0.653667
vt 0.495417 0.644751
vt 0.497577 0.639542
vt 0.508155 0.643117
vt 0.497876 0.633750
vt 0.496045 0.627480
vt 0.586358 0.691642
vt 0.593298 0.691804
vt 0.590379 0.721035
vt 0.583110 0.721298
vt 0.555611 0.725270
vt 0.614120 0.690789
vt 0.628310 0.689932
vt 0.627612 0.720580
vt 0.612625 0.720661
vt 0.612377 0.728339
vt 0.589897 0.728592
vt 0.627496 0.728340
vt 0.626815 0.759450
vt 0.610917 0.759202
vt 0.586739 0.758803
vt 0.582577 0.728846
vt 0.555081 0.732090
vt 0.578793 0.758744
vt 0.548905 0.759435
vt 0.627651 0.622212
vt 0.628283 0.651185
vt 0.614427 0.655132
vt 0.603904 0.632033
vt 0.628827 0.659364
vt 0.615410 0.662398
vt 0.600260 0.669045
vt 0.597930 0.666871
vt 0.585759 0.657795
vt 0.615363 0.676581
vt 0.628881 0.674887
vt 0.596821 0.678696
vt 0.574270 0.672447
vt 0.591137 0.678136
vt 0.680911 0.648763
vt 0.680677 0.656643
vt 0.643218 0.658351
vt 0.643183 0.650408
vt 0.682132 0.625987
vt 0.645479 0.627031
vt 0.680390 0.672634
vt 0.657695 0.689124
vt 0.642865 0.689428
vt 0.643090 0.673967
vt 0.680144 0.720453
vt 0.642611 0.720532
vt 0.680135 0.728318
vt 0.680129 0.759667
vt 0.642325 0.759589
vt 0.642569 0.728339
vt 0.717692 0.720314
vt 0.717955 0.687548
vt 0.695168 0.720401
vt 0.695376 0.688278
vt 0.717671 0.728263
vt 0.717656 0.759667
vt 0.695140 0.759667
vt 0.695151 0.728297
vt 0.697332 0.623800
vt 0.696230 0.647199
vt 0.695978 0.655324
vt 0.720225 0.620889
vt 0.718985 0.644749
vt 0.718690 0.653194
vt 0.718244 0.670399
vt 0.695607 0.671798
vt 0.683478 0.578019
vt 0.684173 0.591578
vt 0.659581 0.602118
vt 0.654841 0.592301
vt 0.655132 0.607020
vt 0.683906 0.604939
vt 0.647913 0.598108
vt 0.699223 0.574911
vt 0.699321 0.588744
vt 0.723338 0.573655
vt 0.722873 0.586995
vt 0.744600 0.587559
vt 0.721923 0.600073
vt 0.698807 0.602396
vt 0.743310 0.599716
vt 0.680711 0.511836
vt 0.696249 0.510780
vt 0.697495 0.535950
vt 0.681465 0.538127
vt 0.719507 0.510598
vt 0.721492 0.535515
vt 0.722120 0.543638
vt 0.697927 0.544192
vt 0.723072 0.559258
vt 0.698701 0.560115
vt 0.681792 0.546717
vt 0.682560 0.563142
vt 0.649990 0.547176
vt 0.649670 0.515996
vt 0.651611 0.577118
vt 0.650265 0.557656
vt 0.642013 0.560997
vt 0.641819 0.549603
vt 0.643505 0.582276
vt 0.614018 0.595230
vt 0.615119 0.565109
vt 0.615449 0.552083
vt 0.641617 0.516900
vt 0.615830 0.517585
vt 0.498659 0.536205
vt 0.502591 0.535713
vt 0.506436 0.546660
vt 0.501437 0.546699
vt 0.506426 0.534912
vt 0.511324 0.546205
vt 0.516020 0.557490
vt 0.510133 0.533807
vt 0.516048 0.545324
vt 0.513679 0.532400
vt 0.520555 0.544008
vt 0.527319 0.555578
vt 0.521800 0.556810
vt 0.527227 0.568232
vt 0.524003 0.580002
vt 0.533858 0.567068
vt 0.540059 0.578442
vt 0.532167 0.579558
vt 0.517031 0.530697
vt 0.524794 0.542248
vt 0.520156 0.528700
vt 0.528713 0.540034
vt 0.537264 0.551382
vt 0.532500 0.553781
vt 0.523021 0.526413
vt 0.532259 0.537356
vt 0.525594 0.523840
vt 0.535379 0.534206
vt 0.545219 0.544626
vt 0.541530 0.548344
vt 0.550869 0.559419
vt 0.545801 0.562760
vt 0.555172 0.555155
vt 0.565293 0.565848
vt 0.561640 0.571848
vt 0.559965 0.571312
vt 0.558215 0.571136
vt 0.556468 0.571327
vt 0.554798 0.571878
vt 0.553279 0.572764
vt 0.540090 0.565277
vt 0.549892 0.580463
vt 0.549884 0.578705
vt 0.550242 0.576983
vt 0.550950 0.575374
vt 0.551978 0.573947
vt 0.545809 0.589659
vt 0.550265 0.582181
vt 0.555187 0.587985
vt 0.553371 0.586446
vt 0.550988 0.583784
vt 0.552028 0.585202
vt 0.557321 0.589580
vt 0.561210 0.599177
vt 0.559653 0.591098
vt 0.561978 0.592238
vt 0.570777 0.597076
vt 0.565750 0.592146
vt 0.564074 0.592670
vt 0.550976 0.600542
vt 0.575639 0.576758
vt 0.566934 0.579370
vt 0.566272 0.576985
vt 0.565518 0.575309
vt 0.564478 0.573891
vt 0.563166 0.572720
vt 0.586483 0.588231
vt 0.579496 0.593768
vt 0.567402 0.582187
vt 0.567626 0.585250
vt 0.567496 0.588192
vt 0.566895 0.590601
vt 0.589030 0.606101
vt 0.577726 0.608309
vt 0.598100 0.600612
vt 0.595147 0.618193
vt 0.582350 0.618984
vt 0.566642 0.609790
vt 0.555424 0.610912
vt 0.570555 0.619724
vt 0.559019 0.620591
vt 0.517347 0.590860
vt 0.508095 0.589535
vt 0.526886 0.591212
vt 0.529178 0.602270
vt 0.517875 0.602198
vt 0.507213 0.600904
vt 0.536458 0.590757
vt 0.540255 0.601646
vt 0.543716 0.612043
vt 0.531094 0.613056
vt 0.538072 0.632471
vt 0.517132 0.613823
vt 0.504357 0.612993
vt 0.518345 0.624978
vt 0.533870 0.497568
vt 0.544647 0.499310
vt 0.544847 0.503764
vt 0.534099 0.500910
vt 0.555373 0.501004
vt 0.555390 0.512310
vt 0.544695 0.508373
vt 0.533952 0.504341
vt 0.565997 0.502604
vt 0.566141 0.509178
vt 0.576467 0.504062
vt 0.576674 0.511846
vt 0.575175 0.512729
vt 0.577071 0.520935
vt 0.565988 0.516057
vt 0.576518 0.519216
vt 0.575885 0.517402
vt 0.575053 0.515613
vt 0.574653 0.514011
vt 0.565480 0.523104
vt 0.554867 0.518182
vt 0.576175 0.528750
vt 0.575115 0.536040
vt 0.564562 0.530183
vt 0.553936 0.524036
vt 0.544172 0.513048
vt 0.533438 0.507810
vt 0.543262 0.517697
vt 0.532562 0.511261
vt 0.586698 0.515290
vt 0.585819 0.513774
vt 0.586733 0.505331
vt 0.584676 0.512570
vt 0.583233 0.511756
vt 0.581196 0.511355
vt 0.578847 0.511388
vt 0.596743 0.506364
vt 0.596816 0.515468
vt 0.584631 0.524268
vt 0.585777 0.523299
vt 0.596729 0.525222
vt 0.586657 0.521968
vt 0.587232 0.516914
vt 0.587212 0.520378
vt 0.587408 0.518651
vt 0.606447 0.507112
vt 0.606500 0.516783
vt 0.605827 0.549886
vt 0.596410 0.535449
vt 0.577940 0.522405
vt 0.586434 0.532558
vt 0.583294 0.524802
vt 0.581858 0.524864
vt 0.580421 0.524453
vt 0.579084 0.523610
vt 0.593415 0.568761
vt 0.571854 0.552364
vt 0.582611 0.560881
vt 0.605227 0.562296
vt 0.602483 0.589290
vt 0.590857 0.579446
vt 0.579779 0.569531
vt 0.569079 0.559641
vt 0.541945 0.522228
vt 0.531333 0.514643
vt 0.558588 0.549871
vt 0.540204 0.526551
vt 0.529757 0.517902
vt 0.538021 0.530574
vt 0.527842 0.520986
vt 0.549038 0.951311
vt 0.560043 0.992168
vt 0.552538 0.987763
vt 0.545032 0.982623
vt 0.537527 0.976994
vt 0.522516 0.965247
vt 0.530021 0.971121
vt 0.515011 0.959618
vt 0.546659 0.930486
vt 0.507505 0.954478
vt 0.500000 0.950073
vt 0.584281 0.930757
vt 0.583400 0.954530
vt 0.590065 1.000000
vt 0.582559 0.999511
vt 0.575054 0.998042
vt 0.567549 0.995595
vt 0.622040 0.929541
vt 0.618877 0.952735
vt 0.620086 0.992168
vt 0.612581 0.995595
vt 0.605075 0.998042
vt 0.597570 0.999511
vt 0.567708 0.863731
vt 0.574780 0.866874
vt 0.573207 0.877509
vt 0.564845 0.877217
vt 0.582306 0.868818
vt 0.581095 0.878450
vt 0.588003 0.887935
vt 0.546228 0.889901
vt 0.590013 0.869643
vt 0.588995 0.878820
vt 0.597626 0.869427
vt 0.596754 0.878549
vt 0.587064 0.896922
vt 0.546135 0.898659
vt 0.586204 0.905721
vt 0.546009 0.907149
vt 0.604869 0.868249
vt 0.604221 0.877567
vt 0.611468 0.866187
vt 0.611284 0.876068
vt 0.611004 0.885806
vt 0.617149 0.863321
vt 0.617835 0.874247
vt 0.621636 0.859729
vt 0.624636 0.873415
vt 0.625488 0.884399
vt 0.618240 0.884820
vt 0.625533 0.894450
vt 0.625023 0.903819
vt 0.624207 0.912754
vt 0.585451 0.914267
vt 0.623181 0.921310
vt 0.584808 0.922599
vt 0.546041 0.915258
vt 0.546251 0.923023
vt 0.499185 0.876913
vt 0.528500 0.875419
vt 0.529292 0.883565
vt 0.499456 0.884821
vt 0.499666 0.892787
vt 0.536502 0.874262
vt 0.537414 0.882533
vt 0.545229 0.872388
vt 0.546095 0.880989
vt 0.555021 0.869491
vt 0.555524 0.878797
vt 0.499830 0.900893
vt 0.499964 0.909218
vt 0.500083 0.917843
vt 0.500197 0.927071
vt 0.500313 0.937204
vt 0.680129 0.950073
vt 0.672624 0.954478
vt 0.665119 0.959618
vt 0.657613 0.965247
vt 0.650108 0.971121
vt 0.642602 0.976994
vt 0.635097 0.982623
vt 0.627592 0.987763
vt 0.682000 0.875971
vt 0.695920 0.876653
vt 0.695773 0.900473
vt 0.681638 0.899988
vt 0.695671 0.908718
vt 0.681377 0.908426
vt 0.717745 0.877085
vt 0.717729 0.900621
vt 0.717718 0.908506
vt 0.717704 0.916422
vt 0.695550 0.917208
vt 0.717689 0.924363
vt 0.695417 0.925949
vt 0.717673 0.932319
vt 0.732667 0.939794
vt 0.725162 0.939916
vt 0.695280 0.934949
vt 0.717656 0.940284
vt 0.710151 0.941018
vt 0.681059 0.917196
vt 0.680684 0.926598
vt 0.702646 0.942241
vt 0.695140 0.944077
vt 0.680252 0.936932
vt 0.687635 0.946647
vt 0.632141 0.865583
vt 0.632450 0.874885
vt 0.640511 0.868749
vt 0.640492 0.877266
vt 0.640456 0.886340
vt 0.632969 0.885078
vt 0.608050 0.821636
vt 0.621957 0.817623
vt 0.624337 0.824156
vt 0.614183 0.825758
vt 0.632528 0.815844
vt 0.634050 0.822830
vt 0.636129 0.829319
vt 0.627710 0.829808
vt 0.619130 0.830395
vt 0.641846 0.814815
vt 0.642877 0.822058
vt 0.647414 0.813205
vt 0.680782 0.821912
vt 0.644224 0.829023
vt 0.645631 0.835814
vt 0.638119 0.835641
vt 0.681239 0.837289
vt 0.646844 0.842535
vt 0.639713 0.841893
vt 0.630509 0.835502
vt 0.622849 0.835380
vt 0.632522 0.841227
vt 0.625302 0.840548
vt 0.633539 0.846975
vt 0.626447 0.845733
vt 0.640601 0.848174
vt 0.640910 0.854612
vt 0.633624 0.852757
vt 0.626245 0.850769
vt 0.681674 0.852680
vt 0.640765 0.861334
vt 0.632846 0.858583
vt 0.624654 0.855489
vt 0.695412 0.822150
vt 0.695602 0.837694
vt 0.717687 0.822300
vt 0.717709 0.837950
vt 0.717730 0.853600
vt 0.695783 0.853244
vt 0.695143 0.767497
vt 0.680135 0.767495
vt 0.695149 0.775325
vt 0.680151 0.775317
vt 0.695220 0.798775
vt 0.680320 0.798706
vt 0.717657 0.767498
vt 0.717657 0.775330
vt 0.717665 0.798819
vt 0.642210 0.767418
vt 0.626490 0.767264
vt 0.642050 0.775294
vt 0.626030 0.775188
vt 0.649711 0.798920
vt 0.614288 0.800328
vt 0.649877 0.806689
vt 0.632586 0.799787
vt 0.623465 0.800256
vt 0.641338 0.799310
vt 0.641387 0.807193
vt 0.632212 0.808031
vt 0.622134 0.809291
vt 0.612132 0.809897
vt 0.496661 0.813555
vt 0.520347 0.812399
vt 0.529154 0.843175
vt 0.497243 0.837212
vt 0.533014 0.813418
vt 0.532831 0.820935
vt 0.533054 0.828184
vt 0.540319 0.815059
vt 0.539661 0.822124
vt 0.549543 0.819078
vt 0.546733 0.823615
vt 0.545663 0.829081
vt 0.539321 0.828579
vt 0.540047 0.835279
vt 0.533918 0.835418
vt 0.546189 0.835161
vt 0.548167 0.841539
vt 0.541811 0.842099
vt 0.535469 0.842648
vt 0.537750 0.849886
vt 0.530977 0.850770
vt 0.540417 0.857176
vt 0.532999 0.858441
vt 0.525823 0.859419
vt 0.544586 0.848915
vt 0.551452 0.847900
vt 0.555900 0.853929
vt 0.548094 0.855624
vt 0.552058 0.862124
vt 0.543123 0.864563
vt 0.561367 0.859311
vt 0.534935 0.866252
vt 0.527284 0.867378
vt 0.498835 0.868984
vt 0.577349 0.766159
vt 0.546943 0.766480
vt 0.585490 0.766294
vt 0.584090 0.773817
vt 0.575789 0.773627
vt 0.587870 0.797589
vt 0.562959 0.796989
vt 0.545041 0.773738
vt 0.548038 0.797768
vt 0.610269 0.766930
vt 0.609435 0.774760
vt 0.596594 0.798557
vt 0.605365 0.799616
vt 0.603189 0.808772
vt 0.594709 0.806982
vt 0.600770 0.818195
vt 0.592724 0.815505
vt 0.579357 0.800557
vt 0.586100 0.805596
vt 0.577579 0.804776
vt 0.584288 0.813636
vt 0.575843 0.812660
vt 0.554897 0.801634
vt 0.569105 0.800884
vt 0.569365 0.804687
vt 0.561661 0.805268
vt 0.567767 0.812645
vt 0.560439 0.813663
vt 0.554671 0.806460
vt 0.547825 0.807227
vt 0.554238 0.815784
vt 0.740173 0.446402
vt 0.762534 0.446370
vt 0.762550 0.454235
vt 0.740188 0.454253
vt 0.776926 0.446241
vt 0.776973 0.454141
vt 0.777115 0.470159
vt 0.762641 0.470145
vt 0.740331 0.470084
vt 0.796967 0.445724
vt 0.797158 0.453756
vt 0.797720 0.470102
vt 0.798402 0.495490
vt 0.777319 0.495083
vt 0.763003 0.494823
vt 0.741058 0.494439
vt 0.833782 0.437499
vt 0.827351 0.453307
vt 0.829270 0.469709
vt 0.833516 0.445704
vt 0.833593 0.453653
vt 0.841449 0.438962
vt 0.840622 0.446913
vt 0.851320 0.442937
vt 0.848013 0.448424
vt 0.846534 0.454874
vt 0.840018 0.454211
vt 0.840472 0.461773
vt 0.834271 0.461614
vt 0.846689 0.461954
vt 0.848283 0.469326
vt 0.841928 0.469459
vt 0.835587 0.469588
vt 0.831094 0.461390
vt 0.837575 0.477578
vt 0.830864 0.477960
vt 0.839901 0.485588
vt 0.832611 0.486282
vt 0.825519 0.486744
vt 0.844336 0.477133
vt 0.851121 0.476656
vt 0.855010 0.483608
vt 0.847403 0.484658
vt 0.850837 0.491895
vt 0.842229 0.493622
vt 0.859754 0.489846
vt 0.834236 0.494705
vt 0.826686 0.495315
vt 0.796762 0.376652
vt 0.833481 0.374052
vt 0.830881 0.396238
vt 0.797614 0.399051
vt 0.835533 0.411278
vt 0.797344 0.414331
vt 0.855565 0.368595
vt 0.852455 0.391359
vt 0.850089 0.408799
vt 0.842612 0.410247
vt 0.849393 0.418582
vt 0.841859 0.419492
vt 0.834680 0.419906
vt 0.841666 0.429442
vt 0.834133 0.428773
vt 0.849398 0.429413
vt 0.796967 0.429889
vt 0.737766 0.376536
vt 0.759808 0.376763
vt 0.761918 0.399588
vt 0.739600 0.399560
vt 0.774592 0.376828
vt 0.776536 0.399502
vt 0.776907 0.414934
vt 0.762423 0.415079
vt 0.740058 0.415105
vt 0.776926 0.430537
vt 0.762534 0.430699
vt 0.740173 0.430739
vt 0.911581 0.443044
vt 0.924021 0.437066
vt 0.925719 0.445758
vt 0.916374 0.448057
vt 0.933392 0.434668
vt 0.934599 0.443852
vt 0.935834 0.452051
vt 0.927805 0.452894
vt 0.919585 0.453855
vt 0.941625 0.411288
vt 0.944109 0.459686
vt 0.936643 0.459830
vt 0.936873 0.467371
vt 0.929024 0.460003
vt 0.921329 0.460191
vt 0.929321 0.467097
vt 0.921716 0.466817
vt 0.946811 0.401024
vt 0.958277 0.459543
vt 0.970494 0.428292
vt 0.973778 0.439550
vt 0.978000 0.459618
vt 0.976241 0.449951
vt 0.979876 0.477239
vt 0.979172 0.468673
vt 0.980228 0.485438
vt 0.980345 0.493392
vt 0.928639 0.474186
vt 0.920858 0.473485
vt 0.936369 0.474857
vt 0.935404 0.482344
vt 0.927195 0.481198
vt 0.918867 0.479949
vt 0.934250 0.489885
vt 0.925207 0.488063
vt 0.915856 0.485959
vt 0.934375 0.335781
vt 0.939300 0.348752
vt 0.930153 0.323544
vt 0.911893 0.372149
vt 0.944695 0.362212
vt 0.950324 0.375918
vt 0.932283 0.412460
vt 0.916554 0.411737
vt 0.961347 0.403084
vt 0.966273 0.416055
vt 0.955953 0.389623
vt 0.915035 0.426011
vt 0.923967 0.425290
vt 0.924664 0.412174
vt 0.932667 0.423937
vt 0.894338 0.347990
vt 0.894506 0.376253
vt 0.891223 0.410556
vt 0.858024 0.406810
vt 0.908175 0.416699
vt 0.898995 0.415275
vt 0.906789 0.424912
vt 0.898658 0.423282
vt 0.905096 0.439065
vt 0.897383 0.436152
vt 0.882447 0.415009
vt 0.890070 0.422408
vt 0.881309 0.422397
vt 0.888906 0.434338
vt 0.880130 0.433658
vt 0.861925 0.411296
vt 0.857191 0.416779
vt 0.865304 0.414634
vt 0.873778 0.412696
vt 0.872656 0.423356
vt 0.864394 0.425130
vt 0.871519 0.434145
vt 0.863538 0.435831
vt 0.856808 0.427562
vt 0.856650 0.438751
vt 0.857907 0.312878
vt 0.880155 0.311448
vt 0.875582 0.330670
vt 0.856165 0.334535
vt 0.885222 0.332725
vt 0.895582 0.313186
vt 0.855913 0.348186
vt 0.863453 0.250222
vt 0.883536 0.250519
vt 0.883119 0.274028
vt 0.861989 0.274078
vt 0.882469 0.289438
vt 0.860409 0.289874
vt 0.897938 0.250593
vt 0.897917 0.274156
vt 0.920302 0.250612
vt 0.920302 0.258443
vt 0.920419 0.266397
vt 0.920771 0.274596
vt 0.921475 0.283162
vt 0.898037 0.290030
vt 0.922647 0.292217
vt 0.924407 0.301884
vt 0.926869 0.312286
vt 0.730216 0.314031
vt 0.752426 0.315080
vt 0.753406 0.339254
vt 0.732012 0.338430
vt 0.768242 0.315777
vt 0.768427 0.339689
vt 0.792877 0.316294
vt 0.792074 0.339837
vt 0.793772 0.354706
vt 0.770694 0.354695
vt 0.755844 0.354422
vt 0.734324 0.353841
vt 0.833123 0.337738
vt 0.834290 0.314790
vt 0.833447 0.352417
vt 0.811825 0.247495
vt 0.845429 0.249593
vt 0.841964 0.274102
vt 0.805565 0.273111
vt 0.838567 0.290580
vt 0.799735 0.290665
vt 0.740953 0.179446
vt 0.763807 0.179115
vt 0.766428 0.214538
vt 0.739805 0.214677
vt 0.779391 0.179177
vt 0.784616 0.215147
vt 0.802536 0.179460
vt 0.810092 0.216469
vt 0.812164 0.231603
vt 0.785779 0.229891
vt 0.784931 0.245609
vt 0.766687 0.229024
vt 0.738901 0.228912
vt 0.765490 0.244565
vt 0.737405 0.244168
vt 0.838842 0.180257
vt 0.843994 0.218272
vt 0.859326 0.181635
vt 0.862732 0.219011
vt 0.863437 0.234497
vt 0.845435 0.233754
vt 0.807721 0.118453
vt 0.815227 0.121145
vt 0.800259 0.147198
vt 0.800216 0.115027
vt 0.822732 0.123348
vt 0.830237 0.125306
vt 0.837347 0.149917
vt 0.837436 0.157486
vt 0.800569 0.155736
vt 0.837743 0.127264
vt 0.845248 0.129466
vt 0.852754 0.132159
vt 0.860259 0.135585
vt 0.858199 0.154201
vt 0.857981 0.160710
vt 0.740937 0.126032
vt 0.760525 0.127284
vt 0.762588 0.149129
vt 0.741522 0.148934
vt 0.774218 0.125799
vt 0.777393 0.148487
vt 0.777813 0.156342
vt 0.762921 0.156665
vt 0.741474 0.156656
vt 0.878742 0.183545
vt 0.883046 0.219475
vt 0.890412 0.183258
vt 0.897293 0.219527
vt 0.910451 0.187959
vt 0.913735 0.195790
vt 0.916198 0.203622
vt 0.917957 0.211454
vt 0.919129 0.219285
vt 0.897876 0.234953
vt 0.883500 0.234866
vt 0.919833 0.227117
vt 0.920185 0.234949
vt 0.920302 0.242780
vt 0.867764 0.139990
vt 0.875152 0.145252
vt 0.882306 0.151248
vt 0.889108 0.157856
vt 0.876414 0.162424
vt 0.875528 0.166574
vt 0.906229 0.180127
vt 0.901187 0.172418
vt 0.895440 0.164953
vt 0.747678 0.077337
vt 0.755183 0.082477
vt 0.756737 0.099518
vt 0.739027 0.091257
vt 0.740173 0.072932
vt 0.762689 0.088106
vt 0.770194 0.093979
vt 0.761527 0.103140
vt 0.792710 0.110622
vt 0.785205 0.105482
vt 0.777699 0.099853
vt 0.499716 0.188857
vt 0.522377 0.188724
vt 0.522447 0.211786
vt 0.499990 0.211766
vt 0.536777 0.188645
vt 0.536936 0.211893
vt 0.537126 0.219918
vt 0.522553 0.219724
vt 0.500110 0.219639
vt 0.550287 0.188718
vt 0.550725 0.212142
vt 0.551090 0.220251
vt 0.552140 0.237288
vt 0.537771 0.236622
vt 0.553609 0.255820
vt 0.538834 0.254471
vt 0.522969 0.236121
vt 0.500499 0.235822
vt 0.523747 0.253378
vt 0.501206 0.252683
vt 0.568452 0.189284
vt 0.569651 0.212850
vt 0.586098 0.189050
vt 0.586454 0.196937
vt 0.587151 0.204991
vt 0.594677 0.213207
vt 0.589349 0.221683
vt 0.570461 0.221037
vt 0.592634 0.188228
vt 0.593012 0.196330
vt 0.593663 0.204734
vt 0.599933 0.186650
vt 0.600206 0.195267
vt 0.609200 0.182861
vt 0.607541 0.194799
vt 0.607779 0.204424
vt 0.600566 0.204425
vt 0.601523 0.213228
vt 0.608735 0.213384
vt 0.610133 0.222046
vt 0.613289 0.239761
vt 0.592199 0.239415
vt 0.615998 0.259260
vt 0.594892 0.259249
vt 0.572442 0.238444
vt 0.574609 0.257855
vt 0.552411 0.126160
vt 0.573647 0.125920
vt 0.572073 0.141910
vt 0.551754 0.142120
vt 0.588475 0.126654
vt 0.590146 0.135712
vt 0.585706 0.142575
vt 0.589065 0.149932
vt 0.588881 0.158533
vt 0.569603 0.165731
vt 0.550779 0.165560
vt 0.596424 0.127495
vt 0.594810 0.135473
vt 0.605100 0.128911
vt 0.602943 0.136757
vt 0.600182 0.144218
vt 0.592822 0.143272
vt 0.614837 0.131140
vt 0.611821 0.138654
vt 0.627447 0.135739
vt 0.621072 0.140859
vt 0.615553 0.146715
vt 0.607803 0.145406
vt 0.604240 0.152293
vt 0.597463 0.151577
vt 0.611049 0.153049
vt 0.607714 0.159604
vt 0.601417 0.159229
vt 0.595135 0.158868
vt 0.590749 0.150942
vt 0.593548 0.166128
vt 0.590869 0.166041
vt 0.592663 0.173384
vt 0.589511 0.173634
vt 0.599620 0.166131
vt 0.605705 0.166120
vt 0.605179 0.172340
vt 0.598882 0.172909
vt 0.599239 0.179473
vt 0.592438 0.180665
vt 0.606292 0.178006
vt 0.589072 0.182057
vt 0.489313 0.118291
vt 0.502353 0.122602
vt 0.503035 0.131823
vt 0.493773 0.131122
vt 0.512487 0.124524
vt 0.512616 0.133140
vt 0.513211 0.141815
vt 0.504550 0.141337
vt 0.495990 0.141144
vt 0.521541 0.125608
vt 0.521449 0.133935
vt 0.537674 0.126317
vt 0.537337 0.142441
vt 0.521605 0.142200
vt 0.513828 0.150229
vt 0.537012 0.165803
vt 0.522319 0.166082
vt 0.505649 0.150130
vt 0.497447 0.150132
vt 0.498992 0.166305
vt 0.614059 0.186646
vt 0.614522 0.195976
vt 0.620471 0.189350
vt 0.621693 0.197675
vt 0.622975 0.205970
vt 0.615217 0.205088
vt 0.628036 0.190960
vt 0.629598 0.198774
vt 0.636356 0.191464
vt 0.638013 0.199140
vt 0.639638 0.206849
vt 0.631148 0.206624
vt 0.651272 0.222152
vt 0.634172 0.222570
vt 0.616376 0.213763
vt 0.645031 0.190850
vt 0.646714 0.198641
vt 0.653662 0.189106
vt 0.655462 0.197388
vt 0.657156 0.205596
vt 0.648348 0.206446
vt 0.661850 0.186220
vt 0.664016 0.195494
vt 0.669197 0.182179
vt 0.672919 0.194081
vt 0.674773 0.203533
vt 0.665940 0.204480
vt 0.667379 0.212891
vt 0.658639 0.213653
vt 0.676018 0.212136
vt 0.676820 0.220203
vt 0.659892 0.221611
vt 0.649884 0.214278
vt 0.661664 0.237495
vt 0.653446 0.238178
vt 0.677650 0.235811
vt 0.677768 0.251630
vt 0.662571 0.254142
vt 0.654748 0.255320
vt 0.636958 0.239175
vt 0.638981 0.257372
vt 0.682759 0.185693
vt 0.682714 0.194274
vt 0.693055 0.187073
vt 0.692511 0.195043
vt 0.692565 0.203113
vt 0.683730 0.203189
vt 0.702129 0.187713
vt 0.701421 0.195359
vt 0.710382 0.187854
vt 0.709696 0.195333
vt 0.709176 0.202708
vt 0.701033 0.202970
vt 0.700825 0.210525
vt 0.692734 0.211013
vt 0.692875 0.218740
vt 0.684467 0.211530
vt 0.718936 0.180197
vt 0.715980 0.216481
vt 0.714824 0.230812
vt 0.692681 0.233797
vt 0.713532 0.245887
vt 0.692105 0.249106
vt 0.681506 0.133156
vt 0.692041 0.128684
vt 0.692879 0.136141
vt 0.684684 0.138097
vt 0.700419 0.126669
vt 0.700792 0.134507
vt 0.701083 0.142058
vt 0.693827 0.142958
vt 0.686472 0.143979
vt 0.707988 0.125536
vt 0.704518 0.133798
vt 0.708140 0.141400
vt 0.705079 0.148834
vt 0.700927 0.149581
vt 0.707218 0.156959
vt 0.700180 0.157085
vt 0.693924 0.150024
vt 0.686890 0.150502
vt 0.693085 0.157221
vt 0.685961 0.157364
vt 0.721707 0.124911
vt 0.721442 0.148799
vt 0.721008 0.156764
vt 0.704697 0.172379
vt 0.691225 0.164432
vt 0.683706 0.164263
vt 0.698698 0.164578
vt 0.696769 0.172047
vt 0.688534 0.171522
vt 0.680146 0.170900
vt 0.702972 0.164339
vt 0.703300 0.180055
vt 0.694681 0.179476
vt 0.685206 0.178359
vt 0.675302 0.176972
vt 0.627592 0.055800
vt 0.635097 0.058370
vt 0.620086 0.052374
vt 0.645065 0.084808
vt 0.613103 0.085003
vt 0.642602 0.060206
vt 0.650108 0.061429
vt 0.652991 0.084998
vt 0.657613 0.062163
vt 0.665119 0.062531
vt 0.668638 0.085182
vt 0.672624 0.062653
vt 0.680129 0.062653
vt 0.683881 0.085220
vt 0.670745 0.109545
vt 0.663301 0.109143
vt 0.655650 0.109140
vt 0.685256 0.110557
vt 0.677990 0.110166
vt 0.677596 0.119638
vt 0.671016 0.118191
vt 0.684433 0.120535
vt 0.676917 0.129457
vt 0.671180 0.126969
vt 0.663946 0.117381
vt 0.656489 0.117310
vt 0.664559 0.125662
vt 0.657319 0.125503
vt 0.630616 0.102441
vt 0.622397 0.102833
vt 0.639770 0.110645
vt 0.631656 0.111704
vt 0.623348 0.112391
vt 0.647787 0.109716
vt 0.648750 0.118083
vt 0.640875 0.119540
vt 0.649724 0.126463
vt 0.642038 0.128509
vt 0.633011 0.121520
vt 0.624677 0.122753
vt 0.634524 0.131612
vt 0.687635 0.062653
vt 0.695140 0.062775
vt 0.705698 0.085536
vt 0.702646 0.063142
vt 0.710151 0.063877
vt 0.717656 0.065100
vt 0.725162 0.066936
vt 0.719464 0.086739
vt 0.732667 0.069506
vt 0.707486 0.109296
vt 0.700258 0.109710
vt 0.692763 0.110268
vt 0.705039 0.117552
vt 0.700326 0.118282
vt 0.692277 0.119699
vt 0.494813 0.067989
vt 0.506067 0.063081
vt 0.506813 0.070345
vt 0.497857 0.072234
vt 0.515134 0.061032
vt 0.515487 0.068842
vt 0.516003 0.076500
vt 0.507990 0.077114
vt 0.499870 0.077869
vt 0.523424 0.060080
vt 0.523598 0.068109
vt 0.538582 0.060168
vt 0.538772 0.084603
vt 0.523805 0.076167
vt 0.523914 0.084270
vt 0.516287 0.084284
vt 0.516168 0.092183
vt 0.508581 0.084369
vt 0.500835 0.084491
vt 0.508469 0.091938
vt 0.500734 0.091696
vt 0.552732 0.061587
vt 0.553182 0.085327
vt 0.507538 0.099648
vt 0.499549 0.099082
vt 0.515477 0.100186
vt 0.514435 0.108239
vt 0.505922 0.107298
vt 0.497262 0.106245
vt 0.522657 0.108954
vt 0.522005 0.117274
vt 0.513266 0.116288
vt 0.503754 0.114688
vt 0.493856 0.112782
vt 0.573261 0.064113
vt 0.574767 0.086330
vt 0.580119 0.064420
vt 0.582125 0.086436
vt 0.594080 0.063089
vt 0.597326 0.085979
vt 0.597846 0.102545
vt 0.589936 0.102278
vt 0.605940 0.102790
vt 0.606138 0.111574
vt 0.597804 0.110939
vt 0.593819 0.110268
vt 0.614148 0.102918
vt 0.614747 0.112203
vt 0.615395 0.121966
vt 0.606012 0.120399
vt 0.597376 0.119286
vt 0.592189 0.121166
vt 0.567549 0.014684
vt 0.575054 0.019824
vt 0.570885 0.033606
vt 0.560043 0.010279
vt 0.551597 0.025978
vt 0.582559 0.025453
vt 0.585305 0.044932
vt 0.576081 0.045754
vt 0.570589 0.044389
vt 0.551709 0.039537
vt 0.612581 0.047969
vt 0.605075 0.042829
vt 0.597570 0.037200
vt 0.590065 0.031326
vt 0.507505 0.000000
vt 0.515011 0.000122
vt 0.500000 0.000000
vt 0.523450 0.021457
vt 0.508740 0.021264
vt 0.522516 0.000489
vt 0.530021 0.001224
vt 0.537799 0.022948
vt 0.538083 0.037262
vt 0.523574 0.036345
vt 0.500350 0.045988
vt 0.537527 0.002447
vt 0.545032 0.004283
vt 0.552538 0.006853
vt 0.523414 0.052067
vt 0.515338 0.052794
vt 0.506766 0.054338
vt 0.498721 0.055695
vt 0.520882 0.474812
vt 0.536381 0.467822
vt 0.536296 0.472894
vt 0.523301 0.477398
vt 0.548945 0.463346
vt 0.548905 0.468713
vt 0.549741 0.473309
vt 0.537737 0.476600
vt 0.525555 0.480030
vt 0.560578 0.459675
vt 0.560743 0.465181
vt 0.561388 0.470295
vt 0.554054 0.475771
vt 0.550907 0.477620
vt 0.552163 0.481873
vt 0.539307 0.480141
vt 0.527613 0.482723
vt 0.540841 0.483662
vt 0.529443 0.485489
vt 0.602521 0.455220
vt 0.603592 0.461331
vt 0.611708 0.453514
vt 0.612959 0.459815
vt 0.614646 0.473639
vt 0.605150 0.474632
vt 0.606303 0.498118
vt 0.586480 0.497544
vt 0.615692 0.498156
vt 0.576150 0.497058
vt 0.542176 0.487310
vt 0.531015 0.488343
vt 0.553274 0.486292
vt 0.554202 0.490924
vt 0.543278 0.491113
vt 0.532297 0.491298
vt 0.565610 0.496473
vt 0.554914 0.495813
vt 0.544113 0.495103
vt 0.533260 0.494368
vt 0.521042 0.388158
vt 0.522428 0.392023
vt 0.517061 0.394723
vt 0.527397 0.397886
vt 0.524598 0.395279
vt 0.553659 0.422795
vt 0.546658 0.420016
vt 0.544534 0.434508
vt 0.530671 0.399805
vt 0.534265 0.400996
vt 0.538023 0.401420
vt 0.541790 0.401036
vt 0.599626 0.414639
vt 0.545412 0.399805
vt 0.597961 0.438404
vt 0.535742 0.452628
vt 0.605964 0.436489
vt 0.540442 0.443391
vt 0.550407 0.456716
vt 0.539391 0.460185
vt 0.530019 0.462520
vt 0.524223 0.413563
vt 0.520286 0.412367
vt 0.524547 0.421943
vt 0.520839 0.420579
vt 0.528535 0.414545
vt 0.526183 0.425396
vt 0.521462 0.430139
vt 0.523229 0.430472
vt 0.523857 0.428461
vt 0.524865 0.426729
vt 0.517937 0.428600
vt 0.516185 0.409838
vt 0.533617 0.416117
vt 0.539161 0.417678
vt 0.534940 0.428360
vt 0.538911 0.434209
vt 0.535613 0.434664
vt 0.535820 0.432510
vt 0.535590 0.430360
vt 0.527722 0.424551
vt 0.529376 0.424253
vt 0.531034 0.424521
vt 0.533914 0.426647
vt 0.532582 0.425338
vt 0.532659 0.439740
vt 0.525249 0.451469
vt 0.531120 0.440585
vt 0.529466 0.440884
vt 0.521338 0.450013
vt 0.527808 0.440615
vt 0.523902 0.436776
vt 0.524928 0.438489
vt 0.517809 0.448343
vt 0.526260 0.439798
vt 0.534621 0.443221
vt 0.533977 0.438407
vt 0.534985 0.436676
vt 0.529833 0.452498
vt 0.524273 0.462258
vt 0.520512 0.460594
vt 0.518327 0.472259
vt 0.515631 0.469785
vt 0.517094 0.458722
vt 0.513832 0.456799
vt 0.512786 0.467438
vt 0.509784 0.465264
vt 0.503901 0.451473
vt 0.500863 0.448764
vt 0.514648 0.436696
vt 0.518043 0.438386
vt 0.523252 0.434776
vt 0.523022 0.432626
vt 0.514374 0.446672
vt 0.510538 0.454985
vt 0.507223 0.453226
vt 0.506618 0.463310
vt 0.503280 0.461623
vt 0.499763 0.460250
vt 0.496061 0.459238
vt 0.636666 0.449638
vt 0.638469 0.456554
vt 0.644451 0.448535
vt 0.646414 0.455697
vt 0.648666 0.471040
vt 0.640618 0.471538
vt 0.676196 0.443974
vt 0.677764 0.452914
vt 0.679518 0.469778
vt 0.680401 0.494690
vt 0.649617 0.496724
vt 0.641569 0.497239
vt 0.693508 0.445026
vt 0.693956 0.453308
vt 0.694859 0.469757
vt 0.717477 0.446242
vt 0.717530 0.454128
vt 0.717764 0.469988
vt 0.718520 0.494112
vt 0.695658 0.494197
vt 0.680500 0.375893
vt 0.694602 0.376057
vt 0.695369 0.398374
vt 0.681163 0.396713
vt 0.694912 0.413427
vt 0.680099 0.410492
vt 0.716022 0.376295
vt 0.717307 0.399382
vt 0.717549 0.414914
vt 0.717503 0.430537
vt 0.693728 0.428861
vt 0.676710 0.424879
vt 0.548732 0.397688
vt 0.551690 0.394829
vt 0.554223 0.391371
vt 0.556270 0.387460
vt 0.621383 0.396017
vt 0.629006 0.423090
vt 0.557768 0.383239
vt 0.558656 0.378853
vt 0.558873 0.374446
vt 0.558355 0.370163
vt 0.649462 0.412689
vt 0.657009 0.419049
vt 0.633910 0.429048
vt 0.627385 0.430944
vt 0.711909 0.337935
vt 0.710177 0.313760
vt 0.692543 0.339017
vt 0.690996 0.315883
vt 0.713629 0.353407
vt 0.693550 0.353884
vt 0.680390 0.355125
vt 0.679720 0.341302
vt 0.677853 0.319502
vt 0.691135 0.273843
vt 0.677408 0.277223
vt 0.690729 0.290888
vt 0.677246 0.294662
vt 0.711493 0.270693
vt 0.733997 0.269676
vt 0.731792 0.287578
vt 0.710467 0.288016
vt 0.639686 0.288948
vt 0.617105 0.294459
vt 0.655168 0.284032
vt 0.655058 0.303673
vt 0.638792 0.311813
vt 0.615077 0.322228
vt 0.662763 0.281613
vt 0.662742 0.300230
vt 0.663835 0.325587
vt 0.656328 0.329910
vt 0.566363 0.348862
vt 0.512652 0.343336
vt 0.518991 0.363243
vt 0.510961 0.361082
vt 0.529386 0.346423
vt 0.535571 0.355201
vt 0.532178 0.357469
vt 0.529040 0.360705
vt 0.526255 0.364690
vt 0.523920 0.369204
vt 0.522134 0.374028
vt 0.520993 0.378941
vt 0.520597 0.383724
vt 0.510398 0.370542
vt 0.577822 0.292005
vt 0.556777 0.287399
vt 0.597116 0.294831
vt 0.597117 0.322281
vt 0.580467 0.318224
vt 0.560054 0.311433
vt 0.557042 0.366148
vt 0.555052 0.362515
vt 0.552504 0.359380
vt 0.549518 0.356859
vt 0.546213 0.355065
vt 0.542707 0.354114
vt 0.539120 0.354121
vt 0.525742 0.281050
vt 0.503131 0.279301
vt 0.541391 0.283907
vt 0.543862 0.305256
vt 0.527556 0.300310
vt 0.505087 0.297594
vt 0.545171 0.316099
vt 0.528548 0.310006
vt 0.506290 0.306806
vt 0.439957 0.814488
vt 0.440008 0.837930
vt 0.432525 0.837907
vt 0.432451 0.814488
vt 0.425041 0.837892
vt 0.424946 0.814488
vt 0.417551 0.837899
vt 0.417441 0.814488
vt 0.410049 0.837941
vt 0.409935 0.814488
vt 0.440675 0.868560
vt 0.433477 0.868239
vt 0.426301 0.868003
vt 0.441034 0.876017
vt 0.433991 0.875535
vt 0.427007 0.875151
vt 0.420043 0.875069
vt 0.419097 0.868009
vt 0.413054 0.875493
vt 0.411819 0.868415
vt 0.404418 0.869376
vt 0.402530 0.838032
vt 0.396702 0.870927
vt 0.395001 0.838140
vt 0.405999 0.876629
vt 0.398546 0.878647
vt 0.390361 0.881720
vt 0.388474 0.873103
vt 0.379914 0.887420
vt 0.372447 0.873919
vt 0.387468 0.838238
vt 0.372418 0.838279
vt 0.402430 0.814488
vt 0.394924 0.814488
vt 0.387419 0.814488
vt 0.372408 0.814488
vt 0.490657 0.837469
vt 0.490269 0.813866
vt 0.483841 0.837661
vt 0.483598 0.814099
vt 0.476830 0.837797
vt 0.476689 0.814266
vt 0.469656 0.837885
vt 0.469581 0.814377
vt 0.491718 0.869092
vt 0.484512 0.869165
vt 0.491951 0.876989
vt 0.484662 0.877033
vt 0.477341 0.877033
vt 0.477241 0.869196
vt 0.470010 0.876980
vt 0.469925 0.869182
vt 0.462588 0.869116
vt 0.462354 0.837934
vt 0.455253 0.868993
vt 0.454956 0.837952
vt 0.462691 0.876863
vt 0.455407 0.876670
vt 0.448180 0.876392
vt 0.447941 0.868810
vt 0.447496 0.837947
vt 0.462314 0.814444
vt 0.454928 0.814477
vt 0.447462 0.814488
vt 0.446178 0.756801
vt 0.454325 0.757954
vt 0.454396 0.766393
vt 0.446591 0.765871
vt 0.437980 0.756241
vt 0.438793 0.765647
vt 0.462132 0.758745
vt 0.469738 0.759036
vt 0.469734 0.767011
vt 0.462107 0.766832
vt 0.462169 0.774905
vt 0.454567 0.774683
vt 0.469711 0.774991
vt 0.469644 0.790847
vt 0.462300 0.790877
vt 0.454859 0.790856
vt 0.446939 0.774462
vt 0.439319 0.774382
vt 0.447357 0.790820
vt 0.439829 0.790804
vt 0.477285 0.758687
vt 0.484925 0.757832
vt 0.484777 0.766224
vt 0.477287 0.766753
vt 0.492810 0.756603
vt 0.499510 0.765223
vt 0.492218 0.765592
vt 0.491643 0.774100
vt 0.484482 0.774464
vt 0.498610 0.773836
vt 0.497362 0.790035
vt 0.490751 0.790307
vt 0.483904 0.790545
vt 0.477160 0.774802
vt 0.476857 0.790731
vt 0.431098 0.766100
vt 0.430024 0.757224
vt 0.423518 0.766868
vt 0.422350 0.758793
vt 0.431741 0.774580
vt 0.432309 0.790843
vt 0.424798 0.790915
vt 0.424204 0.774938
vt 0.416708 0.775339
vt 0.416061 0.767588
vt 0.417294 0.790995
vt 0.409798 0.791061
vt 0.409251 0.775666
vt 0.408689 0.768123
vt 0.414999 0.759987
vt 0.407825 0.760755
vt 0.402311 0.791088
vt 0.394827 0.791087
vt 0.387346 0.791070
vt 0.372374 0.791029
vt 0.401367 0.768337
vt 0.400683 0.761044
vt 0.394071 0.768322
vt 0.393547 0.760993
vt 0.401834 0.775801
vt 0.394439 0.775799
vt 0.387052 0.775713
vt 0.386778 0.768168
vt 0.372237 0.775509
vt 0.372109 0.767811
vt 0.386393 0.760738
vt 0.371929 0.760167
vt 0.271816 0.814639
vt 0.286129 0.813511
vt 0.292047 0.831264
vt 0.279590 0.834297
vt 0.328072 0.814032
vt 0.328274 0.836314
vt 0.302785 0.831165
vt 0.299941 0.813092
vt 0.288313 0.847280
vt 0.300169 0.877141
vt 0.335316 0.814203
vt 0.335373 0.836997
vt 0.357447 0.814456
vt 0.357448 0.838026
vt 0.356733 0.871104
vt 0.372408 0.883994
vt 0.364668 0.881424
vt 0.356459 0.879588
vt 0.347547 0.878365
vt 0.329252 0.868912
vt 0.337696 0.877631
vt 0.326672 0.877264
vt 0.314241 0.877141
vt 0.327560 0.760652
vt 0.334988 0.760291
vt 0.334936 0.768112
vt 0.327472 0.768471
vt 0.357240 0.759916
vt 0.357297 0.767680
vt 0.357340 0.775457
vt 0.334913 0.775888
vt 0.357395 0.791043
vt 0.334966 0.791319
vt 0.327432 0.776218
vt 0.327512 0.791513
vt 0.252899 0.749959
vt 0.264669 0.753555
vt 0.264570 0.762547
vt 0.256039 0.762153
vt 0.274045 0.754875
vt 0.273524 0.763372
vt 0.273670 0.771716
vt 0.265472 0.771595
vt 0.257521 0.771592
vt 0.282588 0.755371
vt 0.281961 0.763635
vt 0.290564 0.755310
vt 0.290001 0.763480
vt 0.289747 0.771381
vt 0.281784 0.771651
vt 0.281956 0.779383
vt 0.274101 0.779644
vt 0.289760 0.779005
vt 0.282959 0.793844
vt 0.267943 0.794605
vt 0.266284 0.779826
vt 0.258590 0.779967
vt 0.297763 0.763049
vt 0.297495 0.770886
vt 0.297425 0.778474
vt 0.297835 0.792929
vt 0.265168 0.691644
vt 0.275128 0.687967
vt 0.275735 0.696072
vt 0.268006 0.697441
vt 0.283047 0.686579
vt 0.283203 0.695000
vt 0.283134 0.703445
vt 0.276266 0.703933
vt 0.269312 0.704528
vt 0.290205 0.686019
vt 0.290153 0.694520
vt 0.296865 0.686025
vt 0.296749 0.694469
vt 0.289830 0.703171
vt 0.289193 0.711923
vt 0.282571 0.712062
vt 0.295755 0.711864
vt 0.294891 0.720686
vt 0.288199 0.720723
vt 0.281457 0.720762
vt 0.275909 0.712255
vt 0.269227 0.712474
vt 0.274683 0.720804
vt 0.267893 0.720846
vt 0.303294 0.686331
vt 0.303156 0.694687
vt 0.329037 0.688504
vt 0.328989 0.696429
vt 0.328875 0.704430
vt 0.328712 0.712483
vt 0.302236 0.711912
vt 0.328299 0.728658
vt 0.300673 0.729391
vt 0.293793 0.729505
vt 0.292608 0.738259
vt 0.291483 0.746882
vt 0.272606 0.729348
vt 0.265452 0.729212
vt 0.279733 0.729459
vt 0.277687 0.738063
vt 0.269918 0.737654
vt 0.262044 0.737141
vt 0.286804 0.729519
vt 0.285246 0.738261
vt 0.283762 0.746896
vt 0.275612 0.746486
vt 0.266862 0.745491
vt 0.257813 0.744201
vt 0.335912 0.688888
vt 0.335883 0.696745
vt 0.335807 0.704658
vt 0.357366 0.689585
vt 0.357387 0.697473
vt 0.357274 0.705384
vt 0.357108 0.713290
vt 0.335697 0.712613
vt 0.356937 0.728958
vt 0.335432 0.728574
vt 0.372515 0.689767
vt 0.372399 0.698351
vt 0.371763 0.706769
vt 0.371249 0.714762
vt 0.370918 0.730071
vt 0.375127 0.583935
vt 0.374882 0.597547
vt 0.373222 0.584397
vt 0.369066 0.597333
vt 0.371242 0.584689
vt 0.369223 0.584805
vt 0.363270 0.584097
vt 0.365202 0.584507
vt 0.362859 0.597121
vt 0.367198 0.584745
vt 0.358175 0.581918
vt 0.359726 0.582791
vt 0.356315 0.596903
vt 0.361434 0.583522
vt 0.349490 0.596670
vt 0.349697 0.588995
vt 0.349990 0.581473
vt 0.356807 0.580916
vt 0.355647 0.579803
vt 0.354713 0.578598
vt 0.350384 0.574152
vt 0.353413 0.574645
vt 0.353587 0.575997
vt 0.354023 0.577323
vt 0.350895 0.567081
vt 0.354470 0.570659
vt 0.353858 0.571953
vt 0.353504 0.573289
vt 0.374610 0.605399
vt 0.368878 0.605185
vt 0.362716 0.604955
vt 0.367972 0.635855
vt 0.355855 0.635833
vt 0.356187 0.604709
vt 0.349353 0.604450
vt 0.335022 0.603907
vt 0.342438 0.596413
vt 0.335209 0.596148
vt 0.335169 0.635052
vt 0.327963 0.634668
vt 0.327645 0.603648
vt 0.328252 0.588198
vt 0.343692 0.573896
vt 0.344450 0.566796
vt 0.343120 0.581228
vt 0.336077 0.580921
vt 0.342710 0.588748
vt 0.335550 0.588474
vt 0.330974 0.565777
vt 0.278142 0.632115
vt 0.285323 0.632354
vt 0.295774 0.662131
vt 0.275065 0.661419
vt 0.255847 0.631958
vt 0.267781 0.661312
vt 0.299494 0.633020
vt 0.328761 0.665239
vt 0.302336 0.662667
vt 0.296343 0.669876
vt 0.296718 0.677834
vt 0.280776 0.665237
vt 0.282690 0.669614
vt 0.275460 0.669773
vt 0.268122 0.669798
vt 0.289842 0.664942
vt 0.289638 0.669639
vt 0.290028 0.677722
vt 0.282932 0.678035
vt 0.275259 0.678911
vt 0.267684 0.679334
vt 0.388177 0.572377
vt 0.386656 0.571634
vt 0.388773 0.563868
vt 0.386845 0.569865
vt 0.386710 0.568195
vt 0.386225 0.566684
vt 0.386144 0.573471
vt 0.386185 0.582292
vt 0.385348 0.575313
vt 0.384302 0.577104
vt 0.392714 0.566583
vt 0.392122 0.574910
vt 0.397901 0.568758
vt 0.397559 0.576473
vt 0.396816 0.584036
vt 0.391417 0.583015
vt 0.390815 0.590739
vt 0.385762 0.590228
vt 0.393166 0.587945
vt 0.390097 0.598421
vt 0.385284 0.598050
vt 0.380119 0.581578
vt 0.381617 0.580318
vt 0.383034 0.578801
vt 0.380250 0.597773
vt 0.378588 0.582533
vt 0.376927 0.583310
vt 0.404129 0.562577
vt 0.411700 0.573869
vt 0.410472 0.581119
vt 0.408360 0.587551
vt 0.420519 0.578744
vt 0.418296 0.585233
vt 0.433545 0.588915
vt 0.426630 0.590001
vt 0.420999 0.592790
vt 0.414598 0.590047
vt 0.411398 0.595410
vt 0.406156 0.593919
vt 0.416663 0.596981
vt 0.413637 0.602270
vt 0.408926 0.601324
vt 0.404215 0.600422
vt 0.402893 0.607260
vt 0.401990 0.614322
vt 0.396497 0.621234
vt 0.388581 0.613550
vt 0.407413 0.607796
vt 0.411934 0.608356
vt 0.411566 0.614937
vt 0.406734 0.614631
vt 0.406765 0.621636
vt 0.401308 0.621498
vt 0.412547 0.621709
vt 0.414890 0.628371
vt 0.406284 0.629132
vt 0.400372 0.628808
vt 0.395454 0.628375
vt 0.379851 0.605594
vt 0.384723 0.605800
vt 0.384103 0.613421
vt 0.379389 0.613311
vt 0.389352 0.606046
vt 0.382132 0.634929
vt 0.408967 0.729877
vt 0.412817 0.725681
vt 0.416509 0.720448
vt 0.400773 0.734749
vt 0.405050 0.733022
vt 0.384178 0.732298
vt 0.390296 0.733616
vt 0.395841 0.734690
vt 0.389596 0.696173
vt 0.387274 0.703622
vt 0.396730 0.701902
vt 0.394250 0.708440
vt 0.392306 0.714876
vt 0.385761 0.711215
vt 0.403568 0.707736
vt 0.400822 0.713660
vt 0.398403 0.719146
vt 0.396416 0.724172
vt 0.390876 0.721091
vt 0.384702 0.718394
vt 0.496379 0.546332
vt 0.494666 0.536385
vt 0.491307 0.545569
vt 0.490633 0.536245
vt 0.486266 0.544424
vt 0.481301 0.542909
vt 0.486584 0.535779
vt 0.482543 0.534978
vt 0.499381 0.587072
vt 0.498062 0.597867
vt 0.489738 0.593705
vt 0.491090 0.583749
vt 0.495299 0.609215
vt 0.491815 0.620839
vt 0.485644 0.614123
vt 0.487830 0.603863
vt 0.479820 0.598313
vt 0.481556 0.589038
vt 0.477990 0.607631
vt 0.469314 0.601659
vt 0.471378 0.592919
vt 0.473392 0.584231
vt 0.483102 0.579846
vt 0.475302 0.575643
vt 0.465120 0.579648
vt 0.457071 0.575084
vt 0.462611 0.588036
vt 0.460072 0.596504
vt 0.450724 0.592464
vt 0.453915 0.583654
vt 0.445689 0.579761
vt 0.449574 0.570333
vt 0.441729 0.589835
vt 0.438476 0.574109
vt 0.442994 0.564629
vt 0.463106 0.533393
vt 0.476457 0.541036
vt 0.478534 0.533837
vt 0.471780 0.538818
vt 0.474580 0.532348
vt 0.467315 0.536266
vt 0.470705 0.530504
vt 0.466932 0.528297
vt 0.411378 0.501507
vt 0.418986 0.504676
vt 0.418861 0.511572
vt 0.413236 0.511364
vt 0.424540 0.505603
vt 0.424285 0.511884
vt 0.424863 0.518628
vt 0.419814 0.519262
vt 0.414550 0.519759
vt 0.429283 0.505650
vt 0.429079 0.511527
vt 0.433456 0.505062
vt 0.433401 0.510639
vt 0.433994 0.516293
vt 0.429579 0.517637
vt 0.430758 0.523980
vt 0.426068 0.525661
vt 0.435227 0.522015
vt 0.437091 0.527801
vt 0.432935 0.526780
vt 0.421150 0.527023
vt 0.415998 0.528028
vt 0.437303 0.504084
vt 0.437408 0.509358
vt 0.440905 0.502815
vt 0.441178 0.507782
vt 0.442075 0.512652
vt 0.438137 0.514603
vt 0.444343 0.501351
vt 0.444792 0.506009
vt 0.447700 0.499790
vt 0.448326 0.504137
vt 0.449612 0.508318
vt 0.445878 0.510529
vt 0.447554 0.514887
vt 0.443571 0.517407
vt 0.451484 0.512305
vt 0.453863 0.516067
vt 0.449773 0.519059
vt 0.445641 0.522027
vt 0.439480 0.519804
vt 0.441428 0.524948
vt 0.443971 0.530023
vt 0.448262 0.526492
vt 0.451416 0.530771
vt 0.447128 0.534964
vt 0.452485 0.523020
vt 0.456674 0.519577
vt 0.459840 0.522804
vt 0.455643 0.526745
vt 0.459200 0.530211
vt 0.454496 0.532346
vt 0.463285 0.525721
vt 0.432820 0.564447
vt 0.426925 0.569244
vt 0.253087 0.563894
vt 0.277030 0.563942
vt 0.275470 0.587315
vt 0.252622 0.587295
vt 0.285098 0.564000
vt 0.283099 0.587346
vt 0.301069 0.564264
vt 0.298310 0.587480
vt 0.297888 0.602908
vt 0.282971 0.602722
vt 0.275493 0.602667
vt 0.252946 0.602635
vt 0.373300 0.493793
vt 0.370672 0.509406
vt 0.366020 0.511604
vt 0.357439 0.508894
vt 0.370993 0.519855
vt 0.367343 0.538257
vt 0.362016 0.540359
vt 0.357181 0.542733
vt 0.355119 0.538109
vt 0.353706 0.544652
vt 0.350958 0.542596
vt 0.346958 0.530481
vt 0.363086 0.564469
vt 0.363308 0.553137
vt 0.365491 0.563435
vt 0.368092 0.562431
vt 0.368946 0.552245
vt 0.370753 0.561579
vt 0.377744 0.561099
vt 0.375686 0.560834
vt 0.374544 0.551509
vt 0.373325 0.561014
vt 0.351539 0.560307
vt 0.357726 0.567248
vt 0.356421 0.568287
vt 0.355330 0.569430
vt 0.352268 0.554068
vt 0.357797 0.553811
vt 0.359222 0.566333
vt 0.360976 0.565450
vt 0.357878 0.547973
vt 0.362932 0.546637
vt 0.353034 0.548600
vt 0.368255 0.545341
vt 0.373710 0.544320
vt 0.337598 0.544594
vt 0.346688 0.553576
vt 0.345420 0.559971
vt 0.348341 0.547768
vt 0.256415 0.501347
vt 0.286867 0.501518
vt 0.284394 0.517110
vt 0.255591 0.516974
vt 0.298296 0.501434
vt 0.294878 0.517095
vt 0.292963 0.524962
vt 0.283023 0.524919
vt 0.255137 0.524790
vt 0.323319 0.500658
vt 0.317056 0.516786
vt 0.352912 0.498003
vt 0.346655 0.507335
vt 0.313445 0.524998
vt 0.307083 0.541072
vt 0.289294 0.540637
vt 0.280316 0.540534
vt 0.254226 0.540426
vt 0.079698 0.689182
vt 0.102214 0.689182
vt 0.102095 0.712573
vt 0.079698 0.697014
vt 0.117225 0.689182
vt 0.117023 0.712563
vt 0.079698 0.704846
vt 0.079698 0.712677
vt 0.132235 0.689182
vt 0.131964 0.712601
vt 0.147246 0.689182
vt 0.146955 0.712642
vt 0.129862 0.735503
vt 0.115461 0.735168
vt 0.144702 0.735860
vt 0.135310 0.766072
vt 0.121041 0.764380
vt 0.109031 0.762621
vt 0.079698 0.720509
vt 0.079698 0.728341
vt 0.101177 0.735258
vt 0.099064 0.778157
vt 0.079698 0.736172
vt 0.079698 0.744004
vt 0.079698 0.751835
vt 0.079698 0.626529
vt 0.102214 0.634361
vt 0.079698 0.634361
vt 0.117225 0.634361
vt 0.117225 0.665688
vt 0.102214 0.665688
vt 0.079698 0.642193
vt 0.079698 0.650024
vt 0.132235 0.634361
vt 0.147246 0.634361
vt 0.147246 0.665688
vt 0.132235 0.665688
vt 0.079698 0.657856
vt 0.079698 0.665688
vt 0.079698 0.673519
vt 0.079698 0.681351
vt 0.200665 0.633760
vt 0.202543 0.657366
vt 0.194314 0.657733
vt 0.178567 0.666066
vt 0.177478 0.634218
vt 0.203776 0.665748
vt 0.195331 0.666136
vt 0.205605 0.674723
vt 0.196741 0.674953
vt 0.208276 0.684565
vt 0.198626 0.684307
vt 0.213395 0.696899
vt 0.199646 0.693163
vt 0.179566 0.690398
vt 0.162717 0.689425
vt 0.162517 0.665763
vt 0.162299 0.634333
vt 0.162238 0.712757
vt 0.178257 0.713136
vt 0.198458 0.700490
vt 0.208858 0.702158
vt 0.205570 0.707970
vt 0.196447 0.707093
vt 0.194995 0.713784
vt 0.203484 0.714153
vt 0.202553 0.720523
vt 0.194209 0.720519
vt 0.194194 0.727259
vt 0.176948 0.735307
vt 0.202729 0.726898
vt 0.203965 0.733097
vt 0.194772 0.733960
vt 0.195762 0.740581
vt 0.206215 0.738936
vt 0.209430 0.744234
vt 0.195841 0.747920
vt 0.170957 0.766650
vt 0.160295 0.735892
vt 0.152136 0.766834
vt 0.232386 0.632602
vt 0.227335 0.655101
vt 0.219088 0.655921
vt 0.235522 0.654389
vt 0.210813 0.656719
vt 0.244753 0.661322
vt 0.236766 0.661803
vt 0.251907 0.665760
vt 0.253487 0.668917
vt 0.245877 0.668847
vt 0.238072 0.669302
vt 0.261712 0.667172
vt 0.260850 0.669374
vt 0.260886 0.678289
vt 0.254207 0.676940
vt 0.260657 0.687569
vt 0.254843 0.685093
vt 0.246989 0.676450
vt 0.239421 0.676859
vt 0.248097 0.684093
vt 0.240792 0.684443
vt 0.212154 0.664900
vt 0.220454 0.663813
vt 0.222085 0.671922
vt 0.213981 0.673535
vt 0.228662 0.662707
vt 0.230128 0.670419
vt 0.231689 0.678203
vt 0.223971 0.680259
vt 0.233297 0.686023
vt 0.225986 0.688708
vt 0.216445 0.682797
vt 0.219228 0.692374
vt 0.146169 0.563877
vt 0.161872 0.563877
vt 0.162167 0.587370
vt 0.146990 0.587371
vt 0.177191 0.563877
vt 0.177256 0.587367
vt 0.199784 0.563877
vt 0.199813 0.587351
vt 0.199931 0.602934
vt 0.177299 0.603011
vt 0.162246 0.603030
vt 0.147195 0.603035
vt 0.229924 0.587313
vt 0.229942 0.563880
vt 0.230242 0.602742
vt 0.199784 0.501224
vt 0.230537 0.501246
vt 0.230389 0.516902
vt 0.199784 0.516887
vt 0.230308 0.524731
vt 0.199784 0.524718
vt 0.230146 0.540390
vt 0.199784 0.540382
vt 0.142834 0.501224
vt 0.160681 0.501224
vt 0.160814 0.516887
vt 0.143206 0.516887
vt 0.176953 0.501224
vt 0.176979 0.516887
vt 0.177008 0.524718
vt 0.160956 0.524718
vt 0.143603 0.524718
vt 0.177081 0.540382
vt 0.161323 0.540382
vt 0.144630 0.540382
vt 0.069847 0.563877
vt 0.095980 0.563877
vt 0.100730 0.587371
vt 0.075593 0.579540
vt 0.073130 0.571708
vt 0.113146 0.563877
vt 0.116253 0.587371
vt 0.077352 0.587371
vt 0.078525 0.595203
vt 0.129927 0.563877
vt 0.131686 0.587371
vt 0.132125 0.603035
vt 0.117030 0.603035
vt 0.079229 0.603035
vt 0.101917 0.603035
vt 0.079580 0.610866
vt 0.079698 0.618698
vt 0.029506 0.501224
vt 0.075500 0.501096
vt 0.077744 0.516874
vt 0.033727 0.509055
vt 0.100284 0.501198
vt 0.101710 0.516884
vt 0.103288 0.524718
vt 0.080405 0.524718
vt 0.038653 0.516887
vt 0.044047 0.524718
vt 0.122780 0.501224
vt 0.123577 0.516887
vt 0.124430 0.524718
vt 0.126628 0.540382
vt 0.107290 0.540382
vt 0.049676 0.532550
vt 0.055305 0.540382
vt 0.086928 0.540382
vt 0.060700 0.548213
vt 0.065625 0.556045
vt 0.093770 0.822320
vt 0.132079 0.812187
vt 0.133038 0.831339
vt 0.099047 0.830029
vt 0.155317 0.812158
vt 0.150525 0.830941
vt 0.113237 0.844591
vt 0.105497 0.837494
vt 0.177414 0.813175
vt 0.170102 0.833694
vt 0.145370 0.862457
vt 0.133056 0.857195
vt 0.159442 0.866862
vt 0.162043 0.845936
vt 0.122385 0.851199
vt 0.209003 0.814848
vt 0.204794 0.836883
vt 0.228855 0.815507
vt 0.229003 0.837639
vt 0.247350 0.815654
vt 0.251942 0.837302
vt 0.256870 0.852580
vt 0.229254 0.852803
vt 0.284220 0.877141
vt 0.248569 0.876652
vt 0.266864 0.877019
vt 0.200630 0.851407
vt 0.211042 0.874694
vt 0.192748 0.872858
vt 0.229806 0.875917
vt 0.175391 0.870288
vt 0.213565 0.748808
vt 0.210611 0.758364
vt 0.203285 0.756553
vt 0.218435 0.752532
vt 0.216831 0.760953
vt 0.215328 0.769256
vt 0.207966 0.767597
vt 0.199875 0.766368
vt 0.223859 0.755280
vt 0.223114 0.763063
vt 0.229654 0.756925
vt 0.229471 0.764464
vt 0.229297 0.771973
vt 0.222391 0.770808
vt 0.221711 0.778474
vt 0.214025 0.777322
vt 0.229142 0.779420
vt 0.228929 0.794005
vt 0.204312 0.784295
vt 0.205939 0.776186
vt 0.197306 0.775289
vt 0.195256 0.783578
vt 0.235638 0.757342
vt 0.235911 0.764928
vt 0.241629 0.756404
vt 0.242394 0.764489
vt 0.243118 0.772442
vt 0.236187 0.772473
vt 0.247443 0.753985
vt 0.248875 0.763183
vt 0.250150 0.772011
vt 0.251110 0.780103
vt 0.243761 0.780128
vt 0.244955 0.794730
vt 0.236466 0.779935
vt 0.196740 0.795974
vt 0.183463 0.791044
vt 0.193688 0.756776
vt 0.190625 0.766102
vt 0.187978 0.774854
vt 0.185630 0.783133
vt 0.162635 0.790426
vt 0.141405 0.789970
vt 0.121913 0.788663
vt 0.089548 0.814488
vt 0.079815 0.767499
vt 0.079698 0.759667
vt 0.080167 0.775330
vt 0.080870 0.783162
vt 0.086265 0.806657
vt 0.083802 0.798825
vt 0.107410 0.784748
vt 0.082043 0.790993
vt 0.256620 0.439567
vt 0.287489 0.441474
vt 0.289230 0.455858
vt 0.257222 0.454781
vt 0.299179 0.442356
vt 0.301411 0.456431
vt 0.301196 0.478459
vt 0.289175 0.478346
vt 0.257221 0.477950
vt 0.325046 0.444404
vt 0.328286 0.458029
vt 0.357332 0.448455
vt 0.359653 0.455018
vt 0.381781 0.454298
vt 0.377619 0.457610
vt 0.374287 0.461892
vt 0.358438 0.460443
vt 0.357046 0.466142
vt 0.327227 0.478471
vt 0.371813 0.466891
vt 0.370225 0.472354
vt 0.355850 0.472076
vt 0.355225 0.478207
vt 0.369551 0.478029
vt 0.369821 0.483663
vt 0.354987 0.484447
vt 0.354952 0.490710
vt 0.371061 0.489001
vt 0.260500 0.376450
vt 0.317318 0.379485
vt 0.324830 0.391968
vt 0.297870 0.395661
vt 0.344902 0.381833
vt 0.348260 0.394135
vt 0.349012 0.399600
vt 0.345871 0.408549
vt 0.331243 0.418634
vt 0.410066 0.389650
vt 0.394491 0.396814
vt 0.379583 0.393102
vt 0.380888 0.385655
vt 0.387033 0.403374
vt 0.371455 0.405902
vt 0.359422 0.438331
vt 0.363837 0.432767
vt 0.376764 0.440043
vt 0.366723 0.418495
vt 0.284527 0.409604
vt 0.256421 0.401809
vt 0.309107 0.423896
vt 0.292310 0.423095
vt 0.283135 0.421355
vt 0.255398 0.417053
vt 0.348115 0.439344
vt 0.463971 0.466967
vt 0.460455 0.470117
vt 0.456133 0.469890
vt 0.458144 0.466066
vt 0.457237 0.473703
vt 0.453498 0.473772
vt 0.449761 0.473852
vt 0.451916 0.469716
vt 0.453666 0.465801
vt 0.454379 0.477643
vt 0.450972 0.477952
vt 0.451945 0.481855
vt 0.448701 0.482384
vt 0.445428 0.482893
vt 0.447536 0.478254
vt 0.444043 0.478542
vt 0.446029 0.473957
vt 0.442098 0.483363
vt 0.440466 0.478807
vt 0.442229 0.474066
vt 0.447910 0.469647
vt 0.449541 0.465652
vt 0.443920 0.469612
vt 0.445486 0.465509
vt 0.449998 0.486258
vt 0.446831 0.487019
vt 0.448599 0.490769
vt 0.445434 0.491777
vt 0.442214 0.492723
vt 0.443625 0.487740
vt 0.447812 0.495307
vt 0.444581 0.496581
vt 0.441278 0.497772
vt 0.437831 0.498795
vt 0.438881 0.493542
vt 0.440340 0.488381
vt 0.433376 0.489264
vt 0.435157 0.484106
vt 0.431654 0.494552
vt 0.427708 0.494685
vt 0.429696 0.489506
vt 0.431546 0.484379
vt 0.430215 0.500003
vt 0.425835 0.499960
vt 0.420886 0.499296
vt 0.423543 0.494578
vt 0.415653 0.498320
vt 0.419269 0.494351
vt 0.425938 0.489668
vt 0.427878 0.484613
vt 0.422140 0.489790
vt 0.424181 0.484828
vt 0.439749 0.469541
vt 0.441219 0.465266
vt 0.438287 0.474162
vt 0.434173 0.474254
vt 0.435178 0.469472
vt 0.436380 0.464972
vt 0.436775 0.479044
vt 0.433000 0.479259
vt 0.429168 0.479460
vt 0.429855 0.474355
vt 0.425308 0.479654
vt 0.425435 0.474459
vt 0.429983 0.469442
vt 0.430610 0.464678
vt 0.424478 0.469433
vt 0.422352 0.464766
vt 0.480794 0.419543
vt 0.482773 0.422911
vt 0.479850 0.425955
vt 0.478037 0.422501
vt 0.484749 0.426382
vt 0.481659 0.429503
vt 0.478388 0.432278
vt 0.476711 0.428708
vt 0.475030 0.425211
vt 0.486718 0.430057
vt 0.483461 0.433239
vt 0.488678 0.434038
vt 0.485252 0.437258
vt 0.481707 0.439925
vt 0.480055 0.435992
vt 0.476514 0.438340
vt 0.474930 0.434666
vt 0.478070 0.442146
vt 0.474373 0.444029
vt 0.472855 0.440304
vt 0.471278 0.436627
vt 0.473326 0.431081
vt 0.471713 0.427540
vt 0.469661 0.432982
vt 0.468025 0.429353
vt 0.490625 0.438429
vt 0.487029 0.441652
vt 0.492543 0.443574
vt 0.488777 0.446639
vt 0.484951 0.448664
vt 0.483338 0.444147
vt 0.494415 0.449815
vt 0.490482 0.452434
vt 0.492164 0.458633
vt 0.488128 0.458450
vt 0.486544 0.453482
vt 0.482546 0.454452
vt 0.481076 0.450247
vt 0.484005 0.458702
vt 0.479850 0.459402
vt 0.478530 0.455519
vt 0.477191 0.451652
vt 0.479588 0.446130
vt 0.475812 0.447816
vt 0.472045 0.449422
vt 0.470645 0.445678
vt 0.473332 0.453147
vt 0.469530 0.454660
vt 0.468332 0.450917
vt 0.466956 0.447144
vt 0.474542 0.456859
vt 0.475715 0.460565
vt 0.471655 0.462205
vt 0.470620 0.458426
vt 0.466799 0.460175
vt 0.465817 0.456120
vt 0.467722 0.464334
vt 0.462914 0.461565
vt 0.462172 0.457334
vt 0.464717 0.452273
vt 0.463375 0.448474
vt 0.461243 0.453462
vt 0.459974 0.449717
vt 0.465685 0.434324
vt 0.463905 0.430518
vt 0.467427 0.438123
vt 0.463481 0.439300
vt 0.461435 0.435143
vt 0.459292 0.430901
vt 0.469093 0.441910
vt 0.465330 0.443286
vt 0.461669 0.444561
vt 0.459546 0.440306
vt 0.458214 0.445864
vt 0.455838 0.441538
vt 0.456953 0.435480
vt 0.454126 0.430368
vt 0.452721 0.436374
vt 0.448345 0.428787
vt 0.254717 0.312408
vt 0.273703 0.311161
vt 0.271456 0.331348
vt 0.253778 0.335240
vt 0.287167 0.310789
vt 0.281920 0.329483
vt 0.321570 0.314078
vt 0.303165 0.338783
vt 0.291583 0.332711
vt 0.301899 0.311768
vt 0.256481 0.358795
vt 0.276507 0.349027
vt 0.287076 0.359045
vt 0.459193 0.365061
vt 0.451707 0.365192
vt 0.440394 0.350008
vt 0.445718 0.343935
vt 0.443800 0.366360
vt 0.433202 0.353136
vt 0.422801 0.340218
vt 0.429457 0.335573
vt 0.435874 0.368467
vt 0.425598 0.356369
vt 0.428332 0.371415
vt 0.418032 0.359917
vt 0.407877 0.348566
vt 0.415458 0.344424
vt 0.396140 0.321606
vt 0.403258 0.316228
vt 0.421578 0.375105
vt 0.410958 0.363989
vt 0.416013 0.379440
vt 0.404344 0.368362
vt 0.393044 0.357499
vt 0.400504 0.353021
vt 0.412042 0.384321
vt 0.398163 0.372808
vt 0.389184 0.375997
vt 0.375887 0.365092
vt 0.355539 0.346266
vt 0.380755 0.332115
vt 0.371791 0.322471
vt 0.387234 0.311040
vt 0.346735 0.337920
vt 0.350030 0.297463
vt 0.364112 0.284883
vt 0.394280 0.305160
vt 0.370290 0.277642
vt 0.337432 0.261935
vt 0.349871 0.264121
vt 0.346808 0.270114
vt 0.337831 0.278931
vt 0.317904 0.264145
vt 0.318203 0.286458
vt 0.275216 0.265476
vt 0.289708 0.265786
vt 0.289293 0.288867
vt 0.275094 0.288977
vt 0.253771 0.263694
vt 0.254721 0.288647
vt 0.304034 0.265368
vt 0.303808 0.288430
vt 0.253861 0.178433
vt 0.275287 0.185181
vt 0.274955 0.208807
vt 0.252725 0.202381
vt 0.289977 0.187165
vt 0.289876 0.210691
vt 0.289856 0.218577
vt 0.274916 0.216862
vt 0.252596 0.210981
vt 0.304872 0.187879
vt 0.304842 0.211356
vt 0.319870 0.187959
vt 0.319819 0.211400
vt 0.319742 0.219151
vt 0.304808 0.219160
vt 0.304675 0.234701
vt 0.289823 0.234367
vt 0.319421 0.234480
vt 0.274930 0.233104
vt 0.252657 0.228642
vt 0.342366 0.187960
vt 0.342279 0.211366
vt 0.357292 0.187962
vt 0.357308 0.211483
vt 0.357223 0.219357
vt 0.342127 0.219065
vt 0.379471 0.187973
vt 0.379909 0.211731
vt 0.380113 0.219972
vt 0.380811 0.237562
vt 0.356682 0.235104
vt 0.341457 0.234159
vt 0.319876 0.109565
vt 0.342344 0.109675
vt 0.342310 0.140981
vt 0.319870 0.140969
vt 0.357087 0.109887
vt 0.357015 0.141028
vt 0.357143 0.164478
vt 0.342336 0.164467
vt 0.319870 0.164464
vt 0.378508 0.110593
vt 0.378306 0.141216
vt 0.378844 0.164521
vt 0.255803 0.112167
vt 0.275853 0.110377
vt 0.275859 0.140251
vt 0.255822 0.138507
vt 0.290139 0.109834
vt 0.290141 0.140764
vt 0.290136 0.163929
vt 0.275843 0.162592
vt 0.255767 0.158044
vt 0.304889 0.109605
vt 0.304889 0.140949
vt 0.304888 0.164410
vt 0.438182 0.188234
vt 0.439744 0.211692
vt 0.417348 0.211596
vt 0.415953 0.188060
vt 0.440270 0.219750
vt 0.417918 0.219594
vt 0.402895 0.219725
vt 0.402411 0.211638
vt 0.401356 0.188004
vt 0.441770 0.236464
vt 0.419742 0.235983
vt 0.444359 0.254241
vt 0.423222 0.253051
vt 0.408833 0.253984
vt 0.404635 0.236441
vt 0.396863 0.236952
vt 0.395328 0.219859
vt 0.401191 0.255367
vt 0.394924 0.211689
vt 0.394076 0.187989
vt 0.469811 0.211765
vt 0.468795 0.188634
vt 0.470125 0.219743
vt 0.470969 0.236278
vt 0.472389 0.253783
vt 0.439762 0.119511
vt 0.444086 0.122558
vt 0.443154 0.131728
vt 0.436352 0.130752
vt 0.449620 0.124898
vt 0.449631 0.133281
vt 0.449742 0.141579
vt 0.442160 0.138404
vt 0.435235 0.140035
vt 0.456026 0.126427
vt 0.456569 0.134416
vt 0.462966 0.127043
vt 0.463818 0.134954
vt 0.464659 0.142837
vt 0.457128 0.142374
vt 0.467005 0.166019
vt 0.435849 0.164925
vt 0.470103 0.126640
vt 0.471229 0.134721
vt 0.477099 0.125116
vt 0.478643 0.133775
vt 0.480076 0.142299
vt 0.472318 0.142759
vt 0.483614 0.122368
vt 0.485900 0.132174
vt 0.487899 0.141613
vt 0.489324 0.150317
vt 0.481285 0.150553
vt 0.428439 0.131352
vt 0.429006 0.123366
vt 0.427833 0.136402
vt 0.420093 0.140540
vt 0.420257 0.132522
vt 0.420446 0.124992
vt 0.413938 0.164647
vt 0.399856 0.164601
vt 0.398670 0.141397
vt 0.399096 0.111809
vt 0.392881 0.164573
vt 0.391879 0.141399
vt 0.392238 0.111416
vt 0.451155 0.082294
vt 0.446344 0.087207
vt 0.436629 0.084014
vt 0.438533 0.076753
vt 0.442268 0.092258
vt 0.433770 0.090001
vt 0.425402 0.087868
vt 0.427259 0.081125
vt 0.428555 0.073596
vt 0.439044 0.097340
vt 0.431273 0.095754
vt 0.436788 0.102347
vt 0.429369 0.101314
vt 0.421979 0.100298
vt 0.423545 0.094214
vt 0.415902 0.092764
vt 0.417291 0.085984
vt 0.414647 0.099315
vt 0.401045 0.090321
vt 0.418578 0.078842
vt 0.419526 0.071206
vt 0.402599 0.075589
vt 0.435616 0.107173
vt 0.428289 0.106721
vt 0.435643 0.111713
vt 0.428024 0.112017
vt 0.420505 0.112229
vt 0.420994 0.106257
vt 0.436987 0.115861
vt 0.428565 0.117243
vt 0.420425 0.118351
vt 0.393821 0.089370
vt 0.379522 0.088006
vt 0.395056 0.074466
vt 0.380505 0.073095
vt 0.447462 0.000000
vt 0.454967 0.000000
vt 0.439957 0.000000
vt 0.464340 0.025224
vt 0.441692 0.027291
vt 0.462473 0.000000
vt 0.469978 0.000000
vt 0.486581 0.022676
vt 0.480146 0.048165
vt 0.465845 0.042669
vt 0.458623 0.044309
vt 0.443578 0.046548
vt 0.477484 0.000000
vt 0.484989 0.000000
vt 0.492495 0.000000
vt 0.486761 0.047149
vt 0.493395 0.046532
vt 0.492224 0.055861
vt 0.486383 0.055850
vt 0.490758 0.065537
vt 0.485893 0.064684
vt 0.473480 0.049637
vt 0.480301 0.056675
vt 0.474020 0.058298
vt 0.480425 0.065236
vt 0.474556 0.067000
vt 0.451428 0.050539
vt 0.459752 0.053789
vt 0.452616 0.055774
vt 0.445042 0.056943
vt 0.466694 0.051628
vt 0.467582 0.060681
vt 0.461049 0.063524
vt 0.468490 0.069781
vt 0.462432 0.073387
vt 0.454484 0.066529
vt 0.447112 0.068232
vt 0.456586 0.077622
vt 0.432451 0.000000
vt 0.435655 0.046585
vt 0.427589 0.046066
vt 0.403870 0.051974
vt 0.403598 0.027235
vt 0.424946 0.000122
vt 0.417441 0.000489
vt 0.409935 0.001224
vt 0.436784 0.056658
vt 0.428250 0.055546
vt 0.438164 0.067174
vt 0.428729 0.064897
vt 0.419899 0.062944
vt 0.419847 0.054233
vt 0.421597 0.050438
vt 0.396371 0.051295
vt 0.382189 0.050951
vt 0.402430 0.002447
vt 0.396302 0.027682
vt 0.394924 0.004283
vt 0.382273 0.029911
vt 0.387419 0.006853
vt 0.379914 0.010279
vt 0.267333 0.069506
vt 0.274838 0.066813
vt 0.275736 0.088340
vt 0.259827 0.072932
vt 0.255400 0.093796
vt 0.282343 0.064611
vt 0.289849 0.062653
vt 0.290105 0.086403
vt 0.297354 0.060695
vt 0.304897 0.085039
vt 0.304860 0.058492
vt 0.312365 0.055800
vt 0.319870 0.052374
vt 0.319993 0.084593
vt 0.344369 0.070507
vt 0.342857 0.085981
vt 0.359024 0.072228
vt 0.357793 0.086947
vt 0.372408 0.014684
vt 0.363668 0.037207
vt 0.364903 0.019824
vt 0.362757 0.052086
vt 0.349892 0.031326
vt 0.357397 0.025453
vt 0.327376 0.047969
vt 0.334881 0.042829
vt 0.342387 0.037200
vt 0.132235 0.195790
vt 0.139741 0.187959
vt 0.124730 0.203622
vt 0.142984 0.226689
vt 0.123407 0.233640
vt 0.148841 0.205115
vt 0.105286 0.246137
vt 0.117225 0.211454
vt 0.147614 0.259280
vt 0.135512 0.256010
vt 0.136257 0.247233
vt 0.144562 0.246485
vt 0.125653 0.254868
vt 0.127520 0.247097
vt 0.128740 0.239272
vt 0.136171 0.238026
vt 0.143530 0.236100
vt 0.119459 0.247025
vt 0.124289 0.239772
vt 0.131103 0.234544
vt 0.137954 0.231880
vt 0.087203 0.242780
vt 0.094708 0.234949
vt 0.079698 0.250612
vt 0.102214 0.227117
vt 0.109719 0.219285
vt 0.147246 0.180127
vt 0.154752 0.172296
vt 0.162257 0.164464
vt 0.169762 0.156632
vt 0.192136 0.180209
vt 0.191824 0.194103
vt 0.184773 0.140969
vt 0.199784 0.125306
vt 0.177268 0.148801
vt 0.192279 0.133137
vt 0.196419 0.235853
vt 0.176408 0.234921
vt 0.190135 0.241068
vt 0.182430 0.238511
vt 0.193177 0.253180
vt 0.187874 0.249818
vt 0.182114 0.247776
vt 0.176070 0.246982
vt 0.169973 0.235964
vt 0.169913 0.247367
vt 0.156885 0.230089
vt 0.150344 0.233274
vt 0.163428 0.227087
vt 0.163622 0.237951
vt 0.157393 0.240669
vt 0.163817 0.248860
vt 0.157953 0.251390
vt 0.151324 0.243906
vt 0.152495 0.254887
vt 0.218832 0.150687
vt 0.215062 0.183672
vt 0.239962 0.170399
vt 0.237895 0.195523
vt 0.237673 0.205005
vt 0.214699 0.196207
vt 0.237671 0.224548
vt 0.230685 0.243176
vt 0.213812 0.232981
vt 0.222741 0.243049
vt 0.214233 0.244020
vt 0.204902 0.234534
vt 0.204895 0.246564
vt 0.232256 0.113293
vt 0.232637 0.138678
vt 0.244308 0.153046
vt 0.252322 0.077337
vt 0.244816 0.082599
vt 0.243711 0.099568
vt 0.237311 0.088595
vt 0.207289 0.117474
vt 0.214795 0.109765
vt 0.222300 0.102301
vt 0.229806 0.095203
vt 0.019655 0.438571
vt 0.039683 0.436376
vt 0.037582 0.449741
vt 0.019655 0.446402
vt 0.019772 0.454234
vt 0.036852 0.455592
vt 0.020124 0.462066
vt 0.020828 0.469897
vt 0.081098 0.437821
vt 0.075285 0.452820
vt 0.062236 0.475654
vt 0.026222 0.493392
vt 0.023759 0.485560
vt 0.022000 0.477729
vt 0.096878 0.438303
vt 0.091886 0.453740
vt 0.113325 0.438517
vt 0.109731 0.454135
vt 0.103638 0.477624
vt 0.082158 0.477206
vt 0.129927 0.438571
vt 0.127810 0.454234
vt 0.146169 0.438571
vt 0.145181 0.454234
vt 0.143603 0.477729
vt 0.124430 0.477729
vt 0.080634 0.376752
vt 0.096115 0.376333
vt 0.100508 0.399499
vt 0.085348 0.399576
vt 0.112355 0.376187
vt 0.115880 0.399474
vt 0.116064 0.415076
vt 0.100653 0.415032
vt 0.085437 0.414937
vt 0.128983 0.376196
vt 0.131351 0.399479
vt 0.145631 0.376242
vt 0.146810 0.399490
vt 0.146913 0.415091
vt 0.131531 0.415089
vt 0.019655 0.375918
vt 0.039667 0.378115
vt 0.019655 0.383749
vt 0.041456 0.399831
vt 0.019655 0.391581
vt 0.019655 0.399413
vt 0.041459 0.414658
vt 0.019655 0.407244
vt 0.019655 0.415076
vt 0.019655 0.422907
vt 0.019655 0.430739
vt 0.161872 0.438571
vt 0.161520 0.454234
vt 0.177191 0.438571
vt 0.177120 0.454234
vt 0.177008 0.477729
vt 0.160956 0.477729
vt 0.199784 0.438571
vt 0.199784 0.454234
vt 0.199784 0.477729
vt 0.230573 0.438749
vt 0.230681 0.454332
vt 0.230681 0.477768
vt 0.201639 0.376226
vt 0.232421 0.376171
vt 0.230914 0.399773
vt 0.200226 0.399486
vt 0.230430 0.415415
vt 0.199872 0.415090
vt 0.162068 0.376266
vt 0.162194 0.399495
vt 0.178202 0.376267
vt 0.177487 0.399496
vt 0.177294 0.415092
vt 0.162156 0.415092
vt 0.144735 0.304839
vt 0.150536 0.308390
vt 0.147685 0.318172
vt 0.138072 0.317244
vt 0.157539 0.310904
vt 0.155980 0.319705
vt 0.154624 0.328389
vt 0.145828 0.324368
vt 0.135330 0.327172
vt 0.165324 0.312358
vt 0.164413 0.320682
vt 0.173470 0.312727
vt 0.172860 0.320962
vt 0.172273 0.329158
vt 0.163566 0.328962
vt 0.181556 0.311989
vt 0.181196 0.320406
vt 0.189160 0.310120
vt 0.189203 0.319140
vt 0.189113 0.324120
vt 0.179649 0.324180
vt 0.195862 0.307095
vt 0.196665 0.317286
vt 0.201241 0.302891
vt 0.204227 0.316138
vt 0.205104 0.326531
vt 0.198693 0.322783
vt 0.203297 0.360750
vt 0.179059 0.360880
vt 0.161955 0.360883
vt 0.144267 0.360807
vt 0.234567 0.336501
vt 0.235533 0.312078
vt 0.233304 0.360430
vt 0.220745 0.327449
vt 0.228654 0.303072
vt 0.220827 0.318574
vt 0.220926 0.309882
vt 0.212541 0.322334
vt 0.212531 0.316988
vt 0.212324 0.307608
vt 0.206888 0.255450
vt 0.197851 0.257932
vt 0.215626 0.253518
vt 0.217465 0.262054
vt 0.209663 0.262801
vt 0.201757 0.263750
vt 0.223767 0.252688
vt 0.231480 0.252678
vt 0.228733 0.262338
vt 0.225054 0.261710
vt 0.226375 0.270285
vt 0.219219 0.270205
vt 0.234960 0.287428
vt 0.227500 0.278583
vt 0.220607 0.278140
vt 0.212002 0.270231
vt 0.204754 0.270309
vt 0.213667 0.277710
vt 0.206704 0.277287
vt 0.214422 0.285207
vt 0.207467 0.284358
vt 0.221345 0.286024
vt 0.221536 0.293883
vt 0.214278 0.292602
vt 0.206903 0.291198
vt 0.228202 0.286775
vt 0.228561 0.294919
vt 0.221279 0.301744
vt 0.213242 0.299774
vt 0.204875 0.297484
vt 0.029506 0.313265
vt 0.060890 0.339081
vt 0.038856 0.349626
vt 0.026222 0.321096
vt 0.023759 0.328928
vt 0.022000 0.336760
vt 0.037547 0.364754
vt 0.074407 0.361829
vt 0.019655 0.368086
vt 0.019772 0.360254
vt 0.020124 0.352423
vt 0.020828 0.344591
vt 0.125683 0.318082
vt 0.126943 0.309302
vt 0.124031 0.327444
vt 0.112086 0.328078
vt 0.112177 0.319564
vt 0.112417 0.311359
vt 0.101501 0.336871
vt 0.098884 0.312590
vt 0.126116 0.360716
vt 0.107928 0.360730
vt 0.090441 0.361022
vt 0.079914 0.337616
vt 0.073160 0.313629
vt 0.091332 0.267610
vt 0.072192 0.258443
vt 0.110076 0.268512
vt 0.112521 0.296746
vt 0.064804 0.266275
vt 0.057651 0.274107
vt 0.050849 0.281938
vt 0.122936 0.262089
vt 0.119899 0.269021
vt 0.133046 0.263192
vt 0.143482 0.264498
vt 0.140210 0.270312
vt 0.129988 0.269639
vt 0.127464 0.276209
vt 0.117073 0.275925
vt 0.137906 0.276492
vt 0.136680 0.282808
vt 0.125707 0.282825
vt 0.114765 0.282827
vt 0.124950 0.289409
vt 0.136640 0.289031
vt 0.137897 0.294930
vt 0.125157 0.295895
vt 0.126295 0.302216
vt 0.112382 0.303850
vt 0.140559 0.300276
vt 0.038770 0.297601
vt 0.044516 0.289770
vt 0.033727 0.305433
vt 0.760438 0.270464
vt 0.778997 0.271526
vt 0.773862 0.289503
vt 0.756420 0.288552
vt 0.762388 0.589559
vt 0.773446 0.591026
vt 0.772134 0.602770
vt 0.761009 0.601273
vt 0.528691 0.759804
vt 0.526679 0.766862
vt 0.524917 0.774108
vt 0.522173 0.789109
vt 0.534003 0.797165
vt 0.540272 0.802131
vt 0.540550 0.806530
vt 0.533364 0.805376
vt 0.492132 0.884871
vt 0.492270 0.892815
vt 0.484872 0.892797
vt 0.484781 0.884890
vt 0.492375 0.900896
vt 0.492454 0.909189
vt 0.484983 0.908994
vt 0.484938 0.900812
vt 0.477547 0.900631
vt 0.477498 0.892714
vt 0.477574 0.908648
vt 0.470251 0.908168
vt 0.470230 0.900343
vt 0.470175 0.892546
vt 0.477428 0.884860
vt 0.470097 0.884763
vt 0.492517 0.917771
vt 0.492549 0.926834
vt 0.485019 0.926049
vt 0.485010 0.917403
vt 0.492534 0.936572
vt 0.492495 0.946647
vt 0.484989 0.943955
vt 0.485009 0.934940
vt 0.477523 0.933390
vt 0.477555 0.925063
vt 0.477484 0.941752
vt 0.469978 0.939794
vt 0.470076 0.931860
vt 0.470162 0.923938
vt 0.477575 0.916804
vt 0.470224 0.916037
vt 0.462972 0.915164
vt 0.463036 0.907568
vt 0.462842 0.922736
vt 0.455614 0.921311
vt 0.455844 0.914084
vt 0.455960 0.906780
vt 0.462668 0.930290
vt 0.462473 0.937836
vt 0.454967 0.935634
vt 0.455310 0.928485
vt 0.448009 0.926252
vt 0.448497 0.919518
vt 0.447462 0.932941
vt 0.439957 0.929515
vt 0.440778 0.923397
vt 0.441509 0.917211
vt 0.448865 0.912694
vt 0.449053 0.905737
vt 0.442060 0.910892
vt 0.442342 0.904372
vt 0.462813 0.884583
vt 0.462930 0.892275
vt 0.455792 0.891874
vt 0.455602 0.884302
vt 0.463013 0.899937
vt 0.455927 0.899372
vt 0.449001 0.898602
vt 0.448788 0.891314
vt 0.442266 0.897584
vt 0.441945 0.890569
vt 0.448488 0.883902
vt 0.441496 0.883367
vt 0.434650 0.882678
vt 0.435292 0.889611
vt 0.428872 0.888708
vt 0.427933 0.882086
vt 0.435750 0.896277
vt 0.435860 0.902617
vt 0.429855 0.900653
vt 0.429620 0.894917
vt 0.424045 0.893745
vt 0.422731 0.888126
vt 0.424579 0.898664
vt 0.420801 0.897130
vt 0.419067 0.893463
vt 0.416881 0.888248
vt 0.421325 0.881837
vt 0.414809 0.882181
vt 0.432451 0.925110
vt 0.433624 0.919726
vt 0.424946 0.919970
vt 0.426588 0.915382
vt 0.428075 0.910706
vt 0.434668 0.914246
vt 0.417441 0.914341
vt 0.419708 0.910507
vt 0.409935 0.908468
vt 0.413023 0.905245
vt 0.416002 0.902137
vt 0.421825 0.906676
vt 0.423644 0.902851
vt 0.429251 0.905856
vt 0.418761 0.899258
vt 0.435456 0.908575
vt 0.394690 0.888399
vt 0.387419 0.891825
vt 0.401744 0.885428
vt 0.405918 0.891494
vt 0.400436 0.894089
vt 0.394924 0.896965
vt 0.408367 0.883367
vt 0.411338 0.889459
vt 0.414731 0.894775
vt 0.410685 0.897070
vt 0.406573 0.899739
vt 0.402430 0.902594
vt 0.504096 0.353300
vt 0.486066 0.332434
vt 0.506262 0.361678
vt 0.501788 0.362794
vt 0.499340 0.354829
vt 0.497479 0.364398
vt 0.494730 0.357027
vt 0.509658 0.377801
vt 0.508156 0.369851
vt 0.507443 0.392429
vt 0.506878 0.385393
vt 0.505671 0.378095
vt 0.503963 0.392011
vt 0.503222 0.385446
vt 0.501827 0.378636
vt 0.503936 0.370556
vt 0.499878 0.371610
vt 0.495939 0.372971
vt 0.493275 0.366457
vt 0.498095 0.379380
vt 0.494447 0.380277
vt 0.492090 0.374561
vt 0.489151 0.368860
vt 0.499660 0.385633
vt 0.500556 0.391679
vt 0.497204 0.391412
vt 0.496169 0.385922
vt 0.492724 0.386277
vt 0.490854 0.381275
vt 0.493888 0.391188
vt 0.490591 0.390985
vt 0.489303 0.386666
vt 0.487290 0.382324
vt 0.488299 0.376305
vt 0.485079 0.371490
vt 0.484538 0.378125
vt 0.481033 0.374234
vt 0.486874 0.352959
vt 0.474474 0.342636
vt 0.481903 0.357377
vt 0.478030 0.350855
vt 0.490182 0.359891
vt 0.485682 0.363255
vt 0.481213 0.366953
vt 0.476829 0.362525
vt 0.476760 0.370817
vt 0.471705 0.368039
vt 0.472053 0.358040
vt 0.467776 0.350597
vt 0.465854 0.366065
vt 0.450521 0.284061
vt 0.431454 0.279237
vt 0.454204 0.307746
vt 0.433068 0.295046
vt 0.426793 0.288464
vt 0.421407 0.280700
vt 0.447718 0.331867
vt 0.457063 0.338959
vt 0.431470 0.302449
vt 0.423902 0.293605
vt 0.417029 0.284317
vt 0.476100 0.282220
vt 0.479461 0.302553
vt 0.481412 0.312854
vt 0.464888 0.337297
vt 0.503948 0.398303
vt 0.500067 0.415587
vt 0.498401 0.444136
vt 0.497339 0.429344
vt 0.494091 0.434264
vt 0.491953 0.430161
vt 0.494998 0.425725
vt 0.497729 0.420834
vt 0.495200 0.417971
vt 0.497346 0.413249
vt 0.492663 0.422377
vt 0.490332 0.419230
vt 0.492684 0.415229
vt 0.494647 0.410962
vt 0.489810 0.426421
vt 0.487663 0.422953
vt 0.485514 0.419666
vt 0.488005 0.416219
vt 0.483364 0.416471
vt 0.485680 0.413275
vt 0.490178 0.412567
vt 0.491964 0.408709
vt 0.487676 0.409946
vt 0.489289 0.406474
vt 0.500702 0.397467
vt 0.500168 0.402993
vt 0.497125 0.401676
vt 0.497499 0.396665
vt 0.499025 0.408255
vt 0.496151 0.406443
vt 0.493296 0.404644
vt 0.494107 0.400370
vt 0.490452 0.402852
vt 0.491100 0.399069
vt 0.494327 0.395885
vt 0.491168 0.395117
vt 0.323766 0.351157
vt 0.329977 0.356087
vt 0.374178 0.376593
vt 0.338418 0.368357
vt 0.315168 0.366803
vt 0.449221 0.438867
vt 0.444789 0.434341
vt 0.452574 0.443395
vt 0.449657 0.445645
vt 0.441785 0.438419
vt 0.455069 0.447324
vt 0.456823 0.450921
vt 0.453907 0.452049
vt 0.452205 0.448907
vt 0.449597 0.450577
vt 0.446988 0.448055
vt 0.451215 0.453061
vt 0.449157 0.453797
vt 0.447387 0.452549
vt 0.433622 0.449569
vt 0.458798 0.462056
vt 0.454677 0.462066
vt 0.455031 0.458532
vt 0.458575 0.458105
vt 0.450776 0.462010
vt 0.446875 0.461818
vt 0.447999 0.458565
vt 0.451544 0.458713
vt 0.451778 0.455752
vt 0.454812 0.455225
vt 0.448773 0.455775
vt 0.457954 0.454454
vt 0.427306 0.458502
vt 0.432791 0.460015
vt 0.430693 0.453738
vt 0.435643 0.455674
vt 0.440215 0.457040
vt 0.438148 0.460815
vt 0.438285 0.451873
vt 0.442320 0.453687
vt 0.444278 0.458006
vt 0.442754 0.461418
vt 0.418972 0.460650
vt 0.422317 0.455762
vt 0.414595 0.457167
vt 0.417289 0.452558
vt 0.419941 0.448011
vt 0.425496 0.451065
vt 0.409477 0.454403
vt 0.411687 0.449657
vt 0.403877 0.452441
vt 0.405646 0.447222
vt 0.407483 0.442032
vt 0.413918 0.444931
vt 0.427533 0.435017
vt 0.411623 0.431855
vt 0.428341 0.446750
vt 0.398050 0.451365
vt 0.399301 0.445417
vt 0.392254 0.451260
vt 0.392669 0.444081
vt 0.386745 0.452210
vt 0.385765 0.443052
vt 0.388458 0.420320
vt 0.396800 0.424235
vt 0.404452 0.428070
vt 0.407099 0.422621
vt 0.414061 0.426927
vt 0.399707 0.418260
vt 0.403439 0.412478
vt 0.410166 0.417321
vt 0.416700 0.422086
vt 0.391535 0.413949
vt 0.396138 0.407744
vt 0.402799 0.401537
vt 0.407981 0.406797
vt 0.410490 0.395329
vt 0.412928 0.401166
vt 0.413511 0.412120
vt 0.419472 0.417303
vt 0.416997 0.406970
vt 0.422311 0.412549
vt 0.430046 0.430796
vt 0.436282 0.434695
vt 0.420943 0.431072
vt 0.423423 0.426585
vt 0.425945 0.422139
vt 0.432587 0.426540
vt 0.428488 0.417712
vt 0.435142 0.422267
vt 0.439057 0.430420
vt 0.441889 0.426022
vt 0.651067 0.356348
vt 0.643113 0.375451
vt 0.661103 0.347835
vt 0.666983 0.345250
vt 0.666402 0.375721
vt 0.667521 0.357141
vt 0.660939 0.414903
vt 0.666125 0.405122
vt 0.653542 0.409287
vt 0.659885 0.401832
vt 0.649904 0.393246
vt 0.639194 0.397306
vt 0.667601 0.394084
vt 0.407840 0.512035
vt 0.406528 0.503720
vt 0.409188 0.520344
vt 0.403745 0.520792
vt 0.402504 0.512847
vt 0.401302 0.504983
vt 0.410607 0.528641
vt 0.398240 0.520884
vt 0.392766 0.520572
vt 0.397061 0.513063
vt 0.395903 0.505316
vt 0.391649 0.512647
vt 0.390529 0.504741
vt 0.419294 0.568357
vt 0.411253 0.565048
vt 0.403309 0.554116
vt 0.397675 0.560838
vt 0.397020 0.552785
vt 0.390285 0.544048
vt 0.391071 0.551916
vt 0.385369 0.551476
vt 0.384666 0.543739
vt 0.391848 0.559488
vt 0.386806 0.558095
vt 0.382839 0.563279
vt 0.379871 0.551375
vt 0.384206 0.564281
vt 0.385367 0.565393
vt 0.381288 0.562405
vt 0.379580 0.561674
vt 0.379161 0.543808
vt 0.386406 0.511560
vt 0.385382 0.503280
vt 0.387420 0.519809
vt 0.382119 0.519045
vt 0.381365 0.510097
vt 0.380661 0.500954
vt 0.376782 0.518727
vt 0.376555 0.508551
vt 0.376567 0.497784
vt 0.392636 0.641916
vt 0.391005 0.647810
vt 0.383013 0.659627
vt 0.368961 0.665331
vt 0.409616 0.639749
vt 0.404067 0.637443
vt 0.405866 0.648876
vt 0.401015 0.645751
vt 0.396578 0.643513
vt 0.398710 0.636268
vt 0.402465 0.657010
vt 0.398033 0.653242
vt 0.399152 0.664315
vt 0.394959 0.659952
vt 0.391584 0.656098
vt 0.394233 0.650174
vt 0.394143 0.635354
vt 0.391800 0.677155
vt 0.356386 0.666259
vt 0.335691 0.665696
vt 0.461354 0.674780
vt 0.454382 0.669879
vt 0.458453 0.657785
vt 0.457088 0.686705
vt 0.450429 0.681419
vt 0.443416 0.676938
vt 0.447050 0.666650
vt 0.450738 0.656136
vt 0.453209 0.697182
vt 0.446561 0.716012
vt 0.426432 0.699187
vt 0.426079 0.676788
vt 0.436318 0.672546
vt 0.429364 0.668005
vt 0.439738 0.663064
vt 0.443182 0.653468
vt 0.432671 0.658999
vt 0.435989 0.649881
vt 0.443555 0.725133
vt 0.423231 0.707058
vt 0.409668 0.694623
vt 0.412910 0.687405
vt 0.403124 0.688714
vt 0.406531 0.681729
vt 0.397030 0.682932
vt 0.404201 0.669147
vt 0.426073 0.654335
vt 0.429360 0.645477
vt 0.422786 0.663076
vt 0.416656 0.658028
vt 0.420065 0.649285
vt 0.423499 0.640356
vt 0.419496 0.671580
vt 0.413298 0.666400
vt 0.407587 0.661469
vt 0.411048 0.653131
vt 0.414764 0.644059
vt 0.418608 0.634621
vt 0.488334 0.729417
vt 0.481950 0.732676
vt 0.475728 0.734835
vt 0.469558 0.735645
vt 0.474532 0.727424
vt 0.479781 0.724525
vt 0.469423 0.728627
vt 0.485385 0.720618
vt 0.450314 0.729492
vt 0.456947 0.732724
vt 0.452855 0.720686
vt 0.458779 0.724566
vt 0.464237 0.727444
vt 0.463330 0.734858
vt 0.467583 0.683382
vt 0.473080 0.693478
vt 0.468477 0.701112
vt 0.463122 0.693514
vt 0.477856 0.702863
vt 0.473099 0.708767
vt 0.469020 0.714530
vt 0.464492 0.708789
vt 0.459179 0.702917
vt 0.521394 0.631286
vt 0.572521 0.628775
vt 0.568946 0.649967
vt 0.558329 0.660053
vt 0.583343 0.628727
vt 0.574730 0.652328
vt 0.563589 0.664800
vt 0.540263 0.730531
vt 0.538416 0.734563
vn -0.000000 1.000000 0.000000
vn -0.000000 1.000000 0.000000
vn -0.000000 1.000000 0.000000
vn -0.000000 1.000000 0.000000
vn -0.000000 1.000000 -0.000000
vn 0.000000 1.000000 -0.000000
vn -0.000000 1.000000 0.000000
vn -0.000000 1.000000 0.000000
vn 0.000000 1.000000 0.000000
vn 0.000000 1.000000 0.000000
vn 0.000000 1.000000 -0.000000
vn 0.000000 1.000000 0.000000
vn -0.000000 1.000000 0.000000
vn 0.000000 1.000000 0.000000
vn 0.000000 1.000000 0.000000
vn 0.000000 1.000000 -0.000000
vn 0.000000 1.000000 -0.000000
vn -0.000000 1.000000 -0.000000
vn -0.000000 1.000000 0.000000
vn 0.000000 1.000000 -0.000000
vn -0.000000 1.000000 0.000000
vn 0.000000 1.000000 -0.000000
vn 0.000000 1.000000 0.000000
vn 0.000000 1.000000 -0.000000
vn -0.000000 1.000000 -0.000000
vn -0.000000 1.000000 0.000000
vn 0.000000 1.000000 -0.000000
vn -0.000000 1.000000 0.000000
vn -0.000000 1.000000 0.000000
vn 0.000000 1.000000 0.000000
vn -0.000000 1.000000 0.000000
vn 0.000000 1.000000 0.000000
vn 0.000000 1.000000 0.000000
vn 0.000000 1.000000 -0.000000
vn 0.000000 1.000000 -0.000000
vn 0.000000 1.000000 -0.000000
vn -0.000000 1.000000 0.000000
vn -0.000000 1.000000 0.000000
vn 0.000000 1.000000 -0.000000
vn -0.000000 1.000000 0.000000
vn -0.000000 1.000000 0.000000
vn -0.000000 1.000000 0.000000
vn 0.000000 1.000000 0.000000
vn 0.000000 1.000000 0.000000
vn 0.000000 1.000000 -0.000000
vn 0.000000 1.000000 -0.000000
vn 0.000000 1.000000 -0.000000
vn 0.000000 1.000000 -0.000000
vn -0.000000 1.000000 0.000000
vn -0.000000 1.000000 0.000000
vn 0.000000 1.000000 -0.000000
vn 0.000000 1.000000 0.000000
vn 0.000000 1.000000 0.000000
vn -0.000000 1.000000 -0.000000
vn 0.000000 1.000000 -0.000000
vn -0.000000 1.000000 -0.000000
vn -0.000000 1.000000 -0.000000
vn -0.000000 1.000000 -0.000000
vn -0.000000 1.000000 -0.000000
vn -0.000000 1.000000 -0.000000
vn -0.000000 1.000000 -0.000000
vn -0.000000 1.000000 -0.000000
vn -0.000000 1.000000 -0.000000
vn -0.000000 1.000000 -0.000000
vn -0.000000 1.000000 -0.000000
vn -0.000000 1.000000 -0.000000
vn -0.000000 1.000000 -0.000000
vn -0.000000 1.000000 -0.000000
vn -0.000000 1.000000 -0.000000
vn 0.000000 1.000000 -0.000000
vn -0.000000 1.000000 0.000000
vn 0.000000 1.000000 0.000000
vn 0.000000 1.000000 -0.000000
vn 0.000000 1.000000 -0.000000
vn -0.000000 1.000000 -0.000000
vn -0.000000 1.000000 0.000000
vn 0.000000 1.000000 -0.000000
vn 0.000000 1.000000 -0.000000
vn 0.000000 1.000000 -0.000000
vn 0.000000 1.000000 -0.000000
vn 0.000000 1.000000 -0.000000
vn 0.000000 1.000000 -0.000000
vn -0.000000 1.000000 0.000000
vn 0.000000 1.000000 0.000000
vn 0.000000 1.000000 0.000000
vn -0.000000 1.000000 0.000000
vn -0.000000 1.000000 -0.000000
vn 0.000000 1.000000 -0.000000
vn -0.000000 1.000000 -0.000000
vn 0.000000 1.000000 -0.000000
vn -0.000000 1.000000 -0.000000
vn -0.000000 1.000000 0.000000
vn -0.000000 1.000000 0.000000
vn 0.000000 1.000000 0.000000
vn 0.000000 1.000000 0.000000
vn 0.000000 1.000000 -0.000000
vn -0.000000 1.000000 -0.000000
vn 0.000000 1.000000 0.000000
vn -0.000000 1.000000 -0.000000
vn -0.000000 1.000000 0.000000
vn -0.000000 1.000000 -0.000000
vn 0.000000 1.000000 0.000000
vn 0.000000 1.000000 0.000000
vn -0.000000 1.000000 0.000000
vn 0.000000 1.000000 0.000000
vn 0.000000 1.000000 -0.000000
vn -0.000000 1.000000 -0.000000
vn -0.000000 1.000000 -0.000000
vn 0.000000 1.000000 0.000000
vn -0.000000 1.000000 -0.000000
vn -0.000000 1.000000 -0.000000
vn -0.000000 1.000000 0.000000
vn -0.000000 1.000000 0.000000
vn -0.000000 1.000000 0.000000
vn -0.000000 1.000000 0.000000
vn 0.000000 1.000000 0.000000
vn 0.000000 1.000000 -0.000000
vn -0.000000 1.000000 0.000000
vn 0.000000 1.000000 0.000000
vn -0.000000 1.000000 -0.000000
vn -0.000000 1.000000 -0.000000
vn 0.000000 1.000000 0.000000
vn -0.000000 1.000000 0.000000
vn -0.000000 1.000000 -0.000000
vn -0.000000 1.000000 -0.000000
vn -0.000000 1.000000 0.000000
vn -0.000000 1.000000 0.000000
vn 0.000000 1.000000 0.000000
vn 0.000000 1.000000 0.000000
vn 0.000000 1.000000 0.000000
vn -0.000000 1.000000 0.000000
vn -0.000000 1.000000 0.000000
vn -0.000000 1.000000 0.000000
vn -0.000000 1.000000 0.000000
vn 0.000000 1.000000 -0.000000
vn 0.000000 1.000000 0.000000
vn 0.000000 1.000000 -0.000000
vn 0.000000 1.000000 0.000000
vn 0.000000 1.000000 0.000000
vn 0.000000 1.000000 0.000000
vn -0.000000 1.000000 0.000000
vn -0.000000 1.000000 0.000000
vn 0.000000 1.000000 0.000000
vn -0.000000 1.000000 0.000000
vn -0.000000 1.000000 -0.000000
vn 0.000000 1.000000 -0.000000
vn -0.000000 1.000000 -0.000000
vn -0.000000 1.000000 0.000000
vn 0.000000 1.000000 -0.000000
vn 0.000000 1.000000 -0.000000
vn -0.000000 1.000000 -0.000000
vn 0.000000 1.000000 -0.000000
vn 0.000000 1.000000 0.000000
vn 0.000000 1.000000 -0.000000
vn 0.000000 1.000000 -0.000000
vn -0.000000 1.000000 0.000000
vn 0.000000 1.000000 -0.000000
vn 0.000003 -1.000000 -0.000005
vn 0.000001 -1.000000 -0.000001
vn 0.000000 -1.000000 -0.000000
vn 0.000000 1.000000 0.000000
vn 0.000000 1.000000 0.000000
vn 0.000000 -1.000000 -0.000000
vn 0.000000 -1.000000 -0.000000
vn -0.000001 -1.000000 0.000000
vn -0.000000 1.000000 0.000000
vn 0.000000 1.000000 -0.000000
vn -0.000000 1.000000 -0.000000
vn -0.000000 1.000000 -0.000000
vn -0.000000 1.000000 0.000000
vn -0.000000 1.000000 0.000000
vn 0.000000 1.000000 0.000000
vn 0.000000 1.000000 0.000000
vn -0.000000 1.000000 0.000000
vn -0.000000 1.000000 -0.000000
vn 0.000000 1.000000 0.000000
vn 0.000000 1.000000 -0.000000
vn 0.000000 1.000000 -0.000000
vn 0.000000 1.000000 -0.000000
vn 0.000000 1.000000 0.000000
vn -0.000000 1.000000 0.000000
vn -0.000000 1.000000 0.000000
vn 0.000000 1.000000 0.000000
vn 0.000000 1.000000 -0.000000
vn 0.000000 1.000000 0.000000
vn 0.000000 1.000000 0.000000
vn 0.000001 1.000000 -0.000001
vn 0.000001 1.000000 -0.000001
vn -0.000001 1.000000 0.000001
vn 0.000000 1.000000 -0.000000
vn -0.000000 1.000000 -0.000000
vn -0.000000 1.000000 -0.000000
vn 0.000000 1.000000 -0.000000
vn -0.000000 1.000000 -0.000000
vn 0.000000 1.000000 -0.000000
vn 0.000000 1.000000 0.000000
vn 0.000000 1.000000 0.000000
vn -0.000000 1.000000 0.000000
vn 0.000000 1.000000 -0.000000
vn 0.000000 1.000000 0.000000
vn -0.000000 1.000000 0.000000
vn -0.000000 1.000000 0.000000
vn -0.000000 1.000000 -0.000000
vn -0.000000 1.000000 0.000000
vn -0.000000 1.000000 0.000000
vn -0.000000 1.000000 0.000000
vn 0.000000 1.000000 0.000000
vn 0.000000 1.000000 0.000000
vn 0.000000 1.000000 0.000000
vn 0.000000 1.000000 -0.000000
vn 0.000000 1.000000 0.000000
vn 0.000000 1.000000 -0.000000
vn 0.000000 1.000000 0.000000
vn -0.000000 1.000000 0.000000
vn -0.000000 1.000000 -0.000000
vn -0.000000 1.000000 0.000000
vn 0.000000 1.000000 -0.000000
vn -0.000000 1.000000 -0.000000
vn -0.000000 1.000000 -0.000000
vn -0.000000 1.000000 -0.000000
vn -0.000000 1.000000 0.000000
vn 0.000000 1.000000 0.000000
vn 0.000000 1.000000 -0.000000
vn 0.000000 1.000000 0.000000
vn 0.000000 1.000000 0.000000
vn -0.000000 1.000000 0.000000
vn 0.000000 1.000000 -0.000000
vn 0.000000 1.000000 -0.000000
vn 0.000000 1.000000 -0.000000
vn -0.000000 1.000000 -0.000000
vn 0.000000 1.000000 0.000000
vn -0.000000 1.000000 -0.000000
vn 0.000000 1.000000 0.000000
vn -0.000000 1.000000 0.000000
vn -0.000000 1.000000 -0.000000
vn 0.000000 1.000000 -0.000000
vn -0.000000 1.000000 0.000000
vn -0.000000 1.000000 -0.000000
vn -0.000000 1.000000 -0.000000
vn 0.000000 1.000000 0.000000
vn 0.000000 1.000000 -0.000000
vn 0.000000 1.000000 -0.000000
vn -0.000000 1.000000 -0.000000
vn -0.000000 1.000000 0.000000
vn -0.000000 1.000000 0.000000
vn 0.000000 1.000000 0.000000
vn 0.000000 1.000000 -0.000000
vn 0.000000 1.000000 0.000000
vn -0.000000 1.000000 0.000000
vn -0.000000 1.000000 0.000000
vn 0.000000 1.000000 -0.000000
vn -0.000000 1.000000 -0.000000
vn -0.000000 1.000000 0.000000
vn -0.000000 1.000000 0.000000
vn -0.000000 1.000000 -0.000000
vn -0.000000 1.000000 -0.000000
vn 0.000000 1.000000 0.000000
vn 0.000000 1.000000 0.000000
vn 0.000000 1.000000 0.000000
vn 0.000000 1.000000 -0.000000
vn 0.000000 1.000000 -0.000000
vn 0.000000 1.000000 0.000000
vn 0.000000 1.000000 -0.000000
vn 0.000000 1.000000 0.000000
vn 0.000000 1.000000 0.000000
vn -0.000000 1.000000 -0.000000
vn -0.000000 1.000000 -0.000000
vn -0.000000 1.000000 0.000000
vn -0.000000 1.000000 0.000000
vn -0.000000 1.000000 -0.000000
vn -0.000000 1.000000 0.000000
vn 0.000000 1.000000 -0.000000
vn 0.000000 1.000000 0.000000
vn 0.000000 1.000000 -0.000000
vn -0.000000 1.000000 -0.000000
vn -0.000000 1.000000 -0.000000
vn 0.000000 1.000000 -0.000000
vn -0.000000 1.000000 -0.000000
vn -0.000000 1.000000 -0.000000
vn -0.000000 1.000000 0.000000
vn 0.000000 1.000000 0.000000
vn -0.000000 1.000000 -0.000000
vn 0.000000 1.000000 0.000000
vn 0.000000 1.000000 0.000000
vn 0.000000 1.000000 0.000000
vn -0.000000 1.000000 -0.000000
vn 0.000000 1.000000 0.000000
vn -0.000000 1.000000 -0.000000
vn -0.000000 1.000000 -0.000000
vn -0.000000 1.000000 -0.000000
vn -0.000000 1.000000 -0.000000
vn -0.000000 1.000000 0.000000
vn -0.000000 1.000000 -0.000000
vn 0.000000 1.000000 0.000000
vn -0.000000 1.000000 -0.000000
vn -0.000000 1.000000 -0.000000
vn 0.000000 1.000000 0.000000
vn 0.000000 1.000000 0.000000
vn 0.000000 1.000000 0.000000
vn 0.000000 1.000000 -0.000000
vn -0.000000 1.000000 -0.000000
vn 0.000000 1.000000 -0.000000
vn 0.000000 1.000000 0.000000
vn -0.000000 1.000000 -0.000000
vn 0.000000 1.000000 0.000000
vn 0.000000 1.000000 0.000000
vn 0.000000 1.000000 -0.000000
vn -0.000000 1.000000 -0.000000
vn -0.000000 1.000000 0.000000
vn -0.000000 1.000000 0.000000
vn 0.000000 1.000000 0.000000
vn 0.000000 1.000000 -0.000000
vn -0.000000 1.000000 -0.000000
vn 0.000000 1.000000 -0.000000
vn 0.000000 1.000000 0.000000
vn -0.000000 1.000000 0.000000
vn -0.000000 1.000000 0.000000
vn -0.000000 1.000000 -0.000000
vn 0.000000 1.000000 -0.000000
vn -0.000000 1.000000 -0.000000
vn 0.000000 1.000000 -0.000000
vn 0.000000 1.000000 0.000000
vn 0.000000 1.000000 0.000000
vn -0.000000 1.000000 0.000000
vn -0.000000 1.000000 0.000000
vn -0.000000 1.000000 0.000000
vn -0.000000 1.000000 0.000000
vn -0.000000 1.000000 -0.000000
vn 0.000000 1.000000 -0.000000
vn -0.000000 1.000000 -0.000000
vn -0.000000 1.000000 0.000000
vn -0.000000 1.000000 0.000000
vn 0.000000 1.000000 -0.000000
vn -0.000000 1.000000 -0.000000
vn 0.000000 1.000000 -0.000000
vn 0.000000 1.000000 0.000000
vn -0.000000 1.000000 -0.000000
vn -0.000000 1.000000 0.000000
vn -0.000000 1.000000 0.000000
vn 0.000000 1.000000 0.000000
vn 0.000000 1.000000 0.000000
vn -0.000000 1.000000 -0.000000
vn -0.000000 1.000000 -0.000000
vn -0.000000 1.000000 0.000000
vn -0.000000 1.000000 -0.000000
vn -0.000000 1.000000 -0.000000
vn -0.000000 1.000000 -0.000000
vn -0.000000 1.000000 0.000000
vn 0.000000 1.000000 0.000000
vn -0.000000 1.000000 0.000000
vn 0.000000 1.000000 0.000000
vn 0.000000 1.000000 -0.000000
vn 0.000000 1.000000 0.000000
vn -0.000000 1.000000 0.000000
vn -0.000000 1.000000 0.000000
vn 0.000000 1.000000 0.000000
vn 0.000000 1.000000 0.000000
vn 0.000000 1.000000 -0.000000
vn -0.000000 1.000000 0.000000
vn 0.000000 1.000000 -0.000000
vn 0.000000 1.000000 -0.000000
vn -0.000000 1.000000 0.000000
vn 0.000000 1.000000 -0.000000
vn 0.000000 1.000000 -0.000000
vn 0.000000 1.000000 0.000000
vn -0.000000 1.000000 -0.000000
vn -0.000000 1.000000 -0.000000
vn 0.000000 1.000000 -0.000000
vn -0.000000 1.000000 0.000000
vn -0.000000 1.000000 0.000000
vn 0.000000 1.000000 -0.000000
vn -0.000000 1.000000 -0.000000
vn -0.000000 1.000000 -0.000000
vn -0.000000 1.000000 -0.000000
vn 0.000000 1.000000 0.000000
vn 0.000000 1.000000 0.000000
vn 0.000000 1.000000 0.000000
vn 0.000000 1.000000 -0.000000
vn -0.000000 1.000000 0.000000
vn 0.000000 1.000000 0.000000
vn 0.000000 1.000000 0.000000
vn 0.000000 1.000000 -0.000000
vn -0.000000 1.000000 0.000000
vn 0.000000 1.000000 -0.000000
vn 0.000000 1.000000 -0.000000
vn -0.000000 1.000000 0.000000
vn 0.000000 1.000000 -0.000000
vn 0.000000 1.000000 -0.000000
vn 0.000000 1.000000 0.000000
vn 0.000000 1.000000 0.000000
vn -0.000000 1.000000 -0.000000
vn -0.000000 1.000000 -0.000000
vn 0.000000 1.000000 0.000000
vn -0.000000 1.000000 -0.000000
vn -0.000000 1.000000 -0.000000
vn 0.000000 1.000000 0.000000
vn 0.000000 1.000000 0.000000
vn -0.000000 1.000000 -0.000000
vn -0.000000 1.000000 -0.000000
vn -0.000000 1.000000 0.000000
vn 0.000000 1.000000 -0.000000
vn 0.000000 1.000000 -0.000000
vn -0.000000 1.000000 -0.000000
vn 0.000000 1.000000 -0.000000
vn -0.000000 1.000000 -0.000000
vn 0.000000 1.000000 0.000000
vn -0.000000 1.000000 0.000000
vn 0.000000 1.000000 -0.000000
vn 0.000000 1.000000 -0.000000
vn 0.000000 1.000000 -0.000000
vn 0.000000 1.000000 -0.000000
vn 0.000000 1.000000 -0.000000
vn -0.000000 1.000000 -0.000000
vn -0.000000 1.000000 -0.000000
vn 0.000000 1.000000 0.000000
vn -0.000000 1.000000 0.000000
vn -0.000000 1.000000 0.000000
vn -0.000000 1.000000 0.000000
vn 0.000000 1.000000 -0.000000
vn 0.000000 1.000000 -0.000000
vn 0.000000 1.000000 0.000000
vn 0.000000 1.000000 -0.000000
vn -0.000000 1.000000 -0.000000
vn 0.000000 1.000000 -0.000000
vn -0.000000 1.000000 -0.000000
vn 0.000000 1.000000 -0.000000
vn -0.000000 1.000000 0.000000
vn 0.000000 1.000000 0.000000
vn 0.000000 1.000000 -0.000000
vn -0.000000 1.000000 -0.000000
vn 0.000000 1.000000 0.000000
vn -0.000000 1.000000 0.000000
vn -0.000000 1.000000 -0.000000
vn -0.000000 1.000000 -0.000000
vn -0.000000 1.000000 -0.000000
vn -0.000000 1.000000 -0.000000
vn 0.000000 1.000000 0.000000
vn 0.000000 1.000000 0.000000
vn 0.000000 1.000000 0.000000
vn 0.000000 1.000000 0.000000
vn 0.000000 1.000000 0.000000
vn 0.000000 1.000000 -0.000000
vn 0.000000 1.000000 -0.000000
vn -0.000000 1.000000 -0.000000
vn 0.000000 1.000000 -0.000000
vn 0.000000 1.000000 0.000000
vn -0.000000 1.000000 0.000000
vn -0.000000 1.000000 -0.000000
vn -0.000000 1.000000 -0.000000
vn -0.000000 1.000000 0.000000
vn 0.000000 1.000000 -0.000000
vn 0.000000 1.000000 -0.000000
vn -0.000000 1.000000 -0.000000
vn -0.000000 1.000000 -0.000000
vn -0.000000 1.000000 -0.000000
vn 0.000000 1.000000 0.000000
vn -0.000000 1.000000 -0.000000
vn -0.000000 1.000000 0.000000
vn 0.000000 1.000000 -0.000000
vn 0.000000 1.000000 0.000000
vn 0.000000 1.000000 -0.000000
vn -0.000000 1.000000 -0.000000
vn -0.000000 1.000000 0.000000
vn -0.000000 1.000000 0.000000
vn 0.000000 1.000000 0.000000
vn 0.000000 1.000000 0.000000
vn 0.000000 1.000000 0.000000
vn 0.000000 1.000000 0.000000
vn 0.000000 1.000000 0.000000
vn -0.000000 1.000000 0.000000
vn -0.000000 1.000000 0.000000
vn -0.000000 1.000000 0.000000
vn -0.000000 1.000000 0.000000
vn -0.000000 1.000000 -0.000000
vn -0.000000 1.000000 -0.000000
vn -0.000000 1.000000 0.000000
vn -0.000000 1.000000 0.000000
vn -0.000000 1.000000 0.000000
vn 0.000000 1.000000 -0.000000
vn 0.000000 1.000000 -0.000000
vn 0.000000 1.000000 0.000000
vn 0.000000 1.000000 -0.000000
vn 0.000000 1.000000 -0.000000
vn 0.000000 1.000000 -0.000000
vn -0.000000 1.000000 -0.000000
vn 0.000000 1.000000 0.000000
vn -0.000000 1.000000 -0.000000
vn -0.000000 1.000000 -0.000000
vn -0.000000 1.000000 0.000000
vn -0.000000 1.000000 -0.000000
vn 0.000000 1.000000 -0.000000
vn 0.000000 1.000000 0.000000
vn 0.000000 1.000000 0.000000
vn 0.000000 1.000000 0.000000
vn 0.000000 1.000000 0.000000
vn 0.000000 1.000000 0.000000
vn 0.000000 1.000000 0.000000
vn 0.000000 1.000000 -0.000000
vn -0.000000 1.000000 0.000000
vn 0.000000 1.000000 0.000000
vn -0.000000 1.000000 -0.000000
vn 0.000000 1.000000 -0.000000
vn -0.000000 1.000000 -0.000000
vn 0.000000 1.000000 -0.000000
vn 0.000000 1.000000 -0.000000
vn -0.000000 1.000000 0.000000
vn 0.000000 1.000000 -0.000000
vn 0.000000 1.000000 -0.000000
vn 0.000000 1.000000 -0.000000
vn -0.000000 1.000000 0.000000
vn 0.000000 1.000000 0.000000
vn -0.000000 1.000000 -0.000000
vn 0.000000 1.000000 -0.000000
vn -0.000000 1.000000 -0.000000
vn -0.000000 1.000000 0.000000
vn -0.000000 1.000000 -0.000000
vn -0.000000 1.000000 0.000000
vn 0.000000 1.000000 -0.000000
vn 0.000000 1.000000 -0.000000
vn -0.000000 1.000000 -0.000000
vn -0.000000 1.000000 -0.000000
vn 0.000000 1.000000 0.000000
vn -0.000000 1.000000 0.000000
vn 0.000000 1.000000 -0.000000
vn -0.000000 1.000000 0.000000
vn 0.000000 1.000000 0.000000
vn 0.000000 1.000000 -0.000000
vn 0.000000 1.000000 -0.000000
vn 0.000000 1.000000 0.000000
vn -0.000000 1.000000 0.000000
vn 0.000000 1.000000 -0.000000
vn 0.000000 1.000000 0.000000
vn -0.000000 1.000000 -0.000000
vn -0.000000 1.000000 -0.000000
vn -0.000000 1.000000 -0.000000
vn 0.000000 1.000000 0.000000
vn 0.000000 1.000000 -0.000000
vn 0.000000 1.000000 -0.000000
vn 0.000000 1.000000 -0.000000
vn 0.000000 1.000000 0.000000
vn -0.000000 1.000000 -0.000000
vn -0.000000 1.000000 -0.000000
vn 0.000000 1.000000 0.000000
vn 0.000000 1.000000 -0.000000
vn 0.000000 1.000000 0.000000
vn 0.000000 1.000000 0.000000
vn -0.000000 1.000000 -0.000000
vn 0.000000 1.000000 -0.000000
vn -0.000000 1.000000 -0.000000
vn -0.000000 1.000000 0.000000
vn 0.000000 1.000000 0.000000
vn 0.000000 1.000000 -0.000000
vn -0.000000 1.000000 0.000000
vn -0.000000 1.000000 0.000000
vn -0.000000 1.000000 -0.000000
vn 0.000000 1.000000 0.000000
vn -0.000000 1.000000 -0.000000
vn -0.000000 1.000000 -0.000000
vn -0.000000 1.000000 -0.000000
vn -0.000000 1.000000 -0.000000
vn -0.000000 1.000000 -0.000000
vn 0.000000 1.000000 -0.000000
vn 0.000000 1.000000 -0.000000
vn -0.000000 1.000000 0.000000
vn -0.000000 1.000000 -0.000000
vn 0.000000 1.000000 -0.000000
vn 0.000000 1.000000 0.000000
vn 0.000000 1.000000 -0.000000
vn 0.000000 1.000000 0.000000
vn -0.000000 1.000000 0.000000
vn -0.000000 1.000000 0.000000
vn -0.000000 1.000000 0.000000
vn -0.000000 1.000000 0.000000
vn -0.000000 1.000000 -0.000000
vn -0.000000 1.000000 0.000000
vn 0.000000 1.000000 0.000000
vn -0.000000 1.000000 -0.000000
vn 0.000000 1.000000 0.000000
vn 0.000000 1.000000 -0.000001
vn -0.000000 1.000000 -0.000000
vn -0.000000 1.000000 -0.000000
vn -0.000000 1.000000 -0.000000
vn 0.000000 1.000000 0.000000
vn -0.000000 1.000000 0.000000
vn -0.000000 1.000000 -0.000000
vn 0.000000 1.000000 0.000000
vn 0.000000 1.000000 0.000000
vn -0.000000 1.000000 0.000000
vn -0.000000 1.000000 0.000000
vn 0.000000 1.000000 -0.000000
vn -0.000000 1.000000 -0.000000
vn 0.000000 1.000000 0.000000
vn -0.000000 1.000000 -0.000000
vn 0.000000 1.000000 0.000000
vn -0.000000 1.000000 0.000000
vn 0.000000 1.000000 -0.000000
vn -0.000000 1.000000 -0.000000
vn 0.000000 1.000000 -0.000000
vn 0.000000 1.000000 -0.000000
vn -0.000000 1.000000 -0.000000
vn -0.000000 1.000000 -0.000000
vn -0.000000 1.000000 -0.000000
vn -0.000000 1.000000 -0.000000
vn -0.000000 1.000000 -0.000000
vn -0.000000 1.000000 0.000000
vn 0.000000 1.000000 0.000000
vn -0.000000 1.000000 -0.000000
vn 0.000000 1.000000 -0.000000
vn 0.000000 1.000000 0.000000
vn 0.000000 1.000000 0.000000
vn 0.000000 1.000000 -0.000000
vn -0.000000 1.000000 -0.000000
vn 0.000000 1.000000 -0.000000
vn 0.000000 1.000000 -0.000000
vn 0.000000 1.000000 0.000000
vn 0.000000 1.000000 0.000000
vn -0.000000 1.000000 -0.000000
vn -0.000000 1.000000 -0.000000
vn -0.000000 1.000000 -0.000000
vn -0.000000 1.000000 0.000000
vn -0.000000 1.000000 -0.000000
vn -0.000000 1.000000 -0.000000
vn 0.000000 1.000000 -0.000000
vn -0.000000 1.000000 0.000000
vn 0.000000 1.000000 0.000000
vn 0.000000 1.000000 -0.000000
vn 0.000000 1.000000 -0.000000
vn 0.000000 1.000000 -0.000000
vn 0.000000 1.000000 -0.000000
vn 0.000000 1.000000 -0.000000
vn 0.000000 1.000000 -0.000000
vn 0.000000 1.000000 -0.000000
vn 0.000000 1.000000 0.000000
vn 0.000000 1.000000 -0.000000
vn -0.000000 1.000000 0.000000
vn 0.000000 1.000000 -0.000000
vn -0.000000 1.000000 0.000000
vn -0.000000 1.000000 -0.000000
vn -0.000000 1.000000 0.000000
vn -0.000000 1.000000 -0.000000
vn -0.000000 1.000000 0.000000
vn 0.000000 1.000000 -0.000000
vn -0.000000 1.000000 -0.000000
vn 0.000000 1.000000 -0.000000
vn 0.000000 1.000000 -0.000000
vn 0.000000 1.000000 0.000000
vn -0.000000 1.000000 -0.000000
vn -0.000000 1.000000 -0.000000
vn -0.000000 1.000000 -0.000000
vn 0.000000 1.000000 -0.000000
vn -0.000000 1.000000 0.000000
vn -0.000000 1.000000 0.000000
vn 0.000000 1.000000 0.000000
vn 0.000000 1.000000 0.000000
vn 0.000000 1.000000 0.000000
vn -0.000000 1.000000 -0.000000
vn 0.000000 1.000000 -0.000000
vn -0.000000 1.000000 0.000000
vn -0.000000 1.000000 0.000000
vn -0.000000 1.000000 -0.000000
vn 0.000000 1.000000 0.000000
vn -0.000000 1.000000 0.000000
vn 0.000000 1.000000 0.000000
vn 0.000000 1.000000 0.000000
vn -0.000000 1.000000 -0.000000
vn 0.000000 1.000000 -0.000000
vn -0.000000 1.000000 -0.000000
vn 0.000000 1.000000 -0.000000
vn -0.000000 1.000000 -0.000000
vn -0.000000 1.000000 0.000000
vn -0.000000 1.000000 0.000000
vn -0.000000 1.000000 -0.000000
vn -0.000000 1.000000 -0.000000
vn 0.000000 1.000000 0.000000
vn 0.000000 1.000000 -0.000000
vn 0.000000 1.000000 -0.000000
vn -0.000000 1.000000 -0.000000
vn 0.000000 1.000000 -0.000000
vn 0.000000 1.000000 -0.000000
vn -0.000000 1.000000 0.000000
vn 0.000000 1.000000 0.000000
vn 0.000000 1.000000 -0.000000
vn 0.000000 1.000000 0.000000
vn -0.000000 1.000000 -0.000000
vn 0.000000 1.000000 -0.000000
vn 0.000000 1.000000 0.000000
vn 0.000000 1.000000 0.000000
vn -0.000000 1.000000 -0.000000
vn -0.000000 1.000000 0.000000
vn -0.000000 1.000000 0.000000
vn 0.000000 1.000000 0.000000
vn 0.000000 1.000000 0.000000
vn 0.000000 1.000000 -0.000000
vn 0.000000 1.000000 0.000000
vn 0.000000 1.000000 0.000000
vn 0.000000 1.000000 -0.000000
vn 0.000000 1.000000 -0.000000
vn 0.000000 1.000000 -0.000000
vn 0.000000 1.000000 -0.000000
vn -0.000000 1.000000 0.000000
vn -0.000000 1.000000 -0.000000
vn 0.000000 1.000000 -0.000000
vn -0.000000 1.000000 0.000000
vn 0.000000 1.000000 -0.000000
vn 0.000000 1.000000 -0.000000
vn -0.000000 1.000000 0.000000
vn 0.000000 1.000000 -0.000000
vn 0.000000 1.000000 0.000000
vn 0.000000 1.000000 0.000000
vn -0.000000 1.000000 0.000000
vn 0.000000 1.000000 0.000000
vn 0.000000 1.000000 0.000000
vn 0.000000 1.000000 0.000000
vn 0.000000 1.000000 0.000000
vn -0.000000 1.000000 -0.000000
vn -0.000000 1.000000 0.000000
vn -0.000000 1.000000 -0.000000
vn 0.000000 1.000000 -0.000000
vn -0.000000 1.000000 -0.000000
vn -0.000000 1.000000 0.000000
vn -0.000000 1.000000 0.000000
vn -0.000000 1.000000 0.000000
vn 0.000000 1.000000 0.000000
vn -0.000000 1.000000 -0.000000
vn 0.000000 1.000000 -0.000000
vn -0.000000 1.000000 -0.000000
vn -0.000000 1.000000 0.000000
vn 0.000000 1.000000 0.000000
vn -0.000000 1.000000 0.000000
vn -0.000000 1.000000 -0.000000
vn -0.000000 1.000000 -0.000000
vn -0.000000 1.000000 -0.000000
vn 0.000000 1.000000 -0.000000
vn 0.000000 1.000000 0.000000
vn 0.000000 1.000000 0.000000
vn 0.000000 1.000000 -0.000000
vn 0.000000 1.000000 -0.000000
vn 0.000000 1.000000 0.000000
vn -0.000000 1.000000 0.000000
vn -0.000000 1.000000 0.000000
vn 0.000000 1.000000 0.000000
vn 0.000000 1.000000 -0.000000
vn 0.000000 1.000000 -0.000000
vn -0.000000 1.000000 0.000000
vn -0.000000 1.000000 0.000000
vn -0.000000 1.000000 -0.000000
vn 0.000000 1.000000 -0.000000
vn 0.000000 1.000000 0.000000
vn 0.000000 1.000000 0.000000
vn -0.000000 1.000000 -0.000000
vn 0.000000 1.000000 -0.000000
vn -0.000000 1.000000 -0.000000
vn -0.000000 1.000000 -0.000000
vn -0.000000 1.000000 0.000000
vn 0.000000 1.000000 0.000000
vn -0.000000 1.000000 -0.000000
vn 0.000000 1.000000 0.000000
vn -0.000000 1.000000 0.000000
vn -0.000000 1.000000 -0.000000
vn -0.000000 1.000000 -0.000000
vn -0.000000 1.000000 -0.000000
vn 0.000000 1.000000 -0.000000
vn 0.000000 1.000000 -0.000000
vn 0.000000 1.000000 -0.000000
vn 0.000000 1.000000 0.000000
vn -0.000000 1.000000 0.000000
vn -0.000000 1.000000 0.000000
vn -0.000000 1.000000 0.000000
vn -0.000000 1.000000 -0.000000
vn -0.000000 1.000000 -0.000000
vn -0.000000 1.000000 0.000000
vn 0.000000 1.000000 0.000000
vn -0.000000 1.000000 -0.000000
vn -0.000000 1.000000 -0.000000
vn -0.000000 1.000000 0.000000
vn 0.000000 1.000000 0.000000
vn 0.000000 1.000000 -0.000000
vn 0.000000 1.000000 -0.000000
vn 0.000000 1.000000 0.000000
vn -0.000000 1.000000 0.000000
vn -0.000000 1.000000 0.000000
vn -0.000000 1.000000 0.000000
vn -0.000000 1.000000 0.000000
vn 0.000000 1.000000 -0.000000
vn -0.000000 1.000000 -0.000000
vn 0.000000 1.000000 -0.000000
vn -0.000000 1.000000 -0.000000
vn -0.000000 1.000000 -0.000000
vn -0.000000 1.000000 -0.000000
vn 0.000000 1.000000 0.000000
vn 0.000000 1.000000 -0.000000
vn -0.000000 1.000000 0.000000
vn -0.000000 1.000000 0.000000
vn 0.000000 1.000000 -0.000000
vn -0.000000 1.000000 0.000000
vn 0.000000 1.000000 0.000000
vn 0.000000 1.000000 0.000000
vn 0.000000 1.000000 0.000000
vn 0.000000 1.000000 0.000000
vn -0.000000 1.000000 0.000000
vn -0.000000 1.000000 -0.000000
vn 0.000000 1.000000 -0.000000
vn -0.000000 1.000000 -0.000000
vn 0.000000 1.000000 -0.000000
vn -0.000000 1.000000 -0.000000
vn 0.000000 1.000000 -0.000000
vn 0.000000 1.000000 -0.000000
vn -0.000000 1.000000 0.000000
vn 0.000000 1.000000 0.000000
vn 0.000000 1.000000 -0.000000
vn 0.000000 1.000000 -0.000000
vn -0.000000 1.000000 -0.000000
vn 0.000000 1.000000 0.000000
vn 0.000000 1.000000 0.000000
vn 0.000000 1.000000 -0.000000
vn -0.000000 1.000000 0.000000
vn 0.000000 1.000000 -0.000000
vn 0.000000 1.000000 0.000000
vn 0.000000 1.000000 0.000000
vn 0.000000 1.000000 0.000000
vn 0.000000 1.000000 0.000000
vn 0.000000 1.000000 0.000000
vn -0.000000 1.000000 -0.000000
vn -0.000000 1.000000 0.000000
vn -0.000000 1.000000 0.000000
vn -0.000000 1.000000 -0.000000
vn -0.000000 1.000000 0.000000
vn -0.000000 1.000000 0.000000
vn -0.000000 1.000000 0.000000
vn 0.000000 1.000000 0.000000
vn 0.000000 1.000000 0.000000
vn 0.000000 1.000000 0.000000
vn 0.000000 1.000000 0.000000
vn 0.000000 1.000000 -0.000000
vn -0.000000 1.000000 0.000000
vn -0.000000 1.000000 -0.000000
vn -0.000000 1.000000 0.000000
vn -0.000000 1.000000 -0.000000
vn 0.000000 1.000000 -0.000000
vn 0.000000 1.000000 -0.000000
vn -0.000000 1.000000 -0.000000
vn 0.000000 1.000000 0.000000
vn -0.000000 1.000000 0.000000
vn -0.000000 1.000000 0.000000
vn 0.000000 1.000000 0.000000
vn -0.000000 1.000000 0.000000
vn 0.000000 1.000000 0.000000
vn 0.000000 1.000000 0.000000
vn 0.000000 1.000000 -0.000000
vn 0.000000 1.000000 -0.000000
vn -0.000000 1.000000 -0.000000
vn 0.000000 1.000000 0.000000
vn 0.000000 1.000000 0.000000
vn 0.000000 1.000000 0.000000
vn 0.000000 1.000000 0.000000
vn 0.000000 1.000000 -0.000000
vn 0.000000 1.000000 -0.000000
vn -0.000000 1.000000 0.000000
vn -0.000000 1.000000 0.000000
vn -0.000000 1.000000 0.000000
vn -0.000000 1.000000 0.000000
vn -0.000000 1.000000 0.000000
vn 0.000000 1.000000 -0.000000
vn -0.000000 1.000000 0.000000
vn 0.000000 1.000000 -0.000000
vn -0.000000 1.000000 -0.000000
vn -0.000000 1.000000 -0.000000
vn -0.000000 1.000000 0.000000
vn 0.000000 1.000000 0.000000
vn -0.000000 1.000000 0.000000
vn 0.000000 1.000000 -0.000000
vn -0.000000 1.000000 0.000000
vn -0.000000 1.000000 0.000000
vn 0.000000 1.000000 -0.000000
vn -0.000000 1.000000 0.000000
vn 0.000000 1.000000 -0.000000
vn 0.000000 1.000000 0.000000
vn 0.000000 1.000000 0.000000
vn 0.000000 1.000000 0.000000
vn 0.000000 1.000000 -0.000000
vn -0.000000 1.000000 -0.000000
vn 0.000000 1.000000 -0.000000
vn -0.000000 1.000000 -0.000000
vn 0.000000 1.000000 -0.000000
vn -0.000000 1.000000 0.000000
vn 0.000000 1.000000 0.000000
vn -0.000000 1.000000 0.000000
vn -0.000000 1.000000 -0.000000
vn -0.000000 1.000000 -0.000000
vn -0.000000 1.000000 -0.000000
vn -0.000000 1.000000 0.000000
vn -0.000000 1.000000 0.000000
vn -0.000000 1.000000 0.000000
vn -0.000000 1.000000 -0.000000
vn -0.000000 1.000000 0.000000
vn 0.000000 1.000000 -0.000000
vn -0.000000 1.000000 -0.000000
vn 0.000000 1.000000 -0.000000
vn -0.000000 1.000000 -0.000000
vn 0.000000 1.000000 0.000000
vn -0.000000 1.000000 0.000000
vn 0.000000 1.000000 0.000000
vn 0.000000 1.000000 0.000000
vn 0.000000 1.000000 0.000000
vn 0.000000 1.000000 -0.000000
vn 0.000000 1.000000 -0.000000
vn 0.000000 1.000000 0.000000
vn 0.000000 1.000000 -0.000000
vn -0.000000 1.000000 0.000000
vn -0.000000 1.000000 0.000000
vn -0.000000 1.000000 0.000000
vn -0.000000 1.000000 0.000000
vn -0.000000 1.000000 0.000000
vn -0.000000 1.000000 0.000000
vn -0.000000 1.000000 -0.000000
vn 0.000000 1.000000 -0.000000
vn -0.000000 1.000000 -0.000000
vn 0.000000 1.000000 -0.000000
vn -0.000000 1.000000 -0.000000
vn -0.000000 1.000000 -0.000000
vn 0.000000 1.000000 0.000000
vn -0.000000 1.000000 -0.000000
vn -0.000000 1.000000 -0.000000
vn 0.000000 1.000000 0.000000
vn 0.000000 1.000000 -0.000000
vn -0.000000 1.000000 -0.000000
vn 0.000000 1.000000 0.000000
vn -0.000000 1.000000 -0.000000
vn 0.000000 1.000000 0.000000
vn 0.000000 1.000000 -0.000000
vn -0.000000 1.000000 -0.000000
vn 0.000000 1.000000 0.000000
vn -0.000000 1.000000 -0.000000
vn -0.000000 1.000000 -0.000000
vn -0.000000 1.000000 -0.000000
vn 0.000000 1.000000 0.000000
vn 0.000000 1.000000 0.000000
vn -0.000000 1.000000 -0.000000
vn 0.000000 1.000000 0.000000
vn 0.000001 1.000000 0.000000
vn 0.000001 1.000000 0.000000
vn -0.000000 1.000000 -0.000000
vn 0.000000 1.000000 -0.000000
vn -0.000000 1.000000 0.000000
vn 0.000000 1.000000 0.000000
vn -0.000000 1.000000 0.000000
vn 0.000000 1.000000 0.000000
vn 0.000000 1.000000 -0.000000
vn -0.000000 1.000000 -0.000000
vn 0.000000 1.000000 -0.000000
vn 0.000000 -1.000000 0.000000
vn 0.000000 1.000000 0.000000
vn 0.000000 1.000000 0.000000
vn 0.000000 1.000000 0.000000
vn 0.000000 -1.000000 0.000000
vn -0.001042 0.999998 -0.001950
vn 0.000000 1.000000 -0.000000
vn 0.000000 1.000000 -0.000000
vn 0.000000 1.000000 0.000000
vn 0.000000 1.000000 0.000000
vn -0.000001 1.000000 0.000000
vn -0.000000 1.000000 0.000000
vn -0.000000 1.000000 0.000000
vn -0.000000 1.000000 0.000000
vn -0.000000 1.000000 0.000000
vn -0.000000 1.000000 0.000000
vn -0.000000 1.000000 0.000000
vn 0.000000 1.000000 0.000000
vn -0.000000 1.000000 0.000000
vn 0.000000 1.000000 -0.000000
vn 0.000000 1.000000 -0.000000
vn -0.000000 1.000000 0.000000
vn -0.000000 1.000000 -0.000000
vn -0.000000 1.000000 -0.000000
vn -0.000000 1.000000 0.000000
vn -0.000000 1.000000 -0.000000
vn -0.000000 1.000000 -0.000000
vn 0.000000 1.000000 0.000000
vn 0.000000 1.000000 0.000000
vn 0.000000 1.000000 0.000000
vn -0.000000 1.000000 -0.000000
vn -0.000000 1.000000 -0.000000
vn -0.000000 1.000000 0.000000
vn 0.000000 1.000000 -0.000000
vn 0.000000 1.000000 -0.000000
vn -0.000000 1.000000 -0.000000
vn -0.000000 1.000000 0.000000
vn 0.000000 1.000000 -0.000000
vn -0.000000 1.000000 -0.000000
vn 0.000000 1.000000 -0.000000
vn -0.000000 1.000000 -0.000000
vn -0.000000 1.000000 0.000000
vn -0.000000 1.000000 -0.000000
vn -0.000000 1.000000 -0.000000
vn 0.000000 1.000000 0.000000
vn 0.000000 1.000000 0.000000
vn -0.000000 1.000000 -0.000000
vn -0.000000 1.000000 0.000000
vn -0.000000 1.000000 0.000000
vn 0.000000 1.000000 -0.000000
vn -0.000000 1.000000 0.000000
vn -0.000000 1.000000 -0.000000
vn -0.000000 1.000000 -0.000000
vn 0.000000 1.000000 0.000000
vn 0.000000 1.000000 -0.000000
vn -0.000000 1.000000 -0.000000
vn -0.000000 1.000000 -0.000000
vn -0.000000 1.000000 0.000000
vn -0.000000 1.000000 -0.000000
vn -0.000000 1.000000 -0.000000
vn 0.000000 1.000000 -0.000000
vn -0.000000 1.000000 0.000000
vn -0.000000 1.000000 0.000000
vn -0.000000 1.000000 0.000000
vn 0.000000 1.000000 -0.000000
vn 0.000000 1.000000 0.000000
vn 0.000000 1.000000 -0.000000
vn 0.000000 1.000000 -0.000000
vn 0.000000 1.000000 -0.000000
vn 0.000000 1.000000 -0.000000
vn 0.000000 1.000000 -0.000000
vn 0.000000 1.000000 -0.000000
vn 0.000000 1.000000 0.000000
vn 0.000000 1.000000 0.000000
vn 0.000000 1.000000 -0.000000
vn 0.000000 1.000000 0.000000
vn 0.000000 1.000000 -0.000000
vn 0.000000 1.000000 -0.000000
vn -0.000000 1.000000 0.000000
vn 0.000000 1.000000 -0.000000
vn -0.000000 1.000000 -0.000000
vn -0.000000 1.000000 0.000000
vn 0.000000 1.000000 -0.000000
vn -0.000000 1.000000 0.000000
vn 0.000000 1.000000 -0.000000
vn -0.000000 1.000000 0.000000
vn 0.000000 1.000000 0.000000
vn 0.000000 1.000000 0.000000
vn -0.000000 1.000000 0.000000
vn -0.000000 1.000000 -0.000000
vn -0.000000 1.000000 -0.000000
vn -0.000000 1.000000 -0.000000
vn 0.000000 1.000000 -0.000000
vn 0.000000 1.000000 -0.000000
vn -0.000000 1.000000 -0.000000
vn -0.000000 1.000000 -0.000000
vn 0.000000 1.000000 -0.000000
vn -0.000000 1.000000 -0.000000
vn -0.000000 1.000000 -0.000000
vn -0.000000 1.000000 -0.000000
vn 0.000000 1.000000 -0.000000
vn 0.000000 1.000000 -0.000000
vn 0.000000 1.000000 -0.000000
vn 0.000000 1.000000 -0.000000
vn -0.000000 1.000000 -0.000000
vn 0.000000 1.000000 -0.000000
vn 0.000000 1.000000 -0.000000
vn -0.000000 1.000000 -0.000000
vn -0.000000 1.000000 0.000000
vn -0.000000 1.000000 -0.000000
vn -0.000000 1.000000 -0.000000
vn -0.000000 1.000000 -0.000000
vn -0.000000 1.000000 0.000000
vn 0.000000 1.000000 0.000000
vn -0.000000 1.000000 0.000000
vn 0.000000 1.000000 -0.000000
vn -0.000000 1.000000 0.000000
vn -0.000000 1.000000 -0.000000
vn -0.000000 1.000000 -0.000000
vn -0.000000 1.000000 0.000000
vn 0.000000 1.000000 0.000000
vn 0.000000 1.000000 -0.000000
vn -0.000000 1.000000 -0.000000
vn 0.000000 1.000000 0.000000
vn 0.000000 1.000000 -0.000000
vn 0.000000 1.000000 -0.000000
vn -0.000000 1.000000 0.000000
vn -0.000000 1.000000 0.000000
vn 0.000000 1.000000 0.000000
vn -0.000000 1.000000 0.000000
vn 0.000000 1.000000 -0.000000
vn -0.000000 1.000000 -0.000000
vn -0.000000 1.000000 0.000000
vn -0.000000 1.000000 -0.000000
vn -0.000000 1.000000 0.000000
vn 0.000000 1.000000 -0.000000
vn 0.000000 1.000000 -0.000000
vn 0.000000 1.000000 0.000000
vn 0.000000 1.000000 -0.000000
vn -0.000000 1.000000 -0.000000
vn -0.000000 1.000000 -0.000000
vn 0.000000 1.000000 -0.000000
vn 0.000000 1.000000 -0.000000
vn -0.000000 1.000000 -0.000000
vn 0.000000 1.000000 -0.000000
vn -0.000000 1.000000 0.000000
vn 0.000000 1.000000 0.000000
vn 0.000000 1.000000 0.000000
vn 0.000000 1.000000 0.000000
vn -0.000000 1.000000 -0.000000
vn 0.000000 1.000000 0.000000
vn 0.000000 1.000000 0.000000
vn -0.000000 1.000000 -0.000000
vn -0.000000 1.000000 -0.000000
vn -0.000000 1.000000 0.000000
vn -0.000000 1.000000 0.000000
vn 0.000000 1.000000 0.000000
vn -0.000000 1.000000 -0.000000
vn 0.000000 1.000000 0.000000
vn 0.000000 1.000000 -0.000000
vn 0.000000 1.000000 0.000000
vn -0.000000 1.000000 -0.000000
vn 0.000000 -1.000000 0.000000
vn 0.000000 -1.000000 0.000000
vn 0.000000 1.000000 -0.000000
vn 0.000000 1.000000 -0.000000
vn 0.000000 1.000000 0.000000
vn 0.000000 1.000000 0.000000
vn -0.000000 1.000000 -0.000000
vn -0.000000 1.000000 0.000000
vn 0.000000 1.000000 0.000000
vn 0.000000 1.000000 0.000000
vn -0.000000 1.000000 0.000000
vn -0.000000 1.000000 -0.000000
vn -0.000000 1.000000 0.000000
vn -0.000000 1.000000 0.000000
vn -0.000000 1.000000 0.000000
vn 0.000000 1.000000 -0.000000
vn -0.000000 1.000000 -0.000000
vn 0.000000 1.000000 -0.000000
vn 0.000000 1.000000 -0.000000
vn -0.000000 1.000000 -0.000000
vn -0.000000 1.000000 -0.000000
vn 0.000000 1.000000 -0.000000
vn 0.000000 1.000000 0.000000
vn 0.000000 1.000000 -0.000000
vn -0.000000 1.000000 0.000000
vn -0.000000 1.000000 0.000000
vn 0.000000 1.000000 0.000000
vn -0.000000 1.000000 0.000000
vn 0.000000 1.000000 -0.000000
vn -0.000000 1.000000 -0.000000
vn 0.000000 1.000000 0.000000
vn 0.000000 1.000000 0.000000
vn 0.000000 1.000000 0.000000
vn -0.000000 1.000000 -0.000000
vn 0.000000 1.000000 0.000000
vn -0.000000 1.000000 -0.000000
vn -0.000000 1.000000 -0.000000
vn 0.000000 1.000000 0.000000
vn 0.000000 1.000000 0.000000
vn 0.000000 1.000000 0.000000
vn 0.000000 1.000000 0.000000
vn 0.000000 1.000000 -0.000000
vn 0.000000 1.000000 -0.000000
vn 0.000000 1.000000 -0.000000
vn 0.000000 1.000000 0.000000
vn 0.000000 1.000000 0.000000
vn -0.000000 1.000000 0.000000
vn -0.000000 1.000000 -0.000000
vn 0.000000 1.000000 -0.000000
vn 0.000000 1.000000 -0.000000
vn 0.000000 1.000000 0.000000
vn -0.000000 1.000000 -0.000000
vn -0.000000 1.000000 0.000000
vn -0.000000 1.000000 -0.000000
vn 0.000000 1.000000 0.000000
vn -0.000000 1.000000 -0.000000
vn 0.000000 1.000000 0.000000
vn 0.000000 1.000000 -0.000000
vn -0.000000 1.000000 0.000000
vn 0.000000 1.000000 -0.000000
vn 0.000000 1.000000 0.000000
vn 0.000000 1.000000 -0.000000
vn 0.000000 1.000000 0.000000
vn 0.000000 1.000000 0.000000
vn -0.000000 1.000000 -0.000000
vn -0.000000 1.000000 0.000000
vn -0.000000 1.000000 0.000000
vn -0.000000 1.000000 0.000000
vn -0.000000 1.000000 0.000000
vn 0.000000 1.000000 -0.000000
vn -0.000000 1.000000 0.000000
vn -0.000000 1.000000 -0.000000
vn 0.000000 1.000000 -0.000000
vn -0.000000 1.000000 -0.000000
vn -0.000000 1.000000 0.000000
vn 0.000000 1.000000 -0.000000
vn -0.000000 1.000000 -0.000000
vn -0.000000 1.000000 -0.000000
vn -0.000000 1.000000 0.000000
vn 0.000000 1.000000 0.000000
vn 0.000000 1.000000 0.000000
vn -0.000000 1.000000 0.000000
vn 0.000000 1.000000 0.000000
vn -0.000000 1.000000 -0.000000
vn 0.000000 1.000000 -0.000000
vn -0.000000 1.000000 -0.000000
vn -0.000000 1.000000 -0.000000
vn 0.000000 1.000000 -0.000000
vn -0.000000 1.000000 -0.000000
vn -0.000000 1.000000 -0.000000
vn 0.000000 1.000000 -0.000000
vn 0.000000 1.000000 -0.000000
vn -0.000000 1.000000 -0.000000
vn 0.000000 1.000000 -0.000000
vn -0.000000 1.000000 0.000000
vn -0.000000 1.000000 0.000000
vn -0.000000 1.000000 0.000000
vn -0.000000 1.000000 0.000000
vn -0.000000 1.000000 0.000000
vn -0.000000 1.000000 0.000000
vn -0.000000 1.000000 0.000000
vn -0.000000 1.000000 -0.000000
vn 0.000000 1.000000 -0.000000
vn -0.000000 1.000000 -0.000000
vn 0.000000 1.000000 0.000000
vn -0.000000 1.000000 -0.000000
vn 0.000000 1.000000 -0.000000
vn 0.000000 1.000000 0.000000
vn -0.000000 1.000000 0.000000
vn 0.000000 1.000000 -0.000000
vn -0.000000 1.000000 -0.000000
vn -0.000000 1.000000 -0.000000
vn 0.000000 1.000000 -0.000000
vn -0.000000 1.000000 -0.000000
vn -0.000000 1.000000 0.000000
vn -0.000000 1.000000 0.000000
vn 0.000000 1.000000 -0.000000
vn 0.000000 1.000000 -0.000000
vn -0.000000 1.000000 -0.000000
vn 0.000000 1.000000 0.000000
vn 0.000000 1.000000 0.000000
vn -0.000000 1.000000 0.000000
vn 0.000000 1.000000 -0.000000
vn 0.000000 1.000000 -0.000000
vn 0.000000 1.000000 0.000000
vn -0.000000 1.000000 -0.000000
vn -0.000000 1.000000 0.000000
vn -0.000000 1.000000 0.000000
vn -0.000000 1.000000 0.000000
vn 0.000000 1.000000 0.000000
vn -0.000000 1.000000 0.000000
vn 0.000000 1.000000 -0.000000
vn 0.000000 1.000000 -0.000000
vn 0.000000 1.000000 -0.000000
vn 0.000000 1.000000 -0.000000
vn -0.000000 1.000000 0.000000
vn -0.000000 1.000000 0.000000
vn -0.000000 1.000000 0.000000
vn -0.000000 1.000000 0.000000
vn -0.000000 1.000000 0.000000
vn 0.000000 1.000000 -0.000000
vn -0.000000 1.000000 -0.000000
vn -0.000000 1.000000 -0.000000
vn -0.000000 1.000000 -0.000000
vn -0.000000 1.000000 -0.000000
vn -0.000000 1.000000 -0.000000
vn -0.000000 1.000000 0.000000
vn 0.000000 1.000000 0.000000
vn -0.000000 1.000000 0.000000
vn 0.000000 1.000000 -0.000000
vn -0.000000 1.000000 0.000000
vn 0.000000 1.000000 -0.000000
vn 0.000000 1.000000 0.000000
vn -0.000000 1.000000 0.000000
vn -0.000000 1.000000 0.000000
vn -0.000000 1.000000 -0.000000
vn 0.000000 1.000000 -0.000000
vn -0.000000 1.000000 0.000000
vn -0.000000 1.000000 0.000000
vn -0.000000 1.000000 -0.000000
vn -0.000000 1.000000 -0.000000
vn -0.000000 1.000000 -0.000000
vn 0.000000 1.000000 -0.000000
vn -0.000000 1.000000 0.000000
vn 0.000000 1.000000 0.000000
vn 0.000000 1.000000 -0.000000
vn -0.000000 1.000000 -0.000000
vn -0.000000 1.000000 0.000000
vn -0.000000 1.000000 -0.000000
vn -0.000000 1.000000 -0.000000
vn 0.000000 1.000000 0.000000
vn 0.000000 1.000000 -0.000000
vn 0.000000 1.000000 0.000000
vn 0.000000 1.000000 0.000000
vn 0.000000 1.000000 0.000000
vn 0.000000 1.000000 0.000000
vn 0.000000 1.000000 0.000000
vn -0.000000 1.000000 0.000000
vn -0.000000 1.000000 -0.000000
vn -0.000000 1.000000 -0.000000
vn 0.000000 1.000000 -0.000000
vn -0.000000 1.000000 -0.000000
vn -0.000000 1.000000 -0.000000
vn -0.000000 1.000000 -0.000000
vn -0.000000 1.000000 -0.000000
vn -0.000000 1.000000 0.000000
vn -0.000000 1.000000 0.000000
vn 0.000000 1.000000 0.000000
vn -0.000000 1.000000 0.000000
vn 0.000000 1.000000 0.000000
vn 0.000000 1.000000 0.000000
vn -0.000000 1.000000 0.000000
vn 0.000000 1.000000 0.000000
vn 0.000000 1.000000 -0.000000
vn 0.000000 1.000000 -0.000000
vn -0.000000 1.000000 0.000000
vn -0.000000 1.000000 0.000000
vn 0.000000 1.000000 0.000000
vn 0.000000 1.000000 0.000000
vn 0.000000 1.000000 -0.000000
vn 0.000000 1.000000 -0.000000
vn 0.000000 1.000000 0.000000
vn -0.000000 1.000000 0.000000
vn -0.000000 1.000000 -0.000000
vn -0.000000 1.000000 -0.000000
vn -0.000000 1.000000 -0.000000
vn 0.000000 1.000000 -0.000000
vn 0.000000 1.000000 -0.000000
vn 0.000000 -1.000000 0.000000
vn 0.000000 1.000000 0.000000
vn -0.000000 1.000000 -0.000000
vn 0.000000 1.000000 0.000000
vn -0.000000 1.000000 0.000000
vn 0.000000 1.000000 0.000000
vn 0.000000 1.000000 0.000000
vn 0.000000 1.000000 0.000000
vn 0.000000 1.000000 -0.000000
vn -0.000000 1.000000 0.000000
vn -0.000000 1.000000 0.000000
vn 0.000000 -1.000000 0.000000
vn -0.000000 1.000000 0.000000
vn -0.000000 1.000000 0.000000
vn -0.000000 1.000000 0.000000
vn -0.000000 1.000000 0.000000
vn 0.000000 1.000000 -0.000000
vn -0.000000 1.000000 -0.000000
vn -0.000000 1.000000 0.000000
vn 0.000000 1.000000 -0.000000
vn -0.000000 1.000000 -0.000000
vn 0.000000 1.000000 -0.000000
vn 0.000000 1.000000 0.000000
vn 0.000000 1.000000 -0.000000
vn -0.000000 1.000000 0.000000
vn -0.000000 1.000000 0.000000
vn -0.000000 1.000000 0.000000
vn -0.000000 1.000000 0.000000
vn -0.000000 1.000000 -0.000000
vn -0.000000 1.000000 -0.000000
vn 0.000000 1.000000 -0.000000
vn -0.000000 1.000000 -0.000000
vn -0.000000 1.000000 -0.000000
vn 0.000000 1.000000 -0.000000
vn 0.000000 1.000000 0.000000
vn 0.000000 1.000000 -0.000000
vn 0.000000 1.000000 0.000000
vn 0.000000 1.000000 -0.000000
vn -0.000000 1.000000 -0.000000
vn -0.000000 1.000000 0.000000
vn -0.000000 1.000000 0.000000
vn 0.000000 1.000000 0.000003
vn 0.000000 1.000000 0.000000
vn -0.000000 1.000000 0.000000
vn 0.000000 1.000000 0.000000
vn -0.000000 1.000000 0.000000
vn -0.000000 1.000000 0.000000
vn 0.000000 1.000000 0.000000
vn 0.000000 1.000000 0.000000
vn 0.000000 1.000000 0.000000
vn -0.000000 1.000000 0.000000
vn -0.000000 1.000000 -0.000000
vn 0.000000 1.000000 -0.000000
vn -0.000000 1.000000 -0.000000
vn -0.000000 1.000000 -0.000000
vn 0.000000 1.000000 -0.000000
vn 0.000000 1.000000 0.000000
vn 0.000000 1.000000 0.000000
vn 0.000000 1.000000 0.000000
vn 0.000000 1.000000 0.000000
vn -0.000000 1.000000 0.000000
vn -0.000000 1.000000 0.000000
vn -0.000000 1.000000 -0.000000
vn 0.000000 1.000000 -0.000000
vn -0.000000 1.000000 -0.000000
vn -0.000000 1.000000 0.000000
vn -0.000000 1.000000 -0.000000
vn 0.000000 1.000000 -0.000000
vn -0.000000 1.000000 -0.000000
vn -0.000000 1.000000 -0.000000
vn -0.000000 1.000000 0.000000
vn -0.000000 1.000000 0.000000
vn -0.000000 1.000000 -0.000000
vn 0.000000 1.000000 -0.000000
vn 0.000000 1.000000 -0.000000
vn -0.000000 1.000000 0.000000
vn 0.000000 1.000000 0.000000
vn 0.000000 1.000000 -0.000000
vn 0.000000 1.000000 -0.000000
vn 0.000000 1.000000 0.000000
vn 0.000000 1.000000 0.000000
vn -0.000000 1.000000 0.000000
vn -0.000000 1.000000 -0.000000
vn 0.000000 1.000000 -0.000000
vn -0.000000 1.000000 0.000000
vn -0.000000 1.000000 -0.000000
vn -0.000000 1.000000 -0.000000
vn -0.000000 1.000000 -0.000000
vn 0.000000 1.000000 -0.000000
vn 0.000000 1.000000 -0.000000
vn 0.000000 1.000000 -0.000000
vn 0.000000 1.000000 -0.000000
vn 0.000000 1.000000 0.000000
vn -0.000000 1.000000 -0.000000
vn -0.000000 1.000000 -0.000000
vn 0.000000 1.000000 0.000000
vn -0.000000 1.000000 0.000000
vn -0.000000 1.000000 -0.000000
vn 0.000000 1.000000 0.000000
vn 0.000000 1.000000 0.000000
vn -0.000000 1.000000 0.000000
vn -0.000000 1.000000 0.000000
vn -0.000000 1.000000 -0.000000
vn 0.000000 1.000000 -0.000000
vn 0.000000 1.000000 0.000000
vn 0.000000 1.000000 -0.000000
vn -0.000000 1.000000 -0.000000
vn 0.000000 1.000000 -0.000000
vn 0.000000 1.000000 0.000000
vn -0.000000 1.000000 0.000000
vn 0.000000 1.000000 0.000000
vn 0.000000 1.000000 0.000000
vn 0.000000 1.000000 0.000000
vn -0.000000 1.000000 -0.000000
vn -0.000000 1.000000 -0.000000
vn -0.000000 1.000000 -0.000000
vn 0.000000 1.000000 -0.000000
vn 0.000000 1.000000 -0.000000
vn 0.000000 -1.000000 0.000001
vn 0.000000 -1.000000 0.000001
vn -0.000001 -1.000000 -0.000003
vn 0.000000 -1.000000 0.000000
vn 0.000000 1.000000 0.000000
vn -0.000000 1.000000 -0.000000
vn -0.000000 1.000000 -0.000000
vn -0.000000 1.000000 0.000000
vn -0.000000 1.000000 -0.000000
vn 0.000000 1.000000 0.000000
vn -0.000000 1.000000 0.000000
vn -0.000000 1.000000 0.000000
vn 0.000000 1.000000 0.000000
vn -0.000000 1.000000 0.000000
vn -0.000000 1.000000 0.000000
vn 0.000000 1.000000 0.000000
vn 0.000000 1.000000 0.000000
vn 0.000000 1.000000 0.000000
vn -0.000000 1.000000 -0.000000
vn -0.000000 1.000000 -0.000000
vn -0.000000 1.000000 -0.000000
vn 0.000000 1.000000 -0.000000
vn 0.000000 1.000000 0.000000
vn 0.000000 1.000000 0.000000
vn 0.000000 1.000000 0.000000
vn 0.000000 1.000000 0.000000
vn -0.000000 1.000000 0.000000
vn -0.000000 1.000000 0.000000
vn -0.000000 1.000000 0.000000
vn 0.000000 1.000000 0.000000
vn -0.000000 1.000000 -0.000000
vn -0.000000 1.000000 -0.000000
vn -0.000000 1.000000 0.000000
vn 0.000000 1.000000 -0.000000
vn -0.000000 1.000000 0.000000
vn 0.000000 1.000000 -0.000000
vn 0.000000 1.000000 0.000000
vn -0.000000 1.000000 -0.000000
vn 0.000000 1.000000 -0.000000
vn -0.000000 1.000000 -0.000000
vn 0.000000 1.000000 0.000000
vn -0.000000 1.000000 -0.000000
vn -0.000000 1.000000 -0.000000
vn 0.000000 1.000000 0.000000
vn 0.000000 1.000000 0.000000
vn -0.000000 1.000000 0.000000
vn -0.000000 1.000000 -0.000000
vn -0.000000 1.000000 -0.000000
vn -0.000000 1.000000 -0.000000
vn -0.000000 1.000000 0.000000
vn 0.000000 1.000000 0.000000
vn -0.000000 1.000000 0.000000
vn 0.000000 1.000000 0.000000
vn 0.000000 1.000000 0.000000
vn -0.000000 1.000000 -0.000000
vn 0.000000 1.000000 0.000000
vn -0.000000 1.000000 0.000000
vn 0.000000 1.000000 0.000000
vn 0.000000 1.000000 0.000000
vn 0.000000 1.000000 -0.000000
vn -0.000000 1.000000 0.000000
vn -0.000000 1.000000 -0.000000
vn 0.000000 1.000000 -0.000000
vn 0.000000 1.000000 -0.000000
vn -0.000000 1.000000 -0.000000
vn 0.000000 1.000000 0.000000
vn -0.000000 1.000000 0.000000
vn 0.000000 1.000000 0.000000
vn 0.000000 1.000000 -0.000000
vn -0.000000 1.000000 -0.000000
vn 0.000000 1.000000 0.000000
vn 0.000000 1.000000 -0.000000
vn -0.000000 1.000000 -0.000000
vn -0.000000 1.000000 -0.000000
vn -0.000000 1.000000 -0.000000
vn 0.000000 1.000000 0.000000
vn -0.000000 1.000000 -0.000000
vn 0.000000 1.000000 0.000000
vn -0.000000 1.000000 0.000000
vn 0.000000 1.000000 0.000000
vn -0.000000 1.000000 -0.000000
vn 0.000000 1.000000 -0.000000
vn 0.000000 1.000000 0.000000
vn -0.000000 1.000000 -0.000000
vn -0.000000 1.000000 -0.000000
vn -0.000000 1.000000 -0.000000
vn 0.000000 1.000000 0.000000
vn 0.000000 1.000000 0.000000
vn -0.000000 1.000000 0.000000
vn -0.000000 1.000000 0.000000
vn 0.000000 1.000000 -0.000000
vn 0.000000 1.000000 0.000000
vn 0.000000 1.000000 -0.000000
vn -0.000000 1.000000 -0.000000
vn -0.000000 1.000000 -0.000000
vn 0.000000 1.000000 0.000000
vn 0.000000 1.000000 0.000000
vn -0.000000 1.000000 0.000000
vn 0.000000 1.000000 0.000000
vn 0.000000 1.000000 -0.000000
vn 0.000000 1.000000 -0.000000
vn -0.000000 1.000000 0.000000
vn -0.000000 1.000000 0.000000
vn 0.000000 1.000000 0.000000
vn -0.000000 1.000000 -0.000000
vn 0.000000 1.000000 -0.000000
vn 0.000000 1.000000 -0.000000
vn 0.000000 1.000000 -0.000000
vn 0.000000 1.000000 -0.000000
vn 0.000000 1.000000 0.000000
vn -0.000000 1.000000 0.000000
vn 0.000000 1.000000 -0.000000
vn -0.000000 1.000000 -0.000000
vn -0.000000 1.000000 -0.000000
vn -0.000000 1.000000 0.000000
vn 0.000000 1.000000 -0.000000
vn -0.000000 1.000000 0.000000
vn 0.000000 1.000000 0.000001
vn 0.000000 1.000000 -0.000000
vn 0.000000 1.000000 -0.000000
vn 0.000000 1.000000 -0.000000
vn -0.000000 1.000000 -0.000000
vn 0.000000 1.000000 -0.000000
vn -0.000000 1.000000 -0.000000
vn -0.000000 1.000000 0.000000
vn -0.000000 1.000000 0.000000
vn -0.000000 1.000000 0.000000
vn -0.000000 1.000000 0.000000
vn -0.000000 1.000000 0.000000
vn -0.000000 1.000000 0.000000
vn 0.000000 1.000000 -0.000000
vn -0.000000 1.000000 0.000000
vn 0.000000 1.000000 -0.000000
vn -0.000000 1.000000 0.000000
vn 0.000000 1.000000 -0.000000
vn 0.000000 1.000000 -0.000000
vn 0.000000 1.000000 -0.000000
vn 0.000000 1.000000 -0.000000
vn 0.000000 1.000000 -0.000000
vn 0.000000 1.000000 0.000000
vn 0.000000 1.000000 0.000000
vn 0.000000 1.000000 -0.000000
vn 0.000000 1.000000 0.000000
vn -0.000000 1.000000 -0.000000
vn -0.000000 1.000000 0.000000
vn -0.000000 1.000000 -0.000000
vn 0.000000 1.000000 0.000000
vn -0.000000 1.000000 -0.000000
vn -0.000000 1.000000 0.000000
vn -0.000000 1.000000 -0.000000
vn 0.000000 1.000000 -0.000000
vn -0.000000 1.000000 0.000000
vn 0.000000 1.000000 0.000000
vn 0.000000 1.000000 -0.000000
vn 0.000000 1.000000 0.000000
vn 0.000000 1.000000 0.000000
vn -0.000000 1.000000 -0.000000
vn 0.000000 1.000000 -0.000000
vn -0.000000 1.000000 0.000000
vn -0.000000 1.000000 -0.000000
vn 0.000000 1.000000 -0.000000
vn -0.000000 1.000000 -0.000000
vn -0.000000 1.000000 -0.000000
vn -0.000000 1.000000 -0.000000
vn -0.000000 1.000000 0.000000
vn 0.000000 1.000000 0.000000
vn 0.000000 1.000000 0.000000
vn 0.000000 1.000000 0.000000
vn 0.000000 1.000000 -0.000000
vn 0.000000 1.000000 0.000000
vn -0.000000 1.000000 0.000000
vn 0.000000 1.000000 0.000000
vn 0.000000 1.000000 -0.000000
vn 0.000000 1.000000 0.000000
vn 0.000000 1.000000 -0.000000
vn -0.000000 1.000000 -0.000000
vn -0.000000 1.000000 -0.000000
vn -0.000000 1.000000 -0.000000
vn -0.000000 1.000000 -0.000000
vn -0.000000 1.000000 -0.000000
vn -0.000000 1.000000 0.000000
vn -0.000000 1.000000 -0.000000
vn -0.000000 1.000000 -0.000000
vn 0.000000 1.000000 -0.000000
vn -0.000000 1.000000 -0.000000
vn -0.000000 1.000000 -0.000000
vn -0.000000 1.000000 -0.000000
vn 0.000000 1.000000 0.000000
vn 0.000000 1.000000 -0.000000
vn 0.000000 1.000000 0.000000
vn -0.000000 1.000000 -0.000000
vn 0.000000 1.000000 0.000000
vn 0.000000 1.000000 0.000000
vn -0.000000 1.000000 -0.000000
vn -0.000000 1.000000 0.000000
vn 0.000000 1.000000 -0.000000
vn -0.000000 1.000000 0.000000
vn 0.000000 1.000000 0.000000
vn -0.000000 1.000000 -0.000000
vn 0.000000 1.000000 -0.000000
vn 0.000000 1.000000 0.000000
vn 0.000000 1.000000 0.000000
vn 0.000000 1.000000 0.000000
vn 0.000000 1.000000 0.000000
vn -0.000000 1.000000 -0.000000
vn 0.000000 1.000000 0.000000
vn -0.000000 1.000000 0.000000
vn -0.000000 1.000000 0.000000
vn -0.000000 1.000000 0.000000
vn 0.000000 1.000000 0.000000
vn 0.000000 1.000000 0.000000
vn 0.000000 1.000000 -0.000000
vn 0.000000 1.000000 0.000000
vn -0.000000 1.000000 0.000000
vn 0.000000 1.000000 0.000000
vn 0.000000 1.000000 -0.000000
vn 0.000000 1.000000 -0.000000
vn -0.000000 1.000000 0.000000
vn -0.000000 1.000000 0.000000
vn -0.000000 1.000000 0.000000
vn -0.000000 1.000000 -0.000000
vn -0.000000 1.000000 0.000000
vn -0.000000 1.000000 0.000000
vn -0.000000 1.000000 0.000000
vn -0.000000 1.000000 -0.000000
vn 0.000000 1.000000 0.000000
vn 0.000000 1.000000 0.000000
vn 0.000000 1.000000 0.000000
vn -0.000000 1.000000 0.000000
vn -0.000000 1.000000 -0.000000
vn 0.000000 1.000000 0.000000
vn 0.000000 1.000000 -0.000000
vn -0.000000 1.000000 0.000000
vn -0.000000 1.000000 0.000000
vn -0.000000 1.000000 -0.000000
vn -0.000000 1.000000 0.000000
vn -0.000000 1.000000 0.000000
vn -0.000000 1.000000 0.000000
vn -0.000000 1.000000 -0.000000
vn -0.000000 1.000000 -0.000000
vn 0.000000 1.000000 0.000000
vn 0.000000 1.000000 0.000000
vn 0.000000 1.000000 -0.000000
vn -0.000000 1.000000 -0.000000
vn -0.000000 1.000000 0.000000
vn 0.000000 1.000000 0.000000
vn 0.000000 1.000000 0.000000
vn 0.000000 1.000000 0.000000
vn 0.000000 1.000000 0.000000
vn 0.000000 1.000000 0.000000
vn -0.000000 1.000000 0.000000
vn -0.000000 1.000000 -0.000000
vn 0.000000 1.000000 -0.000000
vn 0.000000 1.000000 0.000000
vn -0.000000 1.000000 -0.000000
vn -0.000000 1.000000 0.000000
vn 0.000000 1.000000 -0.000000
vn 0.000000 1.000000 0.000000
vn -0.000000 1.000000 -0.000000
vn 0.000000 1.000000 -0.000000
vn 0.000000 1.000000 -0.000000
vn 0.000000 1.000000 0.000000
vn -0.000000 1.000000 -0.000000
vn 0.000000 1.000000 0.000000
vn -0.000000 1.000000 0.000000
vn 0.000000 1.000000 0.000000
vn -0.000000 1.000000 0.000000
vn -0.000000 1.000000 -0.000000
vn -0.000000 1.000000 0.000000
vn -0.000000 1.000000 0.000000
vn 0.000000 1.000000 0.000000
vn 0.000000 1.000000 0.000000
vn 0.000000 1.000000 0.000000
vn 0.000000 1.000000 -0.000000
vn 0.000000 1.000000 0.000000
vn 0.000000 1.000000 -0.000000
vn 0.000000 1.000000 -0.000000
vn 0.000000 1.000000 0.000000
vn 0.000000 1.000000 -0.000000
vn 0.000000 1.000000 -0.000000
vn -0.000000 1.000000 -0.000000
vn 0.000000 1.000000 0.000000
vn 0.000000 1.000000 -0.000000
vn 0.000000 1.000000 -0.000000
vn -0.000000 1.000000 -0.000000
vn -0.000000 1.000000 -0.000000
vn 0.000000 1.000000 -0.000000
vn 0.000000 1.000000 -0.000000
vn -0.000000 1.000000 -0.000000
vn -0.000000 1.000000 0.000000
vn 0.000000 1.000000 0.000000
vn 0.000000 1.000000 0.000000
vn 0.000000 1.000000 0.000000
vn 0.000000 1.000000 -0.000000
vn -0.000000 1.000000 -0.000000
vn -0.000000 1.000000 -0.000000
vn -0.000000 1.000000 -0.000000
vn 0.000000 1.000000 -0.000000
vn 0.000000 1.000000 -0.000000
vn 0.000000 1.000000 0.000000
vn -0.000000 1.000000 -0.000000
vn -0.000000 1.000000 0.000000
vn -0.000000 1.000000 0.000000
vn -0.000000 1.000000 0.000000
vn 0.000000 1.000000 0.000000
vn 0.000000 1.000000 -0.000000
vn -0.000000 1.000000 -0.000000
vn 0.000000 1.000000 -0.000000
vn -0.000000 1.000000 0.000000
vn -0.000000 1.000000 -0.000000
vn -0.000000 1.000000 -0.000000
vn -0.000000 1.000000 0.000000
vn 0.000000 1.000000 0.000000
vn -0.000000 1.000000 0.000000
vn -0.000000 1.000000 0.000000
vn -0.000000 1.000000 0.000000
vn 0.000000 1.000000 -0.000000
vn 0.000000 1.000000 0.000000
vn -0.000000 1.000000 0.000000
vn -0.000000 1.000000 0.000000
vn 0.000000 1.000000 0.000000
vn 0.000000 1.000000 0.000000
vn 0.000000 1.000000 0.000000
vn 0.000000 1.000000 0.000000
vn -0.000000 1.000000 -0.000000
vn 0.000000 1.000000 -0.000000
vn 0.000000 1.000000 -0.000000
vn 0.000000 1.000000 -0.000000
vn -0.000000 1.000000 -0.000000
vn 0.000000 1.000000 0.000000
vn 0.000000 1.000000 -0.000000
vn -0.000000 1.000000 -0.000000
vn 0.000000 1.000000 0.000000
vn -0.000000 1.000000 -0.000000
vn -0.000000 1.000000 0.000000
vn -0.000000 1.000000 -0.000000
vn -0.000000 1.000000 -0.000000
vn 0.000000 1.000000 -0.000000
vn 0.000000 1.000000 -0.000000
vn 0.000000 1.000000 0.000000
vn 0.000000 1.000000 -0.000000
vn -0.000000 1.000000 -0.000000
vn -0.000000 1.000000 -0.000000
vn -0.000000 1.000000 0.000000
vn -0.000000 1.000000 0.000000
vn -0.000000 1.000000 0.000000
vn -0.000000 1.000000 0.000000
vn 0.000000 1.000000 -0.000000
vn 0.000000 1.000000 -0.000000
vn -0.000000 1.000000 0.000000
vn 0.000000 1.000000 0.000000
vn 0.000000 1.000000 0.000000
vn 0.000000 1.000000 0.000000
vn -0.000000 1.000000 -0.000000
vn 0.000000 1.000000 -0.000000
vn -0.000000 1.000000 0.000000
vn -0.000000 1.000000 -0.000000
vn 0.000000 1.000000 -0.000000
vn 0.000000 1.000000 0.000000
vn 0.000000 1.000000 0.000000
vn 0.000000 1.000000 0.000000
vn 0.000000 1.000000 0.000000
vn -0.000000 1.000000 -0.000000
vn -0.000000 1.000000 0.000000
vn 0.000000 1.000000 0.000000
vn -0.000000 1.000000 0.000000
vn 0.000000 1.000000 0.000000
vn 0.000000 1.000000 -0.000000
vn -0.000000 1.000000 0.000000
vn -0.000000 1.000000 -0.000000
vn -0.000000 1.000000 0.000000
vn -0.000000 1.000000 -0.000000
vn 0.000000 1.000000 -0.000000
vn -0.000000 1.000000 0.000000
vn 0.000000 1.000000 0.000000
vn 0.000000 1.000000 0.000000
vn 0.000000 1.000000 0.000000
vn -0.000000 1.000000 0.000000
vn 0.000000 1.000000 0.000000
vn 0.000000 1.000000 -0.000000
vn -0.000000 1.000000 -0.000000
vn -0.000000 1.000000 0.000000
vn 0.000000 1.000000 0.000000
vn 0.000000 1.000000 0.000000
vn -0.000000 1.000000 0.000000
vn -0.000000 1.000000 -0.000000
vn 0.000000 1.000000 0.000000
vn 0.000000 1.000000 0.000000
vn -0.000000 1.000000 -0.000000
vn 0.000000 1.000000 0.000000
vn 0.000000 1.000000 0.000000
vn -0.000000 1.000000 -0.000000
vn -0.000000 1.000000 0.000000
vn -0.000000 1.000000 -0.000000
vn -0.000000 1.000000 0.000000
vn -0.000000 1.000000 -0.000000
vn -0.000000 1.000000 -0.000000
vn -0.000000 1.000000 -0.000000
vn -0.000000 1.000000 -0.000000
vn 0.000000 1.000000 -0.000000
vn 0.000000 1.000000 -0.000000
vn 0.000000 1.000000 -0.000000
vn 0.000000 1.000000 -0.000000
vn 0.000000 1.000000 -0.000000
vn 0.000000 1.000000 0.000000
vn -0.000000 1.000000 -0.000000
vn 0.000000 1.000000 -0.000000
vn 0.000000 1.000000 -0.000000
vn -0.000000 1.000000 -0.000000
vn -0.000000 1.000000 -0.000000
vn -0.000000 1.000000 0.000000
vn 0.000000 1.000000 0.000000
vn -0.000000 1.000000 0.000000
vn 0.000000 1.000000 0.000000
vn -0.000000 1.000000 0.000000
vn -0.000000 1.000000 -0.000000
vn 0.000000 1.000000 -0.000000
vn 0.000000 1.000000 -0.000000
vn -0.000000 1.000000 0.000000
vn 0.000000 1.000000 -0.000000
vn -0.000000 1.000000 0.000000
vn -0.000000 1.000000 0.000000
vn -0.000000 1.000000 0.000000
vn -0.000000 1.000000 0.000000
vn -0.000000 1.000000 0.000000
vn -0.000000 1.000000 0.000000
vn -0.000000 1.000000 0.000000
vn 0.000000 1.000000 0.000000
vn 0.000000 1.000000 -0.000000
vn 0.000000 1.000000 -0.000000
vn 0.000000 1.000000 -0.000000
vn 0.000000 1.000000 -0.000000
vn 0.000000 1.000000 0.000000
vn 0.000000 1.000000 -0.000000
vn 0.000000 1.000000 -0.000000
vn 0.000000 1.000000 -0.000000
vn -0.000000 1.000000 0.000000
vn -0.000000 1.000000 -0.000000
vn -0.000000 1.000000 0.000000
vn -0.000000 1.000000 -0.000000
vn -0.000000 1.000000 0.000000
vn -0.000000 1.000000 -0.000000
vn 0.000000 1.000000 0.000000
vn 0.000000 1.000000 0.000000
vn 0.000000 1.000000 0.000000
vn 0.000000 1.000000 0.000000
vn -0.000000 1.000000 -0.000000
vn -0.000000 1.000000 0.000000
vn -0.000000 1.000000 0.000000
vn 0.000000 1.000000 -0.000000
vn -0.000000 1.000000 -0.000000
vn -0.000000 1.000000 0.000000
vn -0.000000 1.000000 0.000000
vn -0.000000 1.000000 0.000000
vn -0.000000 1.000000 0.000000
vn -0.000000 1.000000 0.000000
vn -0.000000 1.000000 -0.000000
vn 0.000000 1.000000 -0.000000
vn -0.000000 1.000000 -0.000000
vn -0.000000 1.000000 -0.000000
vn 0.000000 1.000000 0.000000
vn -0.000000 1.000000 0.000000
vn -0.000000 1.000000 0.000000
vn 0.000000 1.000000 0.000000
vn -0.000000 1.000000 0.000000
vn 0.000000 1.000000 -0.000000
vn -0.000000 1.000000 0.000000
vn 0.000000 1.000000 -0.000000
vn 0.000000 1.000000 0.000000
vn 0.000000 1.000000 -0.000000
vn 0.000000 1.000000 0.000000
vn 0.000000 1.000000 0.000000
vn 0.000000 1.000000 0.000000
vn 0.000000 1.000000 -0.000000
vn -0.000000 1.000000 -0.000000
vn 0.000000 1.000000 -0.000000
vn 0.000000 1.000000 -0.000000
vn 0.000000 1.000000 0.000000
vn 0.000000 1.000000 0.000000
vn 0.000000 1.000000 0.000000
vn -0.000000 1.000000 0.000000
vn -0.000000 1.000000 -0.000000
vn 0.000000 1.000000 -0.000000
vn -0.000000 1.000000 0.000000
vn 0.000000 1.000000 0.000000
vn 0.000000 1.000000 -0.000000
vn -0.000000 1.000000 -0.000000
vn -0.000000 1.000000 -0.000000
vn 0.000000 1.000000 -0.000000
vn 0.000000 1.000000 0.000000
vn 0.000000 1.000000 0.000000
vn -0.000000 1.000000 -0.000000
vn 0.000000 1.000000 -0.000000
vn 0.000000 1.000000 0.000000
vn 0.000000 1.000000 0.000000
vn 0.000000 1.000000 -0.000000
vn -0.000000 1.000000 -0.000000
vn 0.000000 1.000000 -0.000000
vn -0.000000 1.000000 0.000000
vn 0.000000 1.000000 0.000000
vn -0.000000 1.000000 0.000000
vn -0.000000 1.000000 0.000000
vn -0.000000 1.000000 0.000000
vn -0.000000 1.000000 -0.000000
vn -0.000000 1.000000 -0.000000
vn 0.000000 1.000000 0.000000
vn 0.000000 1.000000 -0.000000
vn 0.000000 1.000000 -0.000000
vn -0.000000 1.000000 -0.000000
vn 0.000000 1.000000 -0.000000
vn 0.000000 1.000000 -0.000000
vn 0.000000 1.000000 -0.000000
vn -0.000000 1.000000 -0.000000
vn -0.000000 1.000000 0.000000
vn -0.000000 1.000000 -0.000000
vn -0.000000 1.000000 -0.000000
vn 0.000000 1.000000 -0.000000
vn 0.000000 1.000000 -0.000000
vn 0.000000 1.000000 -0.000000
vn -0.000000 1.000000 -0.000000
vn -0.000000 1.000000 0.000000
vn -0.000000 1.000000 -0.000000
vn -0.000000 1.000000 -0.000000
vn -0.000000 1.000000 -0.000000
vn -0.000000 1.000000 0.000000
vn -0.000000 1.000000 0.000000
vn -0.000000 1.000000 0.000000
vn -0.000000 1.000000 -0.000000
vn -0.000000 1.000000 -0.000000
vn -0.000000 1.000000 0.000000
vn -0.000000 1.000000 0.000000
vn -0.000000 1.000000 0.000000
vn -0.000000 1.000000 0.000000
vn -0.000000 1.000000 -0.000000
vn -0.000000 1.000000 0.000000
vn 0.000000 1.000000 -0.000000
vn -0.000000 1.000000 -0.000000
vn -0.000000 1.000000 0.000000
vn -0.000000 1.000000 -0.000000
vn -0.000000 1.000000 -0.000000
vn 0.000000 1.000000 -0.000000
vn -0.000000 1.000000 -0.000000
vn 0.000000 1.000000 0.000000
vn 0.000000 1.000000 0.000000
vn 0.000000 1.000000 -0.000000
vn -0.000000 1.000000 -0.000000
vn -0.000000 1.000000 0.000000
vn -0.000000 1.000000 -0.000000
vn 0.000000 1.000000 -0.000000
vn -0.000000 1.000000 -0.000000
vn 0.000000 1.000000 -0.000000
vn -0.000000 1.000000 0.000000
vn 0.000000 1.000000 0.000000
vn -0.000000 1.000000 -0.000000
vn -0.000000 1.000000 0.000000
vn -0.000000 1.000000 0.000000
vn 0.000000 1.000000 0.000000
vn -0.000000 1.000000 0.000000
vn 0.000000 1.000000 -0.000000
vn -0.000000 1.000000 0.000000
vn -0.000000 1.000000 -0.000000
vn 0.000000 1.000000 -0.000000
vn 0.000000 1.000000 -0.000000
vn 0.000000 1.000000 -0.000000
vn -0.000000 1.000000 0.000000
vn 0.000000 1.000000 -0.000000
vn -0.000000 1.000000 -0.000000
vn -0.000000 1.000000 -0.000000
vn -0.000000 1.000000 -0.000000
vn 0.000000 1.000000 -0.000000
vn 0.000000 1.000000 -0.000000
vn 0.000000 1.000000 -0.000000
vn -0.000000 1.000000 -0.000000
vn -0.000000 1.000000 -0.000000
vn 0.000000 1.000000 0.000000
vn -0.000000 1.000000 0.000000
vn 0.000000 1.000000 0.000000
vn -0.000000 1.000000 -0.000000
vn 0.000000 1.000000 -0.000000
vn 0.000000 1.000000 -0.000000
vn 0.000000 1.000000 0.000000
vn 0.000000 1.000000 0.000000
vn 0.000000 1.000000 0.000000
vn -0.000000 1.000000 0.000000
vn -0.000000 1.000000 0.000000
vn -0.000000 1.000000 0.000000
vn -0.000000 1.000000 -0.000000
vn 0.000000 1.000000 -0.000000
vn 0.000000 1.000000 -0.000000
vn -0.000000 1.000000 -0.000000
vn 0.000000 1.000000 0.000000
vn 0.000000 1.000000 -0.000000
vn 0.000000 1.000000 -0.000000
vn -0.000000 1.000000 0.000000
vn -0.000000 1.000000 -0.000000
vn 0.000000 1.000000 -0.000000
vn 0.000000 1.000000 -0.000000
vn -0.000000 1.000000 0.000000
vn 0.000000 1.000000 0.000000
vn 0.000000 1.000000 -0.000000
vn 0.000000 1.000000 0.000000
vn 0.000000 1.000000 0.000000
vn 0.000000 1.000000 0.000000
vn 0.000000 1.000000 -0.000000
vn -0.000000 1.000000 -0.000000
vn 0.000000 1.000000 0.000000
vn -0.000000 1.000000 0.000000
vn -0.000000 1.000000 -0.000000
vn 0.000000 1.000000 0.000000
vn -0.000000 1.000000 -0.000000
vn 0.000000 1.000000 -0.000000
vn -0.000000 1.000000 -0.000000
vn -0.000000 1.000000 0.000000
vn -0.000000 1.000000 0.000000
vn 0.000000 1.000000 -0.000000
vn 0.000000 1.000000 0.000000
vn 0.000000 1.000000 -0.000000
vn -0.000000 1.000000 -0.000000
vn -0.000000 1.000000 -0.000000
vn 0.000000 1.000000 0.000000
vn 0.000000 1.000000 0.000000
vn 0.000000 1.000000 0.000000
vn -0.000000 1.000000 -0.000000
vn 0.000000 1.000000 -0.000000
vn -0.000000 1.000000 0.000000
vn 0.000000 1.000000 0.000000
vn -0.000000 1.000000 0.000000
vn 0.000000 1.000000 0.000000
vn -0.000000 1.000000 0.000000
vn -0.000000 1.000000 0.000000
vn -0.000000 1.000000 0.000000
vn 0.000000 1.000000 0.000000
vn -0.000000 1.000000 0.000000
vn 0.000000 1.000000 -0.000000
vn 0.000000 1.000000 0.000000
vn 0.000000 1.000000 0.000000
vn -0.000000 1.000000 -0.000000
vn 0.000000 1.000000 0.000000
vn -0.000000 1.000000 0.000000
vn 0.000000 1.000000 0.000000
vn 0.000000 1.000000 -0.000000
vn 0.000000 1.000000 -0.000000
vn 0.000000 1.000000 0.000000
vn -0.000000 1.000000 -0.000000
vn 0.000000 1.000000 -0.000000
vn 0.000000 1.000000 0.000000
vn -0.000000 1.000000 0.000000
vn -0.000000 1.000000 0.000000
vn -0.000000 1.000000 -0.000000
vn 0.000000 1.000000 -0.000000
vn -0.000000 1.000000 -0.000000
vn -0.000000 1.000000 0.000000
vn 0.000000 1.000000 0.000000
vn 0.000000 1.000000 -0.000000
vn -0.000000 1.000000 0.000000
vn -0.000000 1.000000 -0.000000
vn -0.000000 1.000000 -0.000000
vn 0.000000 1.000000 -0.000000
vn 0.000000 1.000000 -0.000000
vn -0.000000 1.000000 -0.000000
vn 0.000000 1.000000 0.000000
vn -0.000000 1.000000 0.000000
vn -0.000000 1.000000 0.000000
vn 0.000000 1.000000 0.000000
vn -0.000000 1.000000 -0.000000
vn 0.000000 1.000000 0.000000
vn 0.000000 1.000000 0.000000
vn 0.000000 1.000000 0.000000
vn 0.000000 1.000000 0.000000
vn -0.000000 1.000000 0.000000
vn 0.000000 1.000000 -0.000000
vn 0.000000 1.000000 -0.000000
vn -0.000000 1.000000 -0.000000
vn -0.000000 1.000000 -0.000000
vn -0.000000 1.000000 -0.000000
vn -0.000000 1.000000 0.000000
vn -0.000000 1.000000 -0.000000
vn -0.000000 1.000000 0.000000
vn 0.000000 1.000000 0.000000
vn 0.000000 1.000000 0.000000
vn -0.000000 1.000000 0.000000
vn -0.000000 1.000000 0.000000
vn -0.000000 1.000000 0.000000
vn 0.000000 1.000000 -0.000000
vn 0.000000 1.000000 -0.000000
vn 0.000000 1.000000 0.000000
vn 0.000000 1.000000 0.000000
vn -0.000000 1.000000 -0.000000
vn 0.000000 1.000000 -0.000000
vn 0.000000 1.000000 -0.000000
vn -0.000000 1.000000 -0.000000
vn 0.000000 1.000000 -0.000000
vn -0.000000 1.000000 0.000000
vn -0.000000 1.000000 0.000000
vn 0.000000 1.000000 -0.000000
vn 0.000000 1.000000 0.000000
vn 0.000000 1.000000 0.000000
vn -0.000000 1.000000 0.000000
vn 0.000000 1.000000 0.000000
vn -0.000000 1.000000 -0.000000
vn -0.000000 1.000000 0.000000
vn -0.000000 1.000000 -0.000000
vn 0.000000 1.000000 -0.000000
vn -0.000000 1.000000 -0.000000
vn -0.000000 1.000000 -0.000000
vn 0.000000 1.000000 -0.000000
vn -0.000000 1.000000 -0.000000
vn 0.000000 1.000000 -0.000000
vn 0.000000 1.000000 0.000000
vn -0.000000 1.000000 0.000000
vn -0.000000 1.000000 0.000000
vn 0.000000 1.000000 -0.000000
vn 0.000000 1.000000 -0.000000
vn -0.000000 1.000000 -0.000000
vn -0.000000 1.000000 -0.000000
vn -0.000000 1.000000 0.000000
vn -0.000000 1.000000 0.000000
vn 0.000000 1.000000 0.000000
vn 0.000000 1.000000 0.000000
vn -0.000000 1.000000 0.000000
vn 0.000000 1.000000 0.000000
vn 0.000000 1.000000 0.000000
vn 0.000000 1.000000 0.000000
vn -0.000000 1.000000 -0.000000
vn 0.000000 1.000000 -0.000000
vn -0.000000 1.000000 -0.000000
vn 0.000000 1.000000 0.000000
vn -0.000000 1.000000 0.000000
vn -0.000000 1.000000 -0.000000
vn -0.000000 1.000000 0.000000
vn -0.000000 1.000000 -0.000000
vn -0.000000 1.000000 0.000000
vn -0.000000 1.000000 -0.000000
vn -0.000000 1.000000 0.000000
vn 0.000000 1.000000 -0.000000
vn 0.000000 1.000000 -0.000000
vn 0.000000 1.000000 -0.000000
vn 0.000000 1.000000 -0.000000
vn -0.000000 1.000000 -0.000000
vn -0.000000 1.000000 -0.000000
vn -0.000000 1.000000 -0.000000
vn 0.000000 1.000000 0.000000
vn 0.000000 1.000000 0.000000
vn 0.000000 1.000000 -0.000000
vn 0.000000 1.000000 0.000000
vn -0.000000 1.000000 0.000000
vn -0.000000 1.000000 0.000000
vn 0.000000 1.000000 -0.000000
vn -0.000000 1.000000 -0.000000
vn -0.000000 1.000000 -0.000000
vn -0.000000 1.000000 0.000000
vn -0.000000 1.000000 0.000000
vn 0.000000 1.000000 -0.000000
vn 0.000000 1.000000 -0.000000
vn 0.000000 1.000000 0.000000
vn 0.000000 1.000000 -0.000000
vn -0.000000 1.000000 0.000000
vn 0.000000 1.000000 0.000000
vn 0.000000 1.000000 0.000000
vn 0.000000 1.000000 0.000000
vn 0.000000 1.000000 0.000000
vn -0.000000 1.000000 -0.000000
vn 0.000000 1.000000 0.000000
vn -0.000000 1.000000 -0.000000
vn -0.000000 1.000000 0.000000
vn -0.000000 1.000000 0.000000
vn 0.000000 1.000000 0.000000
vn 0.000000 1.000000 -0.000000
vn 0.000000 1.000000 -0.000000
vn -0.000000 1.000000 -0.000000
vn 0.000000 1.000000 -0.000000
vn 0.000000 1.000000 -0.000000
vn -0.000000 1.000000 -0.000000
vn 0.000000 1.000000 0.000000
vn 0.000000 1.000000 0.000000
vn 0.000000 1.000000 0.000000
vn -0.000000 1.000000 0.000000
vn 0.000000 1.000000 0.000000
vn 0.000000 1.000000 -0.000000
vn 0.000000 1.000000 -0.000000
vn -0.000000 1.000000 0.000000
vn -0.000000 1.000000 0.000000
vn -0.000000 1.000000 -0.000000
vn 0.000000 1.000000 0.000000
vn 0.000000 1.000000 -0.000000
vn 0.000000 1.000000 -0.000000
vn 0.000000 1.000000 -0.000000
vn -0.000000 1.000000 0.000000
vn 0.000000 1.000000 0.000000
vn 0.000000 1.000000 -0.000000
vn 0.000000 1.000000 0.000000
vn -0.000000 1.000000 0.000000
vn -0.000000 1.000000 0.000000
vn -0.000000 1.000000 0.000000
vn -0.000000 1.000000 0.000000
vn -0.000000 1.000000 -0.000000
vn -0.000000 1.000000 -0.000000
vn -0.000000 1.000000 0.000000
vn -0.000000 1.000000 0.000000
vn -0.000000 1.000000 -0.000000
vn -0.000000 1.000000 -0.000000
vn -0.000000 1.000000 -0.000000
vn 0.000000 1.000000 -0.000000
vn 0.000000 1.000000 -0.000000
vn -0.000000 1.000000 0.000000
vn 0.000000 1.000000 0.000000
vn 0.000000 1.000000 0.000000
vn -0.000000 1.000000 -0.000000
vn 0.000000 1.000000 -0.000000
vn -0.000000 1.000000 -0.000000
vn -0.000000 1.000000 -0.000000
vn -0.000000 1.000000 -0.000000
vn 0.000000 1.000000 -0.000000
vn 0.000000 1.000000 -0.000000
vn 0.000000 1.000000 -0.000000
vn 0.000000 1.000000 0.000000
vn -0.000000 1.000000 0.000000
vn 0.000000 1.000000 -0.000000
vn -0.000000 1.000000 0.000000
vn -0.000000 1.000000 0.000000
vn -0.000000 1.000000 0.000000
vn -0.000000 1.000000 -0.000000
vn -0.000000 1.000000 -0.000000
vn -0.000000 1.000000 -0.000000
vn 0.000000 1.000000 -0.000000
vn 0.000000 1.000000 0.000000
vn 0.000000 1.000000 -0.000000
vn -0.000000 1.000000 -0.000000
vn -0.000000 1.000000 0.000000
vn 0.000000 1.000000 -0.000000
vn -0.000000 1.000000 0.000000
vn -0.000000 1.000000 -0.000000
vn -1.000000 0.000000 -0.000006
vn 0.000000 1.000000 0.000000
vn -0.000000 1.000000 0.000000
vn -0.000000 1.000000 -0.000000
vn 0.000000 1.000000 0.000000
vn 0.000000 1.000000 -0.000000
vn -0.000000 1.000000 -0.000000
vn 0.000000 1.000000 -0.000000
vn -0.000000 1.000000 -0.000000
vn -0.000000 1.000000 0.000000
vn 0.000000 1.000000 0.000000
vn 0.000000 1.000000 -0.000000
vn 0.000000 1.000000 0.000000
vn -0.000000 1.000000 0.000000
vn 0.000000 1.000000 0.000000
vn -0.000000 1.000000 -0.000000
vn 0.000000 0.000000 0.000000
vn -1.000000 0.000000 0.000006
vn -0.000000 1.000000 -0.000000
vn 0.000000 1.000000 0.000000
vn 0.000000 1.000000 0.000000
vn -0.000000 1.000000 -0.000000
vn -0.000000 1.000000 0.000000
vn -0.000000 1.000000 0.000000
vn 0.000000 1.000000 -0.000000
vn -1.000000 0.000000 -0.000006
vn -0.000000 1.000000 -0.000000
vn -0.000000 1.000000 -0.000000
vn 0.000000 1.000000 -0.000000
vn 0.000000 1.000000 0.000000
vn -0.000000 1.000000 0.000000
vn 0.000000 1.000000 0.000000
vn 0.000000 1.000000 -0.000000
vn 0.000000 -1.000000 0.000000
vn -1.000000 -0.000000 0.000006
vn 0.000000 1.000000 0.000000
vn 0.000000 1.000000 -0.000000
vn -0.000000 1.000000 -0.000000
vn 0.000000 1.000000 -0.000000
vn -0.000000 1.000000 -0.000000
vn 0.000000 1.000000 0.000000
vn -0.000000 1.000000 -0.000000
vn 0.000000 1.000000 -0.000000
vn -0.000000 1.000000 0.000000
vn -0.000000 1.000000 0.000000
vn -0.000000 1.000000 0.000000
vn -0.000000 1.000000 0.000000
vn -0.000000 1.000000 0.000000
vn 0.000000 1.000000 0.000000
vn 0.000000 1.000000 0.000000
vn 0.000000 1.000000 -0.000000
vn 0.000000 1.000000 -0.000000
vn 0.000000 1.000000 -0.000000
vn 0.000000 1.000000 -0.000000
vn -0.000000 1.000000 0.000000
vn -0.000000 1.000000 0.000000
vn 0.000000 1.000000 0.000000
vn -0.000000 1.000000 -0.000000
vn -0.000000 1.000000 -0.000000
vn -0.000000 1.000000 -0.000000
vn -0.000000 1.000000 -0.000000
vn -0.000000 1.000000 -0.000000
vn -0.000000 1.000000 0.000000
vn -0.000000 1.000000 -0.000000
vn -0.000000 1.000000 -0.000000
vn 0.000000 1.000000 0.000000
vn 0.000000 1.000000 0.000000
vn 0.000000 1.000000 -0.000000
vn -0.000000 1.000000 -0.000000
vn -0.000000 1.000000 -0.000000
vn 0.000000 1.000000 -0.000000
vn -0.000000 1.000000 0.000000
vn 0.000000 1.000000 -0.000000
vn -0.000000 1.000000 0.000000
vn 0.000000 1.000000 -0.000000
vn -0.000000 1.000000 0.000000
vn 0.000000 1.000000 -0.000000
vn 0.000000 1.000000 -0.000000
vn 0.000000 1.000000 -0.000000
vn -0.000000 1.000000 0.000000
vn 0.000000 1.000000 0.000000
vn -0.000000 1.000000 0.000000
vn 0.000000 1.000000 0.000000
vn -0.000000 1.000000 0.000000
vn 0.000000 1.000000 0.000000
vn 0.000000 1.000000 -0.000000
vn 0.000000 1.000000 -0.000000
vn 0.000000 1.000000 0.000000
vn 0.000000 1.000000 0.000000
vn 0.000000 1.000000 0.000000
vn 0.000000 1.000000 -0.000000
vn -0.000000 1.000000 0.000000
vn -0.000000 1.000000 0.000000
vn -0.000000 1.000000 0.000000
vn -0.000000 1.000000 0.000000
vn -0.000000 1.000000 0.000000
vn -0.000000 1.000000 0.000000
vn -0.000000 1.000000 -0.000000
vn -0.000000 1.000000 -0.000000
vn 0.000000 1.000000 -0.000000
vn 0.000000 1.000000 -0.000000
vn 0.000000 1.000000 0.000000
vn 0.000000 1.000000 0.000000
vn 0.000000 1.000000 0.000000
vn 0.000000 1.000000 -0.000000
vn -0.000000 1.000000 0.000000
vn -0.000000 1.000000 0.000000
vn 0.000000 1.000000 -0.000000
vn 0.000000 1.000000 -0.000000
vn 0.000000 1.000000 -0.000000
vn 0.000000 1.000000 -0.000000
vn 0.000000 1.000000 0.000000
vn 0.000000 1.000000 -0.000000
vn -0.000000 1.000000 -0.000000
vn -0.000000 1.000000 -0.000000
vn -0.000000 1.000000 0.000000
vn -0.000000 1.000000 0.000000
vn 0.000000 1.000000 0.000000
vn 0.000000 1.000000 -0.000000
vn -0.000000 1.000000 -0.000000
vn -0.000000 1.000000 -0.000000
vn -0.000000 1.000000 0.000000
vn -0.000000 1.000000 0.000000
vn -0.000000 1.000000 -0.000000
vn -0.000000 1.000000 -0.000000
vn 0.000000 1.000000 -0.000000
vn -0.000000 1.000000 0.000000
vn -0.000000 1.000000 -0.000000
vn -0.000000 1.000000 0.000000
vn -0.000000 1.000000 0.000000
vn 0.000000 1.000000 -0.000000
vn 0.000000 1.000000 0.000000
vn -0.000000 1.000000 -0.000000
vn -0.000000 1.000000 -0.000000
vn 0.000000 1.000000 0.000000
vn 0.000000 1.000000 0.000000
vn 0.000000 1.000000 -0.000000
vn 0.000000 1.000000 -0.000000
vn 0.000000 1.000000 0.000000
vn 0.000000 1.000000 -0.000000
vn 0.000000 1.000000 0.000000
vn 0.000000 1.000000 -0.000000
vn 0.000000 1.000000 0.000000
vn -0.000000 1.000000 -0.000000
vn -0.000000 1.000000 -0.000000
vn 0.000000 1.000000 -0.000000
vn 0.000000 -1.000000 0.000000
vn -0.000000 1.000000 -0.000000
vn -0.000000 1.000000 0.000000
vn 0.000000 -1.000000 0.000000
vn 0.000000 -1.000000 -0.000000
vn -0.000000 1.000000 0.000000
vn -0.000000 1.000000 0.000000
vn -0.000000 1.000000 -0.000000
vn -0.000000 1.000000 -0.000000
vn 0.000000 1.000000 0.000000
vn 0.000000 1.000000 0.000000
vn -0.000001 -1.000000 -0.000000
vn -0.000001 -1.000000 -0.000000
vn 0.000000 1.000000 0.000000
vn 0.000000 1.000000 0.000000
vn -0.000000 1.000000 -0.000000
vn 0.000000 1.000000 0.000000
vn -0.000000 1.000000 0.000000
vn -0.000000 1.000000 -0.000000
vn -0.000000 1.000000 0.000000
vn -0.000000 1.000000 0.000000
vn -0.000001 1.000000 -0.000001
vn -0.000000 1.000000 -0.000000
vn -0.000000 1.000000 -0.000000
vn -0.000000 1.000000 -0.000000
vn -0.000000 1.000000 0.000000
vn -0.000000 1.000000 -0.000000
vn -0.000000 1.000000 -0.000000
vn 0.000000 -1.000000 0.000000
vn 0.000000 1.000000 0.000000
vn -0.000000 1.000000 0.000000
vn -0.000000 -1.000000 0.000000
vn -0.000000 -1.000000 0.000000
vn 0.000000 1.000000 -0.000000
vn -0.000000 1.000000 -0.000000
vn -0.000000 1.000000 0.000000
vn -0.000000 1.000000 0.000000
vn 0.000000 1.000000 -0.000000
vn 0.000000 1.000000 0.000000
vn -0.000000 1.000000 -0.000000
vn 0.000000 1.000000 0.000000
vn 0.000000 1.000000 -0.000000
vn 0.000000 1.000000 0.000000
vn -0.000000 1.000000 -0.000000
vn -0.000000 1.000000 -0.000000
vn -0.000000 1.000000 -0.000000
vn 0.000000 1.000000 0.000000
vn 0.000000 1.000000 0.000000
vn 0.000000 1.000000 -0.000000
vn 0.000000 1.000000 0.000000
vn 0.000000 1.000000 0.000000
vn 0.000000 1.000000 0.000000
vn -0.000000 1.000000 -0.000000
vn -0.000000 1.000000 0.000000
vn -0.000000 1.000000 0.000000
vn 0.000000 1.000000 0.000000
vn -0.000000 1.000000 -0.000000
vn 0.000000 1.000000 -0.000000
vn 0.000000 1.000000 -0.000002
vn 0.000000 1.000000 0.000000
vn 0.000000 1.000000 -0.000000
vn -0.000000 1.000000 -0.000000
vn 0.000000 1.000000 0.000000
vn 0.000000 1.000000 0.000000
vn -0.000000 1.000000 -0.000000
vn -0.000000 1.000000 0.000000
vn -0.000000 1.000000 0.000000
vn 0.000000 1.000000 0.000000
vn 0.000000 1.000000 -0.000000
vn 0.000000 1.000000 -0.000000
vn 0.000000 1.000000 0.000000
vn 0.000000 1.000000 0.000000
vn 0.000000 1.000000 -0.000000
vn -0.000000 1.000000 -0.000000
vn -0.000000 1.000000 -0.000000
vn -0.000000 1.000000 0.000000
vn 0.000000 1.000000 -0.000000
vn -0.000000 1.000000 -0.000000
vn 0.000000 1.000000 -0.000000
vn 0.000000 1.000000 0.000000
vn 0.000000 1.000000 -0.000000
vn 0.000000 1.000000 0.000000
vn 0.000000 1.000000 -0.000000
vn 0.000000 1.000000 -0.000000
vn 0.000000 1.000000 -0.000000
vn 0.000000 1.000000 -0.000000
vn -0.000000 1.000000 -0.000000
vn 0.000000 1.000000 0.000000
vn -0.000000 1.000000 0.000000
vn -0.000000 1.000000 -0.000000
vn -0.000000 1.000000 -0.000000
vn 0.000000 1.000000 -0.000000
vn 0.000000 1.000000 -0.000000
vn 0.000000 1.000000 0.000000
vn -0.000000 1.000000 0.000000
vn -0.000000 1.000000 -0.000000
vn -0.000000 1.000000 -0.000000
vn -0.000000 1.000000 0.000000
vn 0.000000 1.000000 -0.000000
vn 0.000000 1.000000 0.000000
vn 0.000000 1.000000 0.000000
vn -0.000000 1.000000 0.000000
vn -0.000000 1.000000 0.000000
vn -0.000000 1.000000 -0.000000
vn -0.000000 1.000000 -0.000000
vn 0.000000 1.000000 0.000000
vn -0.000000 1.000000 0.000000
vn -0.000000 1.000000 0.000000
vn -0.000000 1.000000 0.000000
vn -0.000000 1.000000 -0.000000
vn 0.000000 1.000000 -0.000000
vn 0.000001 1.000000 0.000000
vn 0.000000 1.000000 0.000000
vn -0.000000 1.000000 0.000000
vn -0.000000 1.000000 -0.000000
vn -0.000000 1.000000 -0.000000
vn 0.000000 1.000000 0.000000
vn -0.000000 1.000000 -0.000000
vn -0.000000 1.000000 -0.000000
vn 0.000000 1.000000 -0.000000
vn -0.000000 1.000000 -0.000000
vn 0.000000 1.000000 -0.000000
vn 0.000000 1.000000 -0.000000
vn 0.000000 1.000000 0.000000
vn 0.000000 1.000000 0.000000
vn -0.000000 1.000000 0.000000
vn -0.000000 1.000000 -0.000000
vn -0.000000 1.000000 -0.000000
vn -0.000000 1.000000 -0.000000
vn -0.000000 1.000000 0.000000
vn 0.000000 1.000000 0.000000
vn -0.000000 1.000000 -0.000000
vn 0.000000 1.000000 0.000000
vn 0.000000 1.000000 -0.000000
vn 0.000000 1.000000 -0.000000
vn 0.000000 1.000000 -0.000000
vn 0.000000 1.000000 -0.000000
vn 0.000000 1.000000 0.000000
vn -0.000000 1.000000 -0.000000
vn 0.000000 1.000000 -0.000000
vn 0.000000 1.000000 -0.000000
vn 0.000000 1.000000 0.000000
vn -0.000000 1.000000 0.000000
vn -0.000000 1.000000 -0.000000
vn -0.000000 1.000000 0.000000
vn 0.000000 1.000000 0.000000
vn -0.000000 1.000000 0.000000
vn -0.000000 1.000000 -0.000000
vn -0.000000 1.000000 -0.000000
vn 0.000000 1.000000 0.000000
vn -0.000000 1.000000 -0.000000
vn -0.000000 1.000000 0.000000
vn 0.000000 1.000000 0.000000
vn -0.000000 1.000000 0.000000
vn 0.000000 1.000000 0.000000
vn -0.000000 1.000000 0.000000
vn -0.000000 1.000000 -0.000000
vn -0.000000 1.000000 -0.000000
vn -0.000000 1.000000 -0.000000
vn 0.000000 1.000000 0.000000
vn 0.000000 1.000000 0.000000
vn -0.000000 1.000000 0.000000
vn -0.000000 1.000000 -0.000000
vn -0.000000 1.000000 0.000000
vn 0.000000 1.000000 0.000000
vn 0.000000 1.000000 0.000000
vn 0.000000 1.000000 0.000000
vn -0.000000 1.000000 0.000000
vn 0.000000 1.000000 0.000000
vn 0.000000 1.000000 0.000000
vn -0.000000 1.000000 -0.000000
vn -0.000000 1.000000 0.000000
vn -0.000000 1.000000 0.000000
vn 0.000000 1.000000 -0.000000
vn -0.000000 1.000000 0.000000
vn -0.000000 1.000000 0.000000
vn 0.000000 1.000000 -0.000000
vn 0.000000 1.000000 -0.000000
vn 0.000000 1.000000 -0.000000
vn 0.000000 1.000000 0.000000
vn -0.000000 1.000000 0.000000
vn 0.000000 1.000000 -0.000000
vn -0.000000 1.000000 0.000000
vn 0.000000 1.000000 -0.000000
vn 0.000000 1.000000 -0.000000
vn 0.000000 1.000000 -0.000000
vn 0.000000 1.000000 0.000000
vn -0.000000 1.000000 -0.000000
vn 0.000000 1.000000 0.000000
vn -0.000000 1.000000 0.000000
vn -0.000000 1.000000 0.000000
vn -0.000000 1.000000 -0.000000
vn 0.000000 1.000000 0.000000
vn -0.000000 1.000000 -0.000000
vn 0.000000 1.000000 -0.000000
vn -0.000000 1.000000 -0.000000
vn 0.000000 1.000000 -0.000000
vn 0.000000 1.000000 0.000000
vn 0.000000 1.000000 0.000000
vn 0.000000 1.000000 0.000000
vn 0.000000 1.000000 -0.000000
vn 0.000000 1.000000 0.000000
vn -0.000000 1.000000 -0.000000
vn 0.000000 1.000000 -0.000000
vn 0.000000 1.000000 -0.000000
vn 0.000000 1.000000 0.000000
vn 0.000000 1.000000 0.000000
vn -0.000000 1.000000 -0.000000
vn -0.000000 1.000000 0.000000
vn -0.000000 1.000000 0.000000
vn 0.000000 1.000000 -0.000000
vn -0.000000 1.000000 -0.000000
vn -0.000000 1.000000 0.000000
vn -0.000000 1.000000 0.000000
vn -0.000000 1.000000 0.000000
vn -0.000000 1.000000 0.000000
vn -0.000000 1.000000 0.000000
vn 0.000000 1.000000 0.000000
vn 0.000000 1.000000 0.000000
vn -0.000000 1.000000 -0.000000
vn 0.000000 1.000000 0.000000
vn -0.000000 1.000000 0.000000
vn -0.000000 1.000000 0.000000
vn -0.000000 1.000000 -0.000000
vn -0.000000 1.000000 -0.000000
vn 0.000000 1.000000 -0.000000
vn -0.000000 1.000000 -0.000000
vn -0.000000 1.000000 0.000000
vn -0.000000 1.000000 0.000000
vn -0.000000 1.000000 0.000000
vn -0.000000 1.000000 -0.000000
vn 0.000000 1.000000 0.000000
vn -0.000000 1.000000 -0.000000
vn -0.000000 1.000000 0.000000
vn -0.000000 1.000000 -0.000000
vn -0.000000 1.000000 -0.000000
vn -0.000000 1.000000 -0.000000
vn 0.000000 1.000000 -0.000000
vn 0.000000 1.000000 -0.000000
vn 0.000000 1.000000 -0.000000
vn 0.000000 1.000000 -0.000000
vn 0.000000 1.000000 -0.000000
vn 0.000000 1.000000 -0.000000
vn -0.000000 1.000000 0.000000
vn -0.000000 1.000000 0.000000
vn -0.000000 1.000000 0.000000
vn -0.000000 1.000000 0.000000
vn -0.000000 1.000000 0.000000
vn -0.000000 1.000000 0.000000
vn -0.000000 1.000000 0.000000
vn 0.000000 1.000000 -0.000000
vn -0.000000 1.000000 -0.000000
vn 0.000000 1.000000 -0.000000
vn 0.000000 1.000000 -0.000000
vn 0.000000 1.000000 -0.000000
vn -0.000000 1.000000 0.000000
vn 0.000000 1.000000 0.000000
vn -0.000000 1.000000 -0.000000
vn -0.000000 1.000000 -0.000000
vn -0.000000 1.000000 0.000000
vn -0.000000 1.000000 0.000000
vn 0.000000 1.000000 -0.000000
vn 0.000000 1.000000 0.000000
vn 0.000000 1.000000 -0.000000
vn 0.000000 1.000000 -0.000000
vn -0.000000 1.000000 0.000000
vn 0.000000 1.000000 0.000000
vn 0.000000 1.000000 0.000000
vn -0.000000 1.000000 -0.000000
vn 0.000000 1.000000 0.000000
vn 0.000000 1.000000 -0.000000
vn 0.000000 1.000000 -0.000000
vn 0.000000 1.000000 0.000000
vn -0.000000 1.000000 -0.000000
vn -0.000000 1.000000 -0.000000
vn 0.000000 1.000000 -0.000000
vn 0.000000 1.000000 -0.000000
vn 0.000000 1.000000 0.000000
vn 0.000000 1.000000 -0.000000
vn 0.000000 1.000000 0.000000
vn 0.000000 1.000000 0.000000
vn 0.000000 1.000000 0.000000
vn -0.000000 1.000000 0.000000
vn -0.000000 1.000000 -0.000000
vn -0.000000 1.000000 -0.000000
vn -0.000000 1.000000 -0.000000
vn 0.000000 1.000000 -0.000000
vn 0.000000 1.000000 0.000000
vn 0.000000 1.000000 0.000000
vn -0.000000 1.000000 -0.000000
vn -0.000000 1.000000 -0.000000
vn 0.000000 1.000000 0.000000
vn 0.000000 1.000000 -0.000000
vn 0.000000 1.000000 0.000000
vn 0.000000 1.000000 -0.000000
vn 0.000000 1.000000 0.000000
vn 0.000000 1.000000 0.000000
vn 0.000000 1.000000 0.000000
vn 0.000000 1.000000 0.000000
vn 0.000000 1.000000 -0.000000
vn -0.000000 1.000000 -0.000000
vn -0.000000 1.000000 -0.000000
vn 0.000000 1.000000 0.000000
vn 0.000000 1.000000 0.000000
vn 0.000000 1.000000 0.000000
vn 0.000000 1.000000 0.000000
vn -0.000000 1.000000 0.000000
vn 0.000000 1.000000 0.000000
vn 0.000000 1.000000 0.000000
vn 0.000000 1.000000 -0.000000
vn 0.000000 1.000000 0.000000
vn -0.000000 1.000000 0.000000
vn -0.000000 1.000000 -0.000000
vn -0.000000 1.000000 -0.000000
vn 0.000000 1.000000 0.000000
vn 0.000000 1.000000 0.000000
vn 0.000000 1.000000 -0.000000
vn -0.000000 1.000000 -0.000000
vn 0.000000 1.000000 0.000000
vn -0.000000 1.000000 -0.000000
vn -0.000000 1.000000 -0.000000
vn 0.000000 1.000000 -0.000000
vn -0.000000 1.000000 -0.000000
vn -0.000000 1.000000 0.000000
vn 0.000000 1.000000 0.000000
vn 0.000000 1.000000 -0.000000
vn -0.000000 1.000000 -0.000000
vn 0.000000 1.000000 -0.000000
vn 0.000000 1.000000 -0.000000
vn -0.000000 1.000000 -0.000000
vn -0.000000 1.000000 0.000000
vn 0.000000 1.000000 0.000000
vn -0.000000 1.000000 -0.000000
vn -0.000000 1.000000 -0.000000
vn -0.000000 1.000000 -0.000000
vn 0.000000 1.000000 -0.000000
vn -0.000000 1.000000 -0.000000
vn -0.000000 1.000000 0.000000
vn -0.000000 1.000000 -0.000000
vn 0.000000 1.000000 -0.000000
vn 0.000000 1.000000 0.000000
vn 0.000000 1.000000 0.000000
vn 0.000000 1.000000 0.000000
vn -0.000000 1.000000 0.000000
vn 0.000000 1.000000 0.000000
vn 0.000000 1.000000 0.000000
vn -0.000000 1.000000 0.000000
vn -0.000000 1.000000 -0.000000
vn -0.000000 1.000000 -0.000000
vn -0.000000 1.000000 -0.000000
vn 0.000000 1.000000 -0.000000
vn 0.000000 1.000000 -0.000000
vn 0.000000 1.000000 -0.000000
vn 0.000000 1.000000 0.000000
vn 0.000000 1.000000 -0.000000
vn -0.000000 1.000000 0.000000
vn -0.000000 1.000000 -0.000000
vn -0.000000 1.000000 -0.000000
vn -0.000000 1.000000 -0.000000
vn -0.000000 1.000000 0.000000
vn -0.000000 1.000000 0.000000
vn -0.000000 1.000000 0.000000
vn -0.000000 1.000000 -0.000000
vn -0.000000 1.000000 -0.000000
vn 0.000000 1.000000 -0.000000
vn -0.000000 1.000000 -0.000000
vn -0.000000 1.000000 -0.000000
vn -0.000000 1.000000 0.000000
vn -0.000000 1.000000 -0.000000
vn -0.000000 1.000000 -0.000000
vn 0.000000 1.000000 -0.000000
vn 0.000000 1.000000 0.000000
vn -0.000000 1.000000 0.000000
vn 0.000000 1.000000 0.000000
vn -0.000000 1.000000 0.000000
vn -0.000000 1.000000 -0.000000
vn 0.000000 1.000000 0.000000
vn -0.000000 1.000000 0.000000
vn -0.000000 1.000000 0.000000
vn 0.000000 1.000000 0.000000
vn 0.000000 1.000000 -0.000000
vn 0.000000 1.000000 -0.000000
vn 0.000000 1.000000 -0.000000
vn 0.000000 1.000000 -0.000000
vn 0.000000 1.000000 -0.000000
vn 0.000000 1.000000 0.000000
vn -0.000000 1.000000 -0.000000
vn -0.000000 1.000000 -0.000000
vn 0.000000 1.000000 -0.000000
vn 0.000000 1.000000 -0.000000
vn 0.000000 1.000000 0.000000
vn 0.000000 1.000000 0.000000
vn 0.000000 1.000000 0.000000
vn -0.000000 1.000000 0.000000
vn -0.000000 1.000000 0.000000
vn -0.000000 1.000000 -0.000000
vn -0.000000 1.000000 -0.000000
vn -0.000000 1.000000 -0.000000
vn -0.000000 1.000000 0.000000
vn 0.000000 1.000000 0.000000
vn 0.000000 1.000000 -0.000000
vn 0.000000 1.000000 0.000000
vn -0.000000 1.000000 -0.000000
vn -0.000000 1.000000 0.000000
vn -0.000000 1.000000 0.000000
vn 0.000000 1.000000 0.000000
vn -0.000000 1.000000 0.000000
vn -0.000000 1.000000 0.000000
vn 0.000000 1.000000 0.000000
vn -0.000000 1.000000 0.000000
vn -0.000000 1.000000 0.000000
vn -0.000000 1.000000 -0.000000
vn -0.000000 1.000000 0.000000
vn 0.000000 1.000000 0.000000
vn 0.000000 1.000000 -0.000000
vn -0.000000 1.000000 -0.000000
vn 0.000000 1.000000 0.000000
vn 0.000000 1.000000 -0.000000
vn -0.000000 1.000000 -0.000000
vn -0.000000 1.000000 -0.000000
vn 0.000000 1.000000 -0.000000
vn 0.000000 1.000000 0.000000
vn 0.000000 1.000000 -0.000000
vn 0.000000 1.000000 -0.000000
vn -0.000000 1.000000 -0.000000
vn 0.000000 1.000000 -0.000000
vn 0.000000 1.000000 -0.000000
vn -0.000000 1.000000 -0.000000
vn 0.000000 1.000000 -0.000000
vn 0.000000 1.000000 -0.000000
vn 0.000000 1.000000 0.000000
vn 0.000000 1.000000 0.000000
vn -0.000000 1.000000 0.000000
vn -0.000000 1.000000 0.000000
vn -0.000000 1.000000 -0.000000
vn 0.000000 1.000000 -0.000000
vn -0.000000 1.000000 -0.000000
vn -0.000000 1.000000 0.000000
vn -0.000000 1.000000 0.000000
vn -0.000000 1.000000 -0.000000
vn 0.000000 1.000000 0.000000
vn -0.000000 1.000000 0.000000
vn 0.000000 1.000000 0.000000
vn 0.000000 1.000000 0.000000
vn 0.000000 1.000000 -0.000000
vn -0.000000 1.000000 -0.000000
vn -0.000000 1.000000 -0.000000
vn -0.000000 1.000000 0.000000
vn 0.000000 1.000000 0.000000
vn 0.000000 1.000000 0.000000
vn 0.000000 1.000000 -0.000000
vn 0.000000 1.000000 0.000000
vn 0.000000 1.000000 0.000000
vn 0.000000 1.000000 -0.000000
vn 0.000000 1.000000 -0.000000
vn 0.000000 1.000000 -0.000000
vn 0.000000 1.000000 0.000000
vn 0.000000 1.000000 -0.000000
vn -0.000000 1.000000 0.000000
vn -0.000000 1.000000 -0.000000
vn 0.000000 1.000000 0.000000
vn -0.000000 1.000000 -0.000000
vn -0.000000 1.000000 -0.000000
vn -0.000000 1.000000 -0.000000
vn -0.000000 1.000000 -0.000000
vn 0.000000 1.000000 0.000000
vn -0.000000 1.000000 -0.000000
vn -0.000000 1.000000 0.000000
vn 0.000000 1.000000 0.000000
vn -0.000000 1.000000 0.000000
vn 0.000000 1.000000 -0.000000
vn 0.000000 1.000000 0.000000
vn -0.000000 1.000000 -0.000000
vn 0.000000 1.000000 0.000000
vn 0.000000 1.000000 0.000000
vn 0.000000 1.000000 0.000000
vn -0.000000 1.000000 -0.000000
vn -0.000000 1.000000 -0.000000
vn -0.000000 1.000000 0.000000
vn -0.000000 1.000000 0.000000
vn -0.000000 1.000000 0.000000
vn -0.000000 1.000000 0.000000
vn 0.000000 1.000000 0.000000
vn -0.000000 1.000000 -0.000000
vn 0.000000 1.000000 -0.000000
vn 0.000000 1.000000 -0.000000
vn 0.000000 1.000000 0.000000
vn 0.000000 1.000000 0.000000
vn -0.000000 1.000000 0.000000
vn 0.000000 1.000000 0.000000
vn -0.000000 1.000000 0.000000
vn -0.000000 1.000000 0.000000
vn -0.000000 1.000000 -0.000000
vn -0.000000 1.000000 0.000000
vn -0.000000 1.000000 0.000000
vn -0.000000 1.000000 -0.000000
vn 0.000000 1.000000 -0.000000
vn -0.000000 1.000000 -0.000000
vn -0.000000 1.000000 -0.000000
vn -0.000000 1.000000 0.000000
vn 0.000000 1.000000 -0.000000
vn 0.000000 1.000000 -0.000000
vn -0.000000 1.000000 0.000000
vn -0.000000 1.000000 0.000000
vn -0.000000 1.000000 0.000000
vn 0.000000 1.000000 0.000000
vn 0.000000 1.000000 -0.000000
vn -0.000000 1.000000 -0.000000
vn -0.000000 1.000000 -0.000000
vn 0.000000 1.000000 -0.000000
vn 0.000000 1.000000 0.000000
vn -0.000000 1.000000 -0.000000
vn -0.000000 1.000000 0.000000
vn -0.000000 1.000000 0.000000
vn 0.000000 1.000000 0.000000
vn 0.000000 1.000000 -0.000000
vn -0.000000 1.000000 0.000000
vn 0.000000 1.000000 -0.000000
vn 0.000000 1.000000 -0.000000
vn 0.000000 1.000000 -0.000000
vn -0.000000 1.000000 -0.000000
vn 0.000000 1.000000 -0.000000
vn 0.000000 1.000000 -0.000000
vn -0.000000 1.000000 -0.000000
vn -0.000000 1.000000 -0.000000
vn -0.000000 1.000000 -0.000000
vn 0.000000 1.000000 0.000000
vn -0.000000 1.000000 0.000000
vn -0.000000 1.000000 -0.000000
vn -0.000000 1.000000 -0.000000
vn -0.000000 1.000000 0.000000
vn -0.000000 1.000000 -0.000000
vn -0.000000 1.000000 0.000000
vn -0.000000 1.000000 -0.000000
vn -0.000000 1.000000 0.000000
vn -0.000000 1.000000 -0.000000
vn -0.000000 1.000000 -0.000000
vn -0.000000 -0.999995 0.003311
vn 0.000000 1.000000 0.000000
vn -0.000000 1.000000 0.000000
vn 0.000000 1.000000 0.000000
vn 0.000000 1.000000 -0.000000
vn 0.000000 1.000000 0.000000
vn 0.000000 1.000000 0.000000
vn 0.000000 1.000000 0.000000
vn 0.000000 1.000000 0.000000
vn 0.000000 1.000000 0.000000
vn 0.000000 1.000000 -0.000000
vn 0.000000 1.000000 -0.000000
vn 0.000000 0.999978 0.006622
vn -0.000000 1.000000 -0.000000
vn 0.000000 -0.999978 -0.006622
vn -0.000000 1.000000 0.000000
vn 0.000000 1.000000 0.000000
vn 0.000000 1.000000 -0.000000
vn -0.000000 1.000000 -0.000000
vn 0.000000 1.000000 -0.000000
vn 0.000000 1.000000 -0.000000
vn 0.000000 1.000000 0.000000
vn -0.000000 1.000000 0.000000
vn -0.000000 1.000000 0.000000
vn -0.000000 1.000000 0.000000
vn -0.000000 1.000000 0.000000
vn 0.000000 1.000000 0.000000
vn 0.000000 1.000000 0.000000
vn -0.000000 1.000000 0.000000
vn -0.000000 1.000000 -0.000000
vn 0.000000 1.000000 -0.000000
vn 0.000000 1.000000 0.000000
vn 0.000000 1.000000 -0.000000
vn 0.000000 1.000000 0.000000
vn 0.000000 1.000000 -0.000000
vn -0.000000 1.000000 -0.000000
vn -0.000000 1.000000 0.000000
vn -0.000000 1.000000 0.000000
vn -0.000000 1.000000 0.000000
vn -0.000000 1.000000 0.000000
vn 0.000000 1.000000 -0.000000
vn -0.000000 1.000000 -0.000000
vn -0.000000 1.000000 -0.000000
vn -0.000000 1.000000 0.000003
vn -0.000000 1.000000 0.000000
vn -0.000000 1.000000 0.000000
vn -0.000000 1.000000 -0.000000
vn 0.000000 1.000000 0.000000
vn 0.000000 1.000000 0.000000
vn 0.000000 1.000000 -0.000000
vn 0.000000 1.000000 -0.000000
vn 0.000000 1.000000 0.000000
vn 0.000000 1.000000 0.000000
vn -0.000000 1.000000 0.000000
vn 0.000000 1.000000 -0.000000
vn -0.000000 1.000000 0.000000
vn -0.000000 1.000000 0.000000
vn -0.000000 1.000000 -0.000000
vn 0.000000 1.000000 0.000000
vn 0.000000 1.000000 -0.000000
vn 0.000000 1.000000 -0.000000
vn 0.000000 1.000000 -0.000000
vn -0.000000 1.000000 0.000000
vn 0.000000 1.000000 -0.000000
vn 0.000000 1.000000 -0.000000
vn -0.000000 1.000000 0.000000
vn 0.000000 1.000000 0.000000
vn 0.000000 1.000000 0.000000
vn 0.000000 1.000000 0.000000
vn 0.000000 1.000000 -0.000000
vn 0.000000 1.000000 0.000000
vn -0.000000 -1.000000 0.000001
vn -0.000000 1.000000 -0.000000
vn -0.000000 1.000000 -0.000000
vn -0.000000 1.000000 -0.000000
vn 0.000000 1.000000 -0.000000
vn 0.000000 1.000000 -0.000000
vn 0.000000 1.000000 -0.000000
vn 0.000000 1.000000 0.000000
vn -0.000000 1.000000 0.000000
vn 0.000000 1.000000 0.000000
vn 0.000000 1.000000 0.000000
vn 0.000000 1.000000 -0.000000
vn -0.000000 1.000000 -0.000000
vn 0.000001 1.000000 0.000000
vn -0.000000 -1.000000 0.000000
vn 0.000000 -1.000000 0.000000
vn 0.000000 -1.000000 0.000000
vn 0.000000 0.000000 0.000000
vn 0.000000 1.000000 0.000000
vn -0.441739 0.000000 0.897143
vn -0.000000 1.000000 -0.000000
vn -0.000000 1.000000 -0.000000
vn -0.000000 1.000000 0.000000
vn -0.000000 1.000000 -0.000000
vn -0.000000 1.000000 0.000000
vn -0.000000 1.000000 0.000000
vn -0.000000 1.000000 -0.000000
vn -0.000000 1.000000 0.000000
vn 0.000000 1.000000 0.000000
vn -0.000000 1.000000 -0.000000
vn -0.000000 1.000000 0.000000
vn -0.000000 1.000000 0.000000
vn 0.000000 1.000000 0.000000
vn 0.000000 1.000000 -0.000000
vn 0.000000 1.000000 -0.000000
vn 0.000000 1.000000 -0.000000
vn 0.000000 1.000000 -0.000000
vn 0.000000 1.000000 0.000000
vn -0.002404 0.999967 0.007812
vn -1.000000 0.000168 0.000000
vn 0.000000 1.000000 -0.000000
vn 0.000000 1.000000 0.000000
vn 0.000000 0.000000 0.000000
vn 0.000000 1.000000 0.000000
vn 0.000000 0.000000 -0.000000
vn 0.000000 0.999992 0.003906
vn -0.000000 1.000000 -0.000000
vn -0.000000 1.000000 -0.000000
vn -0.000000 1.000000 -0.000000
vn -0.019448 -0.999030 0.039498
vn 0.000000 1.000000 0.000000
vn -0.000962 -0.999998 0.001562
vn 0.000000 1.000000 0.000000
vn 0.000000 1.000000 -0.000000
vn 0.000000 1.000000 0.000000
vn 0.000000 1.000000 0.000000
vn 0.000000 1.000000 0.000000
vn 0.000000 1.000000 0.000000
vn -0.000000 1.000000 0.000000
vn 0.000000 1.000000 -0.000000
vn 0.000000 1.000000 0.000000
vn 0.000000 1.000000 0.000000
vn 0.000000 1.000000 -0.000000
vn 0.000000 1.000000 0.000000
vn -0.000000 1.000000 -0.000000
vn 0.000000 1.000000 -0.000000
vn 0.000000 1.000000 -0.000000
vn 0.000000 1.000000 -0.000000
vn -0.000000 1.000000 -0.000000
vn 0.000000 1.000000 -0.000000
vn -0.000000 1.000000 -0.000000
vn 0.000000 1.000000 0.000000
vn 0.000000 1.000000 0.000000
vn -0.000000 1.000000 -0.000000
vn -0.000000 1.000000 0.000000
vn -0.000000 1.000000 -0.000000
vn -0.000000 1.000000 -0.000000
vn -0.000000 1.000000 -0.000000
vn 0.000000 1.000000 0.000000
vn 0.000000 1.000000 -0.000000
vn -0.000000 1.000000 -0.000000
vn -0.000000 1.000000 -0.000000
vn -0.000000 1.000000 -0.000000
vn -0.000000 1.000000 0.000000
vn 0.000000 1.000000 0.000000
vn -0.000000 1.000000 -0.000000
vn 0.000000 1.000000 0.000000
vn -0.000000 1.000000 0.000000
vn -0.000000 1.000000 0.000000
vn -0.000000 1.000000 0.000000
vn -0.000000 1.000000 0.000000
vn -0.000000 1.000000 0.000000
vn -0.000002 1.000000 0.000003
vn -0.000000 1.000000 0.000000
vn 0.000000 1.000000 0.000001
vn 0.000000 1.000000 0.000001
vn 0.000000 1.000000 0.000000
vn 0.000000 1.000000 -0.000000
vn 0.000000 1.000000 0.000000
vn 0.000000 1.000000 -0.000000
vn -0.000000 1.000000 0.000000
vn -0.000000 1.000000 -0.000000
vn -0.000000 1.000000 0.000000
vn -0.000000 1.000000 0.000000
vn -0.000000 1.000000 -0.000000
vn 0.000000 1.000000 0.000000
vn 0.000000 1.000000 -0.000000
vn -0.000000 1.000000 0.000000
vn 0.000000 1.000000 0.000000
vn 0.000000 1.000000 0.000000
vn 0.000000 1.000000 -0.000000
vn 0.000000 1.000000 -0.000000
vn -0.000000 1.000000 -0.000000
vn -0.000000 1.000000 -0.000000
vn -0.000000 1.000000 0.000000
vn 0.000000 1.000000 -0.000000
vn -0.000000 1.000000 -0.000000
vn 0.000000 1.000000 0.000000
vn 0.000000 1.000000 -0.000000
vn -0.000000 1.000000 0.000000
vn 0.000000 1.000000 0.000000
vn -0.000000 1.000000 0.000000
vn 0.000000 1.000000 0.000000
vn 0.000000 1.000000 -0.000000
vn 0.000000 1.000000 0.000000
vn 0.000000 1.000000 0.000000
vn -0.000000 1.000000 -0.000000
vn -0.000000 1.000000 0.000000
vn -0.000000 1.000000 0.000000
vn 0.000000 1.000000 -0.000000
vn 0.000000 1.000000 -0.000000
vn -0.000000 1.000000 -0.000000
vn -0.000000 1.000000 -0.000000
vn 0.000000 1.000000 0.000000
vn 0.000000 1.000000 -0.000000
vn 0.000000 1.000000 0.000000
vn -0.000000 1.000000 0.000000
vn 0.000000 1.000000 0.000000
vn -0.000000 1.000000 -0.000000
vn -0.000000 1.000000 -0.000000
vn -0.000000 1.000000 0.000000
vn -0.000000 1.000000 0.000000
vn 0.000000 1.000000 0.000000
vn -0.000000 1.000000 -0.000000
vn 0.000000 1.000000 -0.000000
vn 0.000000 1.000000 -0.000000
vn 0.000000 1.000000 -0.000000
vn 0.000000 1.000000 -0.000000
vn 0.000000 1.000000 0.000000
vn -0.000000 1.000000 -0.000000
vn 0.000000 1.000000 0.000000
vn -0.000000 1.000000 0.000000
vn -0.000000 1.000000 -0.000000
vn 0.000000 1.000000 -0.000000
vn -0.000000 1.000000 0.000000
vn 0.000000 1.000000 -0.000000
vn -0.000000 1.000000 -0.000000
vn -0.000000 1.000000 0.000000
vn -0.000000 1.000000 -0.000000
vn -0.000000 1.000000 0.000000
vn -0.000000 1.000000 -0.000000
vn -0.000000 1.000000 0.000000
vn -0.000000 1.000000 0.000000
vn -0.000000 1.000000 -0.000000
vn -0.000000 1.000000 -0.000000
vn -0.000000 1.000000 -0.000000
vn 0.000000 1.000000 0.000000
vn 0.000000 1.000000 -0.000000
vn -0.000000 1.000000 -0.000000
vn -0.000000 1.000000 -0.000000
vn -0.000000 1.000000 0.000000
vn 0.000000 1.000000 0.000000
vn -0.000000 1.000000 -0.000000
vn -0.000000 1.000000 -0.000000
vn -0.000000 1.000000 -0.000000
vn -0.000000 1.000000 -0.000000
vn 0.000000 1.000000 -0.000000
vn -0.000000 1.000000 -0.000000
vn -0.000000 1.000000 0.000000
vn 0.000000 1.000000 -0.000000
vn 0.000000 1.000000 -0.000000
vn 0.000000 1.000000 -0.000000
vn 0.000000 1.000000 -0.000000
vn 0.000000 1.000000 -0.000000
vn -0.000000 1.000000 0.000000
vn 0.000000 1.000000 -0.000000
vn 0.000000 1.000000 -0.000000
vn -0.000000 1.000000 0.000000
vn -0.000000 1.000000 0.000000
vn -0.000000 1.000000 0.000000
vn -0.000000 1.000000 0.000000
vn -0.000000 1.000000 0.000000
vn 0.000000 1.000000 -0.000000
vn 0.000000 1.000000 -0.000000
vn 0.000000 1.000000 0.000000
vn 0.000000 1.000000 -0.000000
vn 0.000000 1.000000 0.000000
vn -0.000000 1.000000 -0.000000
vn -0.000000 1.000000 0.000000
vn -0.000000 1.000000 -0.000000
vn -0.000000 1.000000 -0.000000
vn 0.000000 1.000000 -0.000000
vn 0.000000 1.000000 -0.000000
vn 0.000000 1.000000 -0.000000
vn 0.000000 1.000000 0.000000
vn 0.000000 1.000000 -0.000000
vn -0.000000 1.000000 -0.000000
vn -0.000000 1.000000 0.000000
vn -0.000000 1.000000 0.000000
vn -0.000000 1.000000 -0.000000
vn -0.000000 1.000000 0.000000
vn -0.000000 1.000000 0.000000
vn 0.000000 1.000000 -0.000000
vn 0.000000 1.000000 0.000000
vn 0.000000 1.000000 0.000000
vn -0.000000 1.000000 -0.000000
vn 0.000000 1.000000 -0.000000
vn 0.000000 1.000000 -0.000000
vn -0.000000 1.000000 -0.000000
vn -0.000000 1.000000 -0.000000
vn -0.000000 1.000000 -0.000000
vn -0.000000 1.000000 -0.000000
vn -0.000000 1.000000 -0.000000
vn -0.000000 1.000000 -0.000000
vn 0.000000 1.000000 -0.000000
vn 0.000000 1.000000 0.000000
vn 0.000000 1.000000 0.000000
vn 0.000000 1.000000 -0.000000
vn 0.000000 1.000000 -0.000000
vn -0.000000 1.000000 -0.000000
vn -0.000000 1.000000 0.000000
vn 0.000000 1.000000 0.000000
vn 0.000000 1.000000 -0.000000
vn 0.000000 1.000000 0.000000
vn 0.000000 1.000000 -0.000000
vn 0.000000 1.000000 0.000000
vn 0.000000 1.000000 0.000000
vn -0.000000 1.000000 0.000000
vn -0.000000 1.000000 -0.000000
vn -0.000000 1.000000 0.000000
vn -0.000000 1.000000 0.000000
vn 0.000000 1.000000 -0.000000
vn 0.000000 1.000000 -0.000000
vn 0.000000 1.000000 -0.000000
vn 0.000000 1.000000 -0.000000
vn -0.000000 1.000000 -0.000000
vn -0.000000 1.000000 0.000000
vn -0.000001 1.000000 0.000000
vn -0.000000 1.000000 -0.000000
vn 0.000000 1.000000 -0.000000
vn 0.000000 1.000000 0.000000
vn 0.000000 1.000000 0.000000
vn -0.000000 1.000000 -0.000000
vn 0.000000 1.000000 -0.000000
vn 0.000000 1.000000 -0.000000
vn -0.000000 1.000000 0.000000
vn -0.000000 1.000000 -0.000000
vn 0.000000 1.000000 0.000000
vn 0.000000 1.000000 0.000000
vn 0.000000 1.000000 0.000000
vn 0.000000 1.000000 0.000000
vn -0.000000 1.000000 0.000000
vn -0.000000 1.000000 -0.000000
vn -0.000000 1.000000 0.000000
vn -0.000000 1.000000 -0.000000
vn -0.000000 1.000000 -0.000000
vn 0.000000 1.000000 -0.000000
vn 0.000000 1.000000 -0.000000
vn -0.000000 1.000000 0.000000
vn 0.000000 1.000000 -0.000000
vn -0.000000 1.000000 0.000000
vn -0.000000 1.000000 0.000000
vn -0.000002 1.000000 0.000001
vn -0.000000 1.000000 -0.000000
vn 0.000000 1.000000 0.000000
vn -0.000000 1.000000 -0.000000
vn -0.000000 1.000000 0.000000
vn 0.000000 1.000000 -0.000000
vn -0.000000 1.000000 0.000000
vn 0.000000 1.000000 -0.000000
vn 0.000000 1.000000 -0.000000
vn -0.000000 1.000000 0.000000
vn 0.000000 1.000000 0.000000
vn -0.000000 1.000000 0.000000
vn 0.000000 1.000000 0.000000
vn 0.000000 1.000000 0.000000
vn 0.000000 1.000000 0.000000
vn 0.000000 1.000000 -0.000000
vn 0.000000 1.000000 -0.000000
vn 0.000000 1.000000 0.000000
vn 0.000000 1.000000 -0.000000
vn -0.000000 1.000000 -0.000000
vn 0.000000 1.000000 -0.000000
vn -0.000000 1.000000 0.000000
vn 0.000000 1.000000 0.000000
vn 0.000000 1.000000 -0.000001
vn -0.000000 1.000000 0.000000
vn 0.000000 1.000000 0.000000
vn 0.000000 1.000000 -0.000000
vn 0.000000 1.000000 -0.000000
vn 0.000000 1.000000 0.000000
vn -0.000000 1.000000 -0.000000
vn -0.000000 1.000000 -0.000000
vn 0.000000 1.000000 -0.000000
vn 0.000000 1.000000 0.000000
vn -0.000000 1.000000 0.000000
vn 0.000000 1.000000 0.000000
vn 0.000000 1.000000 0.000000
vn -0.000000 1.000000 0.000000
vn 0.000000 1.000000 -0.000000
vn 0.000000 1.000000 -0.000000
vn 0.000000 1.000000 -0.000000
vn 0.000000 1.000000 -0.000000
vn -0.000000 1.000000 0.000000
vn -0.000000 1.000000 0.000000
vn 0.000000 1.000000 0.000000
vn 0.000000 1.000000 0.000000
vn -0.000000 1.000000 0.000000
vn 0.000000 1.000000 0.000000
vn -0.000000 1.000000 -0.000000
vn 0.000000 1.000000 -0.000000
vn -0.000000 1.000000 -0.000000
vn -0.000000 1.000000 0.000000
vn -0.000000 1.000000 -0.000000
vn -0.000000 1.000000 -0.000000
vn -0.000000 1.000000 0.000000
vn -0.000000 1.000000 0.000000
vn 0.000000 1.000000 0.000000
vn -0.000000 1.000000 -0.000000
vn 0.000000 1.000000 -0.000000
vn 0.000000 1.000000 0.000000
vn 0.000000 1.000000 0.000000
vn 0.000000 1.000000 -0.000000
vn -0.000000 1.000000 0.000000
vn -0.000000 1.000000 -0.000000
vn -0.000000 1.000000 -0.000000
vn -0.000000 1.000000 0.000000
vn -0.000000 1.000000 -0.000000
vn -0.000000 1.000000 0.000000
vn -0.000000 1.000000 -0.000000
vn 0.000000 1.000000 -0.000000
vn 0.000000 1.000000 -0.000000
vn -0.000000 1.000000 0.000000
vn -0.000000 1.000000 0.000000
vn -0.000000 1.000000 -0.000000
vn 0.000000 1.000000 -0.000000
vn 0.000000 1.000000 0.000000
vn -0.000000 1.000000 -0.000000
vn 0.000000 1.000000 -0.000000
vn 0.000000 1.000000 -0.000000
vn -0.000000 1.000000 0.000000
vn -0.000000 1.000000 -0.000000
vn -0.000000 1.000000 -0.000000
vn -0.000000 1.000000 -0.000000
vn 0.000000 1.000000 -0.000000
vn 0.000000 1.000000 0.000000
vn -0.000000 1.000000 -0.000000
vn 0.000000 1.000000 -0.000000
vn 0.000000 1.000000 0.000000
vn 0.000000 1.000000 0.000000
vn -0.000000 1.000000 0.000000
vn -0.000000 1.000000 -0.000000
vn -0.000000 1.000000 0.000000
vn -0.000000 1.000000 -0.000000
vn 0.000000 1.000000 0.000000
vn 0.000000 1.000000 0.000000
vn 0.000000 1.000000 0.000000
vn -0.000000 1.000000 0.000000
vn 0.000000 1.000000 0.000000
vn 0.000000 1.000000 0.000000
vn -0.000000 1.000000 0.000000
vn 0.000000 1.000000 0.000000
vn 0.000000 1.000000 0.000000
vn 0.000000 1.000000 -0.000000
vn 0.000000 1.000000 -0.000000
vn 0.000000 1.000000 0.000000
vn 0.000000 1.000000 0.000000
vn -0.000000 1.000000 -0.000000
vn -0.000000 1.000000 -0.000000
vn -0.000000 1.000000 0.000000
vn 0.000000 1.000000 -0.000000
vn -0.000000 1.000000 -0.000000
vn 0.000000 1.000000 0.000000
vn 0.000000 1.000000 0.000000
vn 0.000000 1.000000 0.000000
vn -0.000000 1.000000 -0.000000
vn 0.000000 1.000000 0.000000
vn -0.000000 1.000000 0.000000
vn 0.000000 1.000000 -0.000000
vn 0.000000 1.000000 0.000000
vn 0.000000 1.000000 0.000000
vn 0.000000 1.000000 -0.000000
vn -0.000000 1.000000 0.000000
vn -0.000000 1.000000 0.000000
vn 0.000000 1.000000 0.000000
vn -0.000000 1.000000 -0.000000
vn -0.000000 1.000000 -0.000000
vn 0.000000 1.000000 -0.000000
vn 0.000000 1.000000 -0.000000
vn 0.000000 1.000000 -0.000000
vn -0.000000 1.000000 -0.000000
vn 0.000000 1.000000 -0.000000
vn -0.000000 1.000000 -0.000000
vn -0.000000 1.000000 -0.000000
vn -0.000000 1.000000 -0.000000
vn 0.000000 1.000000 0.000000
vn 0.000000 1.000000 -0.000000
vn 0.000000 1.000000 -0.000000
vn 0.000000 1.000000 -0.000000
vn -0.000000 1.000000 -0.000000
vn 0.000000 1.000000 -0.000000
vn -0.000000 1.000000 0.000000
vn -0.000000 1.000000 0.000000
vn -0.000000 1.000000 0.000000
vn -0.000000 1.000000 -0.000000
vn -0.000000 1.000000 0.000000
vn 0.000000 1.000000 0.000000
vn 0.000000 1.000000 -0.000000
vn -0.000000 1.000000 -0.000000
vn -0.000000 1.000000 -0.000000
vn -0.000000 1.000000 -0.000000
vn 0.000000 1.000000 -0.000000
vn -0.000000 1.000000 -0.000000
vn -0.000000 1.000000 -0.000000
vn -0.000000 1.000000 -0.000000
vn 0.000000 1.000000 -0.000000
vn -0.000000 1.000000 -0.000000
vn -0.000000 1.000000 -0.000000
vn -0.000000 1.000000 -0.000000
vn -0.000000 1.000000 -0.000000
vn -0.000000 1.000000 -0.000000
vn -0.000000 1.000000 0.000000
vn -0.000000 1.000000 -0.000000
vn -0.000000 1.000000 0.000000
vn 0.000000 1.000000 0.000000
vn 0.000000 1.000000 -0.000000
vn -0.000000 1.000000 0.000000
vn -0.000000 1.000000 0.000000
vn 0.000000 1.000000 0.000000
vn 0.000000 1.000000 -0.000000
vn 0.000000 1.000000 0.000000
vn 0.000000 1.000000 -0.000000
vn 0.000000 1.000000 0.000000
vn -0.000000 1.000000 -0.000000
vn 0.000000 1.000000 -0.000000
vn 0.000000 1.000000 -0.000000
vn -0.000000 1.000000 -0.000000
vn -0.000000 1.000000 -0.000000
vn 0.000000 1.000000 0.000000
vn 0.000000 1.000000 -0.000000
vn 0.000000 1.000000 0.000000
vn 0.000000 1.000000 0.000000
vn 0.000000 1.000000 0.000000
vn -0.000000 1.000000 -0.000000
vn -0.000000 1.000000 0.000000
vn -0.000000 1.000000 -0.000000
vn -0.000000 1.000000 0.000000
vn 0.000000 1.000000 0.000000
vn -0.000000 1.000000 -0.000000
vn -0.000000 1.000000 -0.000000
vn -0.000000 1.000000 0.000000
vn -0.000000 1.000000 0.000000
vn 0.000000 1.000000 0.000000
vn 0.000000 1.000000 -0.000000
vn -0.000000 1.000000 -0.000000
vn -0.000000 1.000000 -0.000000
vn 0.000000 1.000000 -0.000000
vn -0.000000 1.000000 -0.000000
vn 0.000000 1.000000 0.000000
vn 0.000000 1.000000 -0.000000
vn 0.000000 1.000000 0.000000
vn -0.000000 1.000000 -0.000000
vn -0.000000 1.000000 0.000000
vn 0.000000 1.000000 0.000000
vn 0.000000 1.000000 -0.000000
vn 0.000000 1.000000 -0.000000
vn 0.000000 1.000000 0.000000
vn -0.000000 1.000000 0.000000
vn 0.000000 1.000000 0.000000
vn -0.000000 1.000000 0.000000
vn -0.000000 1.000000 -0.000000
vn 0.000000 1.000000 -0.000000
vn 0.000000 1.000000 -0.000000
vn 0.000000 1.000000 0.000000
vn -0.000000 1.000000 0.000000
vn 0.000000 1.000000 -0.000000
vn -0.000000 1.000000 -0.000000
vn -0.000000 1.000000 0.000000
vn 0.000000 1.000000 0.000000
vn -0.000000 1.000000 0.000000
vn 0.000000 1.000000 0.000000
vn 0.000000 1.000000 0.000000
vn 0.000000 1.000000 0.000000
vn 0.000000 1.000000 0.000000
vn 0.000000 1.000000 -0.000000
vn -0.000000 1.000000 -0.000000
vn 0.000000 1.000000 -0.000000
vn 0.000000 1.000000 -0.000000
vn 0.000000 1.000000 0.000000
vn -0.000000 1.000000 0.000000
vn 0.000000 1.000000 0.000000
vn -0.000000 1.000000 -0.000000
vn -0.000000 1.000000 -0.000000
vn -0.000000 1.000000 0.000000
vn -0.000000 1.000000 -0.000000
vn -0.000000 1.000000 0.000000
vn -0.000000 1.000000 0.000000
vn 0.000000 1.000000 0.000000
vn 0.000000 1.000000 -0.000000
vn 0.000000 1.000000 -0.000000
vn 0.000000 1.000000 0.000000
vn 0.000000 1.000000 0.000000
vn 0.000000 1.000000 0.000000
vn 0.000000 1.000000 0.000000
vn 0.000000 1.000000 0.000000
vn -0.000000 1.000000 -0.000000
vn -0.000000 1.000000 -0.000000
vn -0.000000 1.000000 -0.000000
vn -0.000000 1.000000 -0.000000
vn -0.000000 1.000000 0.000000
vn -0.000000 1.000000 0.000000
vn 0.000000 1.000000 0.000000
vn 0.000000 1.000000 0.000000
vn -0.000000 1.000000 -0.000000
vn 0.000000 1.000000 0.000000
vn -0.000000 1.000000 0.000000
vn -0.000000 1.000000 0.000000
vn 0.000000 1.000000 0.000000
vn -0.000000 1.000000 -0.000000
vn 0.000000 1.000000 -0.000000
vn 0.000000 1.000000 0.000000
vn 0.000000 1.000000 0.000000
vn -0.000000 1.000000 -0.000000
vn -0.000000 1.000000 0.000000
vn -0.000000 1.000000 0.000000
vn 0.000000 1.000000 0.000000
vn -0.000000 1.000000 0.000000
vn 0.000000 1.000000 -0.000000
vn 0.000000 1.000000 -0.000000
vn -0.000000 1.000000 -0.000000
vn 0.000000 1.000000 -0.000000
vn 0.000000 1.000000 -0.000000
vn 0.000000 1.000000 0.000000
vn -0.000000 1.000000 0.000000
vn -0.000000 1.000000 -0.000000
vn 0.000000 1.000000 -0.000000
vn 0.000000 1.000000 0.000000
vn 0.000000 1.000000 0.000000
vn 0.000000 1.000000 0.000000
vn -0.000000 1.000000 -0.000000
vn -0.000000 1.000000 0.000000
vn -0.000000 1.000000 0.000000
vn 0.000000 1.000000 0.000000
vn -0.000000 1.000000 -0.000000
vn -0.000000 1.000000 0.000000
vn 0.000000 1.000000 0.000000
vn -0.000000 1.000000 -0.000000
vn 0.000000 1.000000 0.000000
vn 0.000000 1.000000 0.000000
vn -0.000000 1.000000 0.000000
vn 0.000000 1.000000 0.000000
vn 0.000000 1.000000 0.000000
vn 0.000000 1.000000 0.000000
vn -0.000000 1.000000 0.000000
vn -0.000000 1.000000 0.000000
vn -0.000000 1.000000 -0.000000
vn 0.000000 1.000000 0.000000
vn -0.000000 1.000000 -0.000000
vn -0.000000 1.000000 -0.000000
vn -0.000000 1.000000 -0.000000
vn 0.000000 1.000000 -0.000000
vn 0.000000 1.000000 -0.000000
vn -0.000000 1.000000 -0.000000
vn -0.000000 1.000000 -0.000000
vn 0.000000 1.000000 0.000000
vn -0.000000 1.000000 -0.000000
vn -0.000000 1.000000 0.000000
vn 0.000000 1.000000 0.000000
vn 0.000000 1.000000 0.000000
vn -0.000000 1.000000 -0.000000
vn -0.000000 1.000000 -0.000000
vn -0.000000 1.000000 -0.000000
vn -0.000000 1.000000 0.000000
vn 0.000000 1.000000 0.000000
vn 0.000000 1.000000 -0.000000
vn -0.000000 1.000000 0.000000
vn 0.000000 1.000000 0.000000
vn 0.000000 1.000000 0.000000
vn -0.000000 1.000000 0.000000
vn 0.000000 1.000000 0.000000
vn -0.000000 1.000000 -0.000000
vn 0.000000 1.000000 -0.000000
vn 0.000000 1.000000 0.000000
vn -0.000000 1.000000 0.000000
vn -0.000000 1.000000 -0.000000
vn -0.000000 1.000000 -0.000000
vn 0.000000 1.000000 -0.000000
vn 0.000000 1.000000 -0.000000
vn 0.000000 1.000000 -0.000000
vn 0.000000 1.000000 -0.000000
vn 0.000000 1.000000 0.000000
vn -0.000000 1.000000 0.000000
vn 0.000000 1.000000 -0.000000
vn -0.000000 1.000000 0.000000
vn 0.000000 1.000000 0.000000
vn 0.000000 1.000000 0.000000
vn -0.000000 1.000000 0.000000
vn 0.000000 1.000000 0.000000
vn 0.000000 1.000000 0.000000
vn 0.000000 1.000000 0.000000
vn 0.000000 1.000000 0.000000
vn 0.000000 1.000000 0.000000
vn 0.000000 1.000000 0.000000
vn -0.000000 1.000000 0.000000
vn 0.000000 1.000000 -0.000000
vn 0.000000 1.000000 0.000000
vn 0.000000 1.000000 -0.000000
vn 0.000000 1.000000 -0.000000
vn 0.000000 1.000000 -0.000000
vn 0.000000 1.000000 -0.000000
vn 0.000000 1.000000 0.000000
vn 0.000000 1.000000 0.000000
vn 0.000000 1.000000 0.000000
vn 0.000000 1.000000 0.000000
vn 0.000000 1.000000 0.000000
vn 0.000000 1.000000 0.000000
vn 0.000000 1.000000 0.000000
vn 0.000000 1.000000 -0.000000
vn 0.000000 1.000000 -0.000000
vn 0.000000 1.000000 0.000000
vn 0.000000 1.000000 -0.000000
vn -0.000000 1.000000 -0.000000
vn -0.000000 1.000000 0.000000
vn -0.000000 1.000000 0.000000
vn -0.000000 1.000000 0.000000
vn -0.000000 1.000000 0.000000
vn -0.000000 1.000000 -0.000000
vn 0.000000 1.000000 -0.000000
vn 0.000000 1.000000 -0.000000
vn 0.000000 1.000000 -0.000000
vn -0.000000 1.000000 -0.000000
vn 0.000000 1.000000 0.000000
vn -0.000000 1.000000 -0.000000
vn -0.000000 1.000000 0.000000
vn -0.000000 1.000000 -0.000000
vn -0.000000 1.000000 -0.000000
vn -0.000000 1.000000 -0.000000
vn 0.000000 1.000000 0.000000
vn 0.000000 1.000000 0.000000
vn -0.000000 1.000000 0.000000
vn 0.000000 1.000000 -0.000000
vn -0.000000 1.000000 -0.000000
vn -0.000000 1.000000 -0.000000
vn 0.000000 1.000000 0.000000
vn 0.000000 1.000000 0.000000
vn 0.000000 1.000000 0.000000
vn 0.000000 1.000000 0.000000
vn 0.000000 1.000000 -0.000000
vn 0.000000 1.000000 -0.000000
vn 0.000000 1.000000 0.000000
vn 0.000000 1.000000 0.000000
vn 0.000000 1.000000 -0.000000
vn -0.000000 1.000000 -0.000000
vn -0.000000 1.000000 0.000000
vn -0.000000 1.000000 -0.000000
vn 0.000000 1.000000 0.000000
vn 0.000000 1.000000 -0.000000
vn 0.000000 1.000000 -0.000000
vn 0.000000 1.000000 0.000000
vn -0.000000 1.000000 -0.000000
vn -0.000000 1.000000 0.000000
vn 0.000000 1.000000 -0.000000
vn 0.000000 1.000000 -0.000000
vn -0.000000 1.000000 0.000000
vn 0.000000 1.000000 -0.000000
vn 0.000000 1.000000 -0.000000
vn 0.000000 1.000000 0.000000
vn -0.000000 1.000000 -0.000000
vn 0.000000 1.000000 -0.000000
vn -0.000000 1.000000 -0.000000
vn 0.000000 1.000000 -0.000000
vn -0.000000 1.000000 -0.000000
vn -0.000000 1.000000 -0.000000
vn -0.000000 1.000000 0.000000
vn -0.000000 1.000000 0.000000
vn 0.000000 1.000000 0.000000
vn 0.000000 1.000000 0.000000
vn -0.000000 1.000000 0.000000
vn -0.000000 1.000000 0.000000
vn -0.000000 1.000000 0.000000
vn -0.000000 1.000000 0.000000
vn 0.000000 1.000000 -0.000000
vn -0.000000 1.000000 -0.000000
vn -0.000000 1.000000 0.000000
vn -0.000000 1.000000 0.000000
vn -0.000000 1.000000 -0.000000
vn -0.000000 1.000000 0.000000
vn 0.000000 1.000000 -0.000000
vn -0.000000 1.000000 -0.000000
vn 0.000000 1.000000 0.000000
vn 0.000000 1.000000 -0.000000
vn 0.000000 1.000000 -0.000000
vn 0.000000 1.000000 0.000000
vn -0.000000 1.000000 -0.000000
vn -0.000000 1.000000 0.000000
vn -0.000000 1.000000 -0.000000
vn 0.000000 1.000000 0.000000
vn 0.000000 1.000000 -0.000000
vn -0.000000 1.000000 -0.000000
vn 0.000000 1.000000 0.000000
vn 0.000000 1.000000 0.000000
vn -0.000000 1.000000 0.000000
vn -0.000000 1.000000 -0.000000
vn -0.000000 1.000000 0.000000
vn -0.000000 1.000000 -0.000000
vn 0.000000 1.000000 0.000000
vn 0.000000 1.000000 0.000000
vn 0.000000 1.000000 0.000000
vn -0.000000 1.000000 -0.000000
vn -0.000000 1.000000 -0.000000
vn 0.000000 1.000000 -0.000000
vn -0.000000 1.000000 -0.000000
vn -0.000000 1.000000 0.000000
vn 0.000000 1.000000 -0.000000
vn 0.000000 1.000000 -0.000000
vn 0.000000 1.000000 0.000000
vn -0.000000 1.000000 -0.000000
vn -0.000000 1.000000 0.000000
vn 0.000000 1.000000 -0.000000
vn 0.000000 1.000000 -0.000000
vn -0.000000 1.000000 0.000000
vn 0.000000 1.000000 -0.000000
vn -0.000000 1.000000 0.000000
vn 0.000000 1.000000 -0.000000
vn -0.000000 1.000000 -0.000000
vn 0.000000 1.000000 0.000000
vn 0.000000 1.000000 0.000000
vn 0.000000 1.000000 0.000000
vn 0.000000 1.000000 0.000000
vn 0.000000 1.000000 0.000000
vn 0.000000 1.000000 -0.000000
vn 0.000000 1.000000 -0.000000
vn -0.000000 1.000000 -0.000000
vn 0.000000 1.000000 -0.000000
vn -0.000000 1.000000 -0.000000
vn 0.000000 1.000000 0.000000
vn 0.000000 1.000000 -0.000000
vn -0.000000 1.000000 0.000000
vn -0.000000 1.000000 -0.000000
vn -0.000000 1.000000 -0.000000
vn -0.000000 1.000000 -0.000000
vn 0.000000 1.000000 0.000000
vn 0.000000 1.000000 0.000000
vn -0.000000 1.000000 0.000000
vn -0.000000 1.000000 0.000000
vn -0.000000 1.000000 -0.000000
vn -0.000000 1.000000 0.000000
s 1
g WaterCover_MP WaterCover_MP
usemtl initialShadingGroup
f 2989/1/1 2988/2/2 419/3/3 1582/4/4
f 1582/4/4 419/3/3 273/5/5 421/6/6
f 1/7/7 2991/8/8 1056/9/9
f 2991/8/8 698/10/10 1057/11/11 1056/9/9
f 1056/9/9 1057/11/11 1583/12/12 1584/13/13
f 698/10/10 2990/14/14 1057/11/11
f 2990/14/14 181/15/15 2536/16/16 1057/11/11
f 1057/11/11 2536/16/16 420/17/17 1583/12/12
f 1583/12/12 420/17/17 2535/18/18 1058/19/19
f 1058/19/19 2535/18/18 273/5/5 419/3/3
f 1584/13/13 1583/12/12 1058/19/19 1059/20/20
f 1059/20/20 1058/19/19 419/3/3 2988/2/2
f 2/21/21 2995/22/22 2993/23/23
f 2993/23/23 2995/22/22 699/24/24
f 700/25/25 2994/26/26 2535/18/18 420/17/17
f 2994/26/26 421/6/6 273/5/5 2535/18/18
f 699/24/24 2995/22/22 2536/16/16 2992/27/27
f 2995/22/22 700/25/25 420/17/17 2536/16/16
f 2992/27/27 2536/16/16 181/15/15
f 3104/28/28 701/29/29 1585/30/30 1586/31/31
f 701/29/29 182/32/32 1587/33/33 1585/30/30
f 1585/30/30 1587/33/33 422/34/34 2537/35/35
f 1586/31/31 1585/30/30 2537/35/35 2538/36/36
f 182/32/32 2989/1/1 1582/4/4 1587/33/33
f 1587/33/33 1582/4/4 421/6/6 422/34/34
f 422/34/34 421/6/6 2994/26/26 1588/37/37
f 1588/37/37 2994/26/26 700/25/25 299/38/38
f 299/38/38 700/25/25 2995/22/22 1589/39/39
f 2995/22/22 2/21/21 2997/40/40
f 1589/39/39 2995/22/22 2997/40/40 702/41/41
f 1589/39/39 702/41/41 2996/42/42
f 1589/39/39 2996/42/42 183/43/43
f 2538/36/36 2537/35/35 1061/44/44 1060/45/45
f 1060/45/45 1061/44/44 1590/46/46 1591/47/47
f 2537/35/35 422/34/34 1588/37/37 1061/44/44
f 1061/44/44 1588/37/37 299/38/38 1590/46/46
f 1590/46/46 299/38/38 1589/39/39 1062/48/48
f 1062/48/48 1589/39/39 183/43/43 2998/49/49
f 1062/48/48 2998/49/49 703/50/50
f 1591/47/47 1590/46/46 1062/48/48 1063/51/51
f 1063/51/51 1062/48/48 703/50/50 2999/52/52
f 1063/51/51 2999/52/52 3/53/53
f 704/54/54 184/55/55 423/56/56 2539/57/57
f 3125/58/58 704/54/54 2539/57/57 2540/59/59
f 184/55/55 3000/60/60 426/61/61 423/56/56
f 423/56/56 426/61/61 1598/62/62 1592/63/63
f 1592/63/63 1598/62/62 2989/1/1 182/32/32
f 2540/59/59 2539/57/57 1593/64/64 1594/65/65
f 2539/57/57 423/56/56 1592/63/63 1593/64/64
f 1593/64/64 1592/63/63 182/32/32 701/29/29
f 1594/65/65 1593/64/64 701/29/29 3104/28/28
f 3000/60/60 3001/66/66 2541/67/67 426/61/61
f 3003/68/68 3012/69/69 3005/70/70
f 3003/68/68 3005/70/70 706/71/71
f 705/72/72 3003/68/68 2543/73/73 424/74/74
f 3003/68/68 706/71/71 3004/75/75 2543/73/73
f 2543/73/73 3004/75/75 185/76/76
f 3001/66/66 3002/77/77 2542/78/78 2541/67/67
f 3002/77/77 705/72/72 424/74/74 2542/78/78
f 2541/67/67 2542/78/78 1597/79/79 425/80/80
f 2542/78/78 424/74/74 1595/81/81 1597/79/79
f 424/74/74 2543/73/73 1596/82/82 1595/81/81
f 2543/73/73 185/76/76 3006/83/83 1596/82/82
f 1596/82/82 3006/83/83 707/84/84
f 1595/81/81 1596/82/82 1056/9/9 1584/13/13
f 1596/82/82 707/84/84 3007/85/85 1056/9/9
f 1056/9/9 3007/85/85 1/7/7
f 425/80/80 1597/79/79 1059/20/20 2988/2/2
f 1597/79/79 1595/81/81 1584/13/13 1059/20/20
f 426/61/61 2541/67/67 425/80/80 1598/62/62
f 1598/62/62 425/80/80 2988/2/2 2989/1/1
f 3008/86/86 1601/87/87 427/88/88 300/89/89
f 300/89/89 427/88/88 1600/90/90 1599/91/91
f 1599/91/91 1600/90/90 274/92/92 3009/93/93
f 3012/69/69 3003/68/68 1601/87/87
f 3003/68/68 705/72/72 427/88/88 1601/87/87
f 705/72/72 3002/77/77 1600/90/90 427/88/88
f 3002/77/77 3001/66/66 274/92/92 1600/90/90
f 3000/60/60 3009/93/93 274/92/92 3001/66/66
f 4/94/94 708/95/95 1602/96/96 1603/97/97
f 708/95/95 186/98/98 301/99/99 1602/96/96
f 1602/96/96 301/99/99 1604/100/100 1064/101/101
f 1064/101/101 1604/100/100 428/102/102 1605/103/103
f 1603/97/97 1602/96/96 1064/101/101 1065/104/104
f 1065/104/104 1064/101/101 1605/103/103 1606/105/105
f 186/98/98 3008/86/86 300/89/89 301/99/99
f 301/99/99 300/89/89 1599/91/91 1604/100/100
f 1604/100/100 1599/91/91 3009/93/93 428/102/102
f 428/102/102 3009/93/93 3000/60/60 184/55/55
f 1605/103/103 428/102/102 184/55/55 704/54/54
f 1606/105/105 1605/103/103 704/54/54 3125/58/58
f 1607/106/106 187/107/107 429/108/108 2544/109/109
f 3010/110/110 1607/106/106 2544/109/109 2545/111/111
f 187/107/107 1608/112/112 430/113/113 429/108/108
f 429/108/108 430/113/113 1614/114/114 1609/115/115
f 1609/115/115 1614/114/114 3008/86/86 186/98/98
f 2545/111/111 2544/109/109 1610/116/116 1611/117/117
f 2544/109/109 429/108/108 1609/115/115 1610/116/116
f 1610/116/116 1609/115/115 186/98/98 708/95/95
f 1611/117/117 1610/116/116 708/95/95 4/94/94
f 1608/112/112 1612/118/118 2546/119/119 430/113/113
f 1612/118/118 1629/120/120 2552/121/121 2546/119/119
f 2546/119/119 2552/121/121 3011/122/122 1613/123/123
f 1613/123/123 3011/122/122 3012/69/69 1601/87/87
f 430/113/113 2546/119/119 1613/123/123 1614/114/114
f 1614/114/114 1613/123/123 1601/87/87 3008/86/86
f 3013/124/124 709/125/125 1616/126/126 1615/127/127
f 1615/127/127 1616/126/126 2547/128/128 431/129/129
f 709/125/125 5/130/130 1628/131/131 1616/126/126
f 1616/126/126 1628/131/131 188/132/132 2547/128/128
f 2547/128/128 188/132/132 3014/133/133 1617/134/134
f 1617/134/134 3014/133/133 1629/120/120 1612/118/118
f 431/129/129 2547/128/128 1617/134/134 1618/135/135
f 1618/135/135 1617/134/134 1612/118/118 1608/112/112
f 3065/136/136 710/137/137 1619/138/138 1620/139/139
f 710/137/137 189/140/140 1621/141/141 1619/138/138
f 1619/138/138 1621/141/141 432/142/142 2548/143/143
f 1620/139/139 1619/138/138 2548/143/143 2549/144/144
f 189/140/140 3013/124/124 1615/127/127 1621/141/141
f 1621/141/141 1615/127/127 431/129/129 432/142/142
f 432/142/142 431/129/129 1618/135/135 1622/145/145
f 1622/145/145 1618/135/135 1608/112/112 187/107/107
f 2549/144/144 2548/143/143 1623/146/146 1624/147/147
f 2548/143/143 432/142/142 1622/145/145 1623/146/146
f 1623/146/146 1622/145/145 187/107/107 1607/106/106
f 1624/147/147 1623/146/146 1607/106/106 3010/110/110
f 3021/148/148 1630/149/149 1625/150/150 1626/151/151
f 1630/149/149 190/152/152 1627/153/153 1625/150/150
f 1625/150/150 1627/153/153 433/154/154 2550/155/155
f 1626/151/151 1625/150/150 2550/155/155 2551/156/156
f 1629/120/120 3014/133/133 1627/153/153 190/152/152
f 3014/133/133 188/132/132 433/154/154 1627/153/153
f 5/130/130 2551/156/156 2550/155/155 1628/131/131
f 1628/131/131 2550/155/155 433/154/154 188/132/132
f 1629/120/120 190/152/152 275/157/157 2552/121/121
f 3016/158/158 711/159/159 3021/148/148
f 711/159/159 3015/160/160 3021/148/148
f 3015/160/160 191/161/161 3021/148/148
f 3021/148/148 191/161/161 1631/162/162 1630/149/149
f 1630/149/149 1631/162/162 275/157/157 190/152/152
f 3012/69/69 3011/122/122 1631/162/162 191/161/161
f 3018/163/163 3012/69/69 191/161/161 712/164/164
f 3011/122/122 2552/121/121 275/157/157 1631/162/162
f 712/164/164 191/161/161 3017/165/165
f 7/166/166 713/167/167 434/168/168 2554/169/169
f 713/167/167 3019/170/170 2553/171/171 434/168/168
f 3019/170/170 6/172/172 192/173/173 2553/171/171
f 434/168/168 2553/171/171 1632/174/174 435/175/175
f 2553/171/171 192/173/173 3020/176/176 1632/174/174
f 1632/174/174 3020/176/176 3021/148/148 1626/151/151
f 435/175/175 1632/174/174 1626/151/151 2551/156/156
f 2554/169/169 434/168/168 435/175/175 1633/177/177
f 1633/177/177 435/175/175 2551/156/156 5/130/130
f 3023/178/178 714/179/179 2555/180/180 1634/181/181
f 3026/182/182 3023/178/178 1634/181/181
f 3022/183/183 193/184/184 714/179/179
f 714/179/179 193/184/184 2555/180/180
f 1634/181/181 2555/180/180 436/185/185 2556/186/186
f 3021/148/148 3020/176/176 2555/180/180 193/184/184
f 3025/187/187 3021/148/148 193/184/184 715/188/188
f 3020/176/176 192/173/173 436/185/185 2555/180/180
f 715/188/188 193/184/184 3024/189/189
f 6/172/172 2556/186/186 436/185/185 192/173/173
f 8/190/190 3027/191/191 1066/192/192 3033/193/193
f 3027/191/191 716/194/194 1635/195/195 1066/192/192
f 1066/192/192 1635/195/195 302/196/196 1636/197/197
f 3033/193/193 1066/192/192 1636/197/197 720/198/198
f 716/194/194 194/199/199 1635/195/195
f 1635/195/195 194/199/199 302/196/196
f 302/196/196 194/199/199 2557/200/200
f 720/198/198 1636/197/197 2559/201/201
f 1636/197/197 302/196/196 2557/200/200 2559/201/201
f 717/202/202 3028/203/203 3030/204/204
f 717/202/202 3030/204/204 3029/205/205 437/206/206
f 3030/204/204 718/207/207 3029/205/205
f 437/206/206 3029/205/205 195/208/208
f 194/199/199 717/202/202 437/206/206 2557/200/200
f 2557/200/200 437/206/206 1637/209/209 438/210/210
f 437/206/206 195/208/208 3031/211/211 1637/209/209
f 1637/209/209 3031/211/211 719/212/212
f 1637/209/209 719/212/212 3032/213/213 1638/214/214
f 1638/214/214 3032/213/213 3026/182/182 1634/181/181
f 438/210/210 1637/209/209 1638/214/214 2558/215/215
f 2558/215/215 1638/214/214 1634/181/181 2556/186/186
f 2559/201/201 2557/200/200 438/210/210 1639/216/216
f 1639/216/216 438/210/210 2558/215/215 1067/217/217
f 1067/217/217 2558/215/215 2556/186/186 6/172/172
f 9/218/218 3035/219/219 1068/220/220 3038/221/221
f 3035/219/219 721/222/222 1640/223/223 1068/220/220
f 1068/220/220 1640/223/223 303/224/224 1642/225/225
f 3038/221/221 1068/220/220 1642/225/225 723/226/226
f 721/222/222 3034/227/227 1069/228/228 1640/223/223
f 3034/227/227 196/229/229 2561/230/230 1069/228/228
f 1069/228/228 2561/230/230 439/231/231 1641/232/232
f 1640/223/223 1069/228/228 1641/232/232 303/224/224
f 303/224/224 1641/232/232 2560/233/233
f 1641/232/232 439/231/231 2560/233/233
f 723/226/226 1642/225/225 2564/234/234
f 1642/225/225 303/224/224 2560/233/233 2564/234/234
f 196/229/229 3036/235/235 1070/236/236 2561/230/230
f 3036/235/235 722/237/237 1643/238/238 1070/236/236
f 1070/236/236 1643/238/238 304/239/239 1645/240/240
f 2561/230/230 1070/236/236 1645/240/240 439/231/231
f 722/237/237 3037/241/241 1071/242/242 1643/238/238
f 3037/241/241 8/190/190 3033/193/193 1071/242/242
f 1071/242/242 3033/193/193 720/198/198 1644/243/243
f 1643/238/238 1071/242/242 1644/243/243 304/239/239
f 304/239/239 1644/243/243 2562/244/244
f 1644/243/243 720/198/198 2559/201/201 2562/244/244
f 439/231/231 1645/240/240 2562/244/244 2560/233/233
f 1645/240/240 304/239/239 2562/244/244
f 2560/233/233 2562/244/244 1646/245/245 440/246/246
f 2562/244/244 2559/201/201 1639/216/216 1646/245/245
f 1646/245/245 1639/216/216 1067/217/217 1072/247/247
f 1072/247/247 1067/217/217 6/172/172 3019/170/170
f 440/246/246 1646/245/245 1072/247/247 2563/248/248
f 2563/248/248 1072/247/247 3019/170/170 713/167/167
f 2564/234/234 2560/233/233 440/246/246 1647/249/249
f 1647/249/249 440/246/246 2563/248/248 1073/250/250
f 1073/250/250 2563/248/248 713/167/167 7/166/166
f 3040/251/251 3039/252/252 2565/253/253 441/254/254
f 3039/252/252 7/166/166 2554/169/169 2565/253/253
f 2565/253/253 2554/169/169 1633/177/177 1648/255/255
f 1648/255/255 1633/177/177 5/130/130 709/125/125
f 441/254/254 2565/253/253 1648/255/255 1649/256/256
f 1649/256/256 1648/255/255 709/125/125 3013/124/124
f 725/257/257 3041/258/258 2566/259/259
f 725/257/257 2566/259/259 2567/260/260 442/261/261
f 3041/258/258 3042/262/262 1074/263/263 2566/259/259
f 3042/262/262 724/264/264 1650/265/265 1074/263/263
f 1650/265/265 305/266/266 1074/263/263
f 1074/263/263 305/266/266 2566/259/259
f 724/264/264 3043/267/267 1075/268/268 1650/265/265
f 3043/267/267 9/218/218 3038/221/221 1075/268/268
f 1075/268/268 3038/221/221 723/226/226 1651/269/269
f 1650/265/265 1075/268/268 1651/269/269 305/266/266
f 305/266/266 1651/269/269 2567/260/260
f 1651/269/269 723/226/226 2564/234/234 2567/260/260
f 2566/259/259 305/266/266 2567/260/260
f 2567/260/260 2564/234/234 1647/249/249 1652/270/270
f 1652/270/270 1647/249/249 1073/250/250 1076/271/271
f 1076/271/271 1073/250/250 7/166/166 3039/252/252
f 442/261/261 2567/260/260 1652/270/270 1653/272/272
f 1653/272/272 1652/270/270 1076/271/271 1654/273/273
f 1654/273/273 1076/271/271 3039/252/252 3040/251/251
f 1655/274/274 197/275/275 443/276/276 2568/277/277
f 1656/278/278 1655/274/274 2568/277/277 2569/279/279
f 197/275/275 725/257/257 442/261/261 443/276/276
f 443/276/276 442/261/261 1653/272/272 1657/280/280
f 1657/280/280 1653/272/272 1654/273/273 1658/281/281
f 1658/281/281 1654/273/273 3040/251/251 726/282/282
f 2569/279/279 2568/277/277 1659/283/283 1660/284/284
f 2568/277/277 443/276/276 1657/280/280 1659/283/283
f 1659/283/283 1657/280/280 1658/281/281 1077/285/285
f 1077/285/285 1658/281/281 726/282/282 3044/286/286
f 1660/284/284 1659/283/283 1077/285/285 1078/287/287
f 1078/287/287 1077/285/285 3044/286/286 3069/288/288
f 2534/289/289 198/290/290 2570/291/291 1661/292/292
f 1661/292/292 2570/291/291 2571/293/293 446/294/294
f 198/290/290 2532/295/295 1662/296/296 2570/291/291
f 2532/295/295 2533/297/297 3046/298/298 1662/296/296
f 1662/296/296 3046/298/298 3045/299/299 444/300/300
f 2570/291/291 1662/296/296 444/300/300 2571/293/293
f 2571/293/293 444/300/300 1079/301/301
f 444/300/300 1663/302/302 1079/301/301
f 1079/301/301 1663/302/302 306/303/303 1666/304/304
f 2571/293/293 1079/301/301 1666/304/304 445/305/305
f 444/300/300 3045/299/299 1080/306/306 1663/302/302
f 3045/299/299 3047/307/307 1080/306/306
f 1080/306/306 3047/307/307 727/308/308 1664/309/309
f 1663/302/302 1080/306/306 1664/309/309 306/303/303
f 306/303/303 1664/309/309 1081/310/310 1665/311/311
f 1664/309/309 727/308/308 3048/312/312 1081/310/310
f 1081/310/310 3048/312/312 10/313/313 3050/314/314
f 1665/311/311 1081/310/310 3050/314/314 728/315/315
f 445/305/305 1666/304/304 1082/316/316 2572/317/317
f 1666/304/304 306/303/303 1665/311/311 1082/316/316
f 1082/316/316 1665/311/311 728/315/315 3049/318/318
f 2572/317/317 1082/316/316 3049/318/318 199/319/319
f 446/294/294 1668/320/320 3053/321/321
f 2571/293/293 445/305/305 1667/322/322
f 446/294/294 2571/293/293 1667/322/322 1668/320/320
f 1668/320/320 1667/322/322 1083/323/323
f 1667/322/322 445/305/305 2572/317/317 1083/323/323
f 1083/323/323 2572/317/317 199/319/319 3051/324/324
f 1668/320/320 1083/323/323 3051/324/324 729/325/325
f 3053/321/321 1668/320/320 1084/326/326
f 1084/326/326 1668/320/320 729/325/325 3052/327/327
f 3053/321/321 1084/326/326 3052/327/327 12/328/328
f 1669/329/329 200/330/330 2573/331/331 2575/332/332
f 2534/289/289 1669/329/329 2575/332/332 2576/333/333
f 1670/334/334 11/335/335 201/336/336 2574/337/337
f 200/330/330 1670/334/334 2574/337/337 2573/331/331
f 2573/331/331 2574/337/337 1671/338/338 1672/339/339
f 2574/337/337 201/336/336 3054/340/340 1671/338/338
f 1671/338/338 3054/340/340 3062/341/341 3056/342/342
f 1672/339/339 1671/338/338 3056/342/342 3055/343/343
f 2576/333/333 2575/332/332 1673/344/344 1674/345/345
f 2575/332/332 2573/331/331 1672/339/339 1673/344/344
f 1673/344/344 1672/339/339 3055/343/343 3057/346/346
f 1674/345/345 1673/344/344 3057/346/346 3058/347/347
f 3059/348/348 730/349/349 1675/350/350 1676/351/351
f 730/349/349 202/352/352 2578/353/353 1675/350/350
f 1675/350/350 2578/353/353 2577/354/354 2580/355/355
f 1676/351/351 1675/350/350 2580/355/355 2581/356/356
f 11/335/335 1670/334/334 1677/357/357 731/358/358
f 1670/334/334 200/330/330 2579/359/359 1677/357/357
f 1677/357/357 2579/359/359 2577/354/354 2578/353/353
f 731/358/358 1677/357/357 2578/353/353 202/352/352
f 2534/289/289 3060/360/360 1678/361/361 1669/329/329
f 3060/360/360 2581/356/356 2580/355/355 1678/361/361
f 1678/361/361 2580/355/355 2577/354/354 2579/359/359
f 1669/329/329 1678/361/361 2579/359/359 200/330/330
f 1679/362/362 203/363/363 447/364/364 2583/365/365
f 3061/366/366 1679/362/362 2583/365/365 2584/367/367
f 1680/368/368 13/369/369 2585/370/370 2582/371/371
f 203/363/363 1680/368/368 2582/371/371 447/364/364
f 2582/371/371 2585/370/370 11/335/335 731/358/358
f 447/364/364 2582/371/371 731/358/358 202/352/352
f 2583/365/365 447/364/364 202/352/352 730/349/349
f 2584/367/367 2583/365/365 730/349/349 3059/348/348
f 13/369/369 204/372/372 449/373/373 2585/370/370
f 1681/374/374 3128/375/375 205/376/376 448/377/377
f 204/372/372 1681/374/374 448/377/377 449/373/373
f 448/377/377 205/376/376 3062/341/341 3054/340/340
f 449/373/373 448/377/377 3054/340/340 201/336/336
f 2585/370/370 449/373/373 201/336/336 11/335/335
f 3010/110/110 2545/111/111 450/378/378 1682/379/379
f 1682/379/379 450/378/378 2586/380/380 1684/381/381
f 2545/111/111 1611/117/117 1683/382/382 450/378/378
f 1611/117/117 4/94/94 732/383/383 1683/382/382
f 1683/382/382 732/383/383 206/384/384 451/385/385
f 450/378/378 1683/382/382 451/385/385 2586/380/380
f 451/385/385 206/384/384 3128/375/375 1681/374/374
f 2586/380/380 451/385/385 1681/374/374 204/372/372
f 1684/381/381 2586/380/380 204/372/372 13/369/369
f 3061/366/366 3063/386/386 452/387/387 1679/362/362
f 1679/362/362 452/387/387 276/388/388 203/363/363
f 3063/386/386 3064/389/389 1685/390/390 452/387/387
f 3064/389/389 3065/136/136 1620/139/139 1685/390/390
f 1685/390/390 1620/139/139 2549/144/144 453/391/391
f 452/387/387 1685/390/390 453/391/391 276/388/388
f 276/388/388 453/391/391 1686/392/392 2587/393/393
f 453/391/391 2549/144/144 1624/147/147 1686/392/392
f 1686/392/392 1624/147/147 3010/110/110 1682/379/379
f 2587/393/393 1686/392/392 1682/379/379 1684/381/381
f 203/363/363 276/388/388 2587/393/393 1680/368/368
f 1680/368/368 2587/393/393 1684/381/381 13/369/369
f 3066/394/394 1687/395/395 277/396/396 2588/397/397
f 3061/366/366 2584/367/367 454/398/398 1688/399/399
f 1688/399/399 454/398/398 277/396/396 1687/395/395
f 3059/348/348 733/400/400 454/398/398 2584/367/367
f 733/400/400 2588/397/397 277/396/396 454/398/398
f 3066/394/394 3067/401/401 455/402/402 1687/395/395
f 3067/401/401 3068/403/403 456/404/404 455/402/402
f 3068/403/403 3069/288/288 2913/405/405 456/404/404
f 455/402/402 456/404/404 1689/406/406 457/407/407
f 456/404/404 2913/405/405 2401/408/408 1689/406/406
f 1689/406/406 2401/408/408 3065/136/136 3064/389/389
f 457/407/407 1689/406/406 3064/389/389 3063/386/386
f 1687/395/395 455/402/402 457/407/407 1688/399/399
f 1688/399/399 457/407/407 3063/386/386 3061/366/366
f 1692/409/409 3070/410/410 2589/411/411 207/412/412
f 3071/413/413 1656/278/278 2569/279/279 458/414/414
f 3070/410/410 3071/413/413 458/414/414 2589/411/411
f 2589/411/411 458/414/414 1690/415/415 459/416/416
f 458/414/414 2569/279/279 1660/284/284 1690/415/415
f 1690/415/415 1660/284/284 1078/287/287 1691/417/417
f 1691/417/417 1078/287/287 3069/288/288 3068/403/403
f 459/416/416 1690/415/415 1691/417/417 2590/418/418
f 2590/418/418 1691/417/417 3068/403/403 3067/401/401
f 207/412/412 2589/411/411 459/416/416 1694/419/419
f 1694/419/419 459/416/416 2590/418/418 1693/420/420
f 1693/420/420 2590/418/418 3067/401/401 3066/394/394
f 1692/409/409 207/412/412 278/421/421 462/422/422
f 1693/420/420 3066/394/394 2588/397/397 2591/423/423
f 1694/419/419 1693/420/420 2591/423/423 460/424/424
f 207/412/412 1694/419/419 460/424/424 278/421/421
f 278/421/421 460/424/424 1695/425/425 461/426/426
f 460/424/424 2591/423/423 1696/427/427 1695/425/425
f 2591/423/423 2588/397/397 733/400/400 1696/427/427
f 1695/425/425 1696/427/427 3072/428/428 734/429/429
f 1696/427/427 733/400/400 3059/348/348 3072/428/428
f 461/426/426 1695/425/425 734/429/429 208/430/430
f 462/422/422 278/421/421 461/426/426 1697/431/431
f 1697/431/431 461/426/426 208/430/430 735/432/432
f 15/433/433 3074/434/434 1700/435/435 212/436/436
f 3074/434/434 736/437/437 1698/438/438 1700/435/435
f 1700/435/435 1698/438/438 307/439/439
f 736/437/437 3073/440/440 1085/441/441 1698/438/438
f 3073/440/440 209/442/442 2593/443/443 1085/441/441
f 1085/441/441 2593/443/443 463/444/444 1699/445/445
f 1698/438/438 1085/441/441 1699/445/445 307/439/439
f 307/439/439 1699/445/445 1086/446/446 466/447/447
f 1699/445/445 463/444/444 2592/448/448 1086/446/446
f 1086/446/446 2592/448/448 279/449/449 2598/450/450
f 466/447/447 1086/446/446 2598/450/450
f 212/436/436 1700/435/435 466/447/447
f 1700/435/435 307/439/439 466/447/447
f 209/442/442 3075/451/451 1087/452/452 2593/443/443
f 3075/451/451 737/453/453 1701/454/454 1087/452/452
f 1087/452/452 1701/454/454 308/455/455 1704/456/456
f 2593/443/443 1087/452/452 1704/456/456 463/444/444
f 737/453/453 3076/457/457 1088/458/458 1701/454/454
f 3076/457/457 14/459/459 3078/460/460 1088/458/458
f 1088/458/458 3078/460/460 738/461/461 1702/462/462
f 1701/454/454 1088/458/458 1702/462/462 308/455/455
f 308/455/455 1702/462/462 1089/463/463 1703/464/464
f 1702/462/462 738/461/461 3077/465/465 1089/463/463
f 1089/463/463 3077/465/465 210/466/466 2595/467/467
f 2595/467/467 3738/468/468 1089/463/463
f 3738/468/468 3739/469/469 1089/463/463
f 3739/469/469 3740/470/470 1089/463/463
f 1089/463/463 3740/470/470 1703/464/464
f 3740/470/470 3741/471/471 1703/464/464
f 1703/464/464 3741/471/471 464/472/472
f 463/444/444 1704/456/456 1090/473/473 2592/448/448
f 1704/456/456 308/455/455 1703/464/464 1090/473/473
f 2594/474/474 1090/473/473 3745/475/475
f 3745/475/475 1090/473/473 3744/476/476
f 3744/476/476 1090/473/473 3743/477/477
f 1090/473/473 1703/464/464 3743/477/477
f 3743/477/477 1703/464/464 3742/478/478
f 1703/464/464 464/472/472 3742/478/478
f 2592/448/448 1090/473/473 2594/474/474 279/449/449
f 279/449/449 2594/474/474 2596/479/479
f 2594/474/474 3746/480/480 2596/479/479
f 1091/481/481 2596/479/479 3749/482/482
f 3746/480/480 3747/483/483 2596/479/479
f 3749/482/482 2596/479/479 3748/484/484
f 3747/483/483 3748/484/484 2596/479/479
f 1091/481/481 3753/485/485 1708/486/486
f 3753/485/485 3752/487/487 1708/486/486
f 3752/487/487 3751/488/488 1708/486/486
f 309/489/489 1708/486/486 1705/490/490
f 1705/490/490 1708/486/486 3750/491/491
f 3751/488/488 3750/491/491 1708/486/486
f 2596/479/479 1091/481/481 1708/486/486 465/492/492
f 3079/493/493 1092/494/494 210/466/466
f 1092/494/494 3757/495/495 210/466/466
f 3757/495/495 3756/496/496 210/466/466
f 3756/496/496 3755/497/497 210/466/466
f 3755/497/497 3754/498/498 210/466/466
f 2595/467/467 210/466/466 3754/498/498
f 1092/494/494 3079/493/493 739/499/499 1706/500/500
f 1092/494/494 1706/500/500 3758/501/501
f 3758/501/501 1706/500/500 3759/502/502
f 3759/502/502 1706/500/500 3760/503/503
f 3760/503/503 1706/500/500 3761/504/504
f 1705/490/490 3761/504/504 309/489/489
f 3761/504/504 1706/500/500 309/489/489
f 309/489/489 1706/500/500 1093/505/505 1707/506/506
f 1706/500/500 739/499/499 3080/507/507 1093/505/505
f 1093/505/505 3080/507/507 3059/348/348 3082/508/508
f 1707/506/506 1093/505/505 3082/508/508 740/509/509
f 465/492/492 1708/486/486 1094/510/510 2597/511/511
f 1708/486/486 309/489/489 1707/506/506 1094/510/510
f 1094/510/510 1707/506/506 740/509/509 3081/512/512
f 2597/511/511 1094/510/510 3081/512/512 211/513/513
f 212/436/436 466/447/447 1095/514/514 3084/515/515
f 466/447/447 1709/516/516 1095/514/514
f 1095/514/514 1709/516/516 310/517/517 1712/518/518
f 3084/515/515 1095/514/514 1712/518/518 742/519/519
f 466/447/447 2598/450/450 1096/520/520 1709/516/516
f 2598/450/450 279/449/449 2596/479/479 1096/520/520
f 1096/520/520 2596/479/479 465/492/492 1710/521/521
f 1709/516/516 1096/520/520 1710/521/521 310/517/517
f 310/517/517 1710/521/521 1097/522/522 1711/523/523
f 1710/521/521 465/492/492 2597/511/511 1097/522/522
f 1097/522/522 2597/511/511 211/513/513 741/524/524
f 1711/523/523 1097/522/522 741/524/524
f 742/519/519 1712/518/518 1098/525/525 3085/526/526
f 1712/518/518 310/517/517 1711/523/523 1098/525/525
f 1098/525/525 1711/523/523 741/524/524 3083/527/527
f 3085/526/526 1098/525/525 3083/527/527 12/328/328
f 16/528/528 3087/529/529 1713/530/530 3093/531/531
f 3087/529/529 743/532/532 1713/530/530
f 1713/530/530 311/533/533 1716/534/534
f 3093/531/531 1713/530/530 1716/534/534 746/535/535
f 743/532/532 3086/536/536 1099/537/537 1713/530/530
f 3086/536/536 213/538/538 2600/539/539 1099/537/537
f 2600/539/539 3762/540/540 1099/537/537
f 467/541/541 1714/542/542 3766/543/543
f 3766/543/543 1714/542/542 3765/544/544
f 3765/544/544 1714/542/542 3764/545/545
f 1099/537/537 3762/540/540 1714/542/542
f 3762/540/540 3763/546/546 1714/542/542
f 3763/546/546 3764/545/545 1714/542/542
f 1713/530/530 1099/537/537 1714/542/542 311/533/533
f 311/533/533 1714/542/542 1100/547/547 1715/548/548
f 1714/542/542 467/541/541 2599/549/549 1100/547/547
f 1100/547/547 2599/549/549 280/550/550 2603/551/551
f 1715/548/548 1100/547/547 2603/551/551 470/552/552
f 746/535/535 1716/534/534 1101/553/553 3092/554/554
f 1716/534/534 311/533/533 1715/548/548 1101/553/553
f 1101/553/553 1715/548/548 470/552/552 2604/555/555
f 3092/554/554 1101/553/553 2604/555/555 214/556/556
f 1102/557/557 3767/558/558 3088/559/559
f 3767/558/558 3768/560/560 3088/559/559
f 3768/560/560 3769/561/561 3088/559/559
f 3088/559/559 3769/561/561 213/538/538
f 3769/561/561 3770/562/562 213/538/538
f 3770/562/562 3771/563/563 213/538/538
f 213/538/538 3771/563/563 2600/539/539
f 3088/559/559 744/564/564 1717/565/565 1102/557/557
f 1719/566/566 3772/567/567 312/568/568
f 3772/567/567 3773/569/569 312/568/568
f 1102/557/557 1717/565/565 3776/570/570
f 312/568/568 3773/569/569 1717/565/565
f 3773/569/569 3774/571/571 1717/565/565
f 3774/571/571 3775/572/572 1717/565/565
f 1717/565/565 3775/572/572 3776/570/570
f 744/564/564 3089/573/573 1718/574/574 1717/565/565
f 3089/573/573 735/432/432 1718/574/574
f 1717/565/565 1718/574/574 312/568/568
f 312/568/568 1718/574/574 2601/575/575 468/576/576
f 1718/574/574 735/432/432 208/430/430 2601/575/575
f 467/541/541 3781/577/577 2599/549/549
f 1103/578/578 2599/549/549 1719/566/566
f 1719/566/566 2599/549/549 3777/579/579
f 3777/579/579 2599/549/549 3778/580/580
f 3778/580/580 2599/549/549 3779/581/581
f 3781/577/577 3780/582/582 2599/549/549
f 3780/582/582 3779/581/581 2599/549/549
f 1719/566/566 312/568/568 468/576/576 1103/578/578
f 2599/549/549 1103/578/578 280/550/550
f 280/550/550 1103/578/578 468/576/576
f 280/550/550 468/576/576 1720/583/583 469/584/584
f 469/584/584 1720/583/583 1723/585/585
f 468/576/576 2601/575/575 1721/586/586 1720/583/583
f 2601/575/575 208/430/430 734/429/429 1721/586/586
f 1720/583/583 1721/586/586 1104/587/587 1722/588/588
f 1721/586/586 734/429/429 3072/428/428 1104/587/587
f 1104/587/587 3072/428/428 3059/348/348 3080/507/507
f 1722/588/588 1104/587/587 3080/507/507 739/499/499
f 469/584/584 1723/585/585 1105/589/589 2602/590/590
f 1723/585/585 1720/583/583 1722/588/588 1105/589/589
f 1105/589/589 1722/588/588 739/499/499 3079/493/493
f 2602/590/590 1105/589/589 3079/493/493 210/466/466
f 214/556/556 2604/555/555 1106/591/591 3090/592/592
f 2604/555/555 470/552/552 1724/593/593 1106/591/591
f 1106/591/591 1724/593/593 1725/594/594
f 3090/592/592 1106/591/591 1725/594/594 745/595/595
f 470/552/552 2603/551/551 1724/593/593
f 2603/551/551 280/550/550 469/584/584 1724/593/593
f 1724/593/593 469/584/584 2602/590/590
f 1724/593/593 2602/590/590 210/466/466 3077/465/465
f 1724/593/593 3077/465/465 738/461/461
f 745/595/595 1725/594/594 1107/596/596 3091/597/597
f 1725/594/594 1724/593/593 1107/596/596
f 1107/596/596 1724/593/593 738/461/461 3078/460/460
f 3091/597/597 1107/596/596 3078/460/460 14/459/459
f 1726/598/598 215/599/599 2608/600/600
f 1726/598/598 2608/600/600 472/601/601
f 1726/598/598 472/601/601 2607/602/602
f 2605/603/603 1726/598/598 281/604/604
f 1726/598/598 2607/602/602 281/604/604
f 1726/598/598 2605/603/603 471/605/605
f 17/606/606 1726/598/598 471/605/605 2606/607/607
f 17/606/606 2606/607/607 18/608/608
f 17/606/606 747/609/609 1727/610/610 1726/598/598
f 1727/610/610 217/611/611 2611/612/612
f 1727/610/610 2611/612/612 474/613/613
f 1726/598/598 1727/610/610 474/613/613 2612/614/614
f 1726/598/598 2612/614/614 215/599/599
f 747/609/609 752/615/615 1736/616/616 1727/610/610
f 1736/616/616 216/617/617 2610/618/618
f 1736/616/616 2610/618/618 473/619/619
f 1727/610/610 1736/616/616 473/619/619 2609/620/620
f 1727/610/610 2609/620/620 217/611/611
f 20/621/621 3095/622/622 1108/623/623 3099/624/624
f 3095/622/622 748/625/625 1728/626/626 1108/623/623
f 1108/623/623 1728/626/626 1732/627/627 1729/628/628
f 3099/624/624 1108/623/623 1729/628/628
f 748/625/625 3094/629/629 1109/630/630 1728/626/626
f 3094/629/629 218/631/631 2613/632/632 1109/630/630
f 1109/630/630 2613/632/632 1732/627/627
f 1728/626/626 1109/630/630 1732/627/627
f 1729/628/628 1732/627/627 1113/633/633 1110/634/634
f 1110/634/634 1113/633/633 2614/635/635 2615/636/636
f 218/631/631 3096/637/637 1111/638/638 2613/632/632
f 3096/637/637 749/639/639 1730/640/640 1111/638/638
f 1111/638/638 1730/640/640 313/641/641 1732/627/627
f 2613/632/632 1111/638/638 1732/627/627
f 749/639/639 3097/642/642 1112/643/643 1730/640/640
f 3097/642/642 19/644/644 3098/645/645 1112/643/643
f 1112/643/643 3098/645/645 750/646/646 1731/647/647
f 1730/640/640 1112/643/643 1731/647/647 313/641/641
f 313/641/641 1731/647/647 1121/648/648
f 1731/647/647 750/646/646 1121/648/648
f 1732/627/627 313/641/641 1121/648/648 1113/633/633
f 1113/633/633 1121/648/648 2626/649/649 2614/635/635
f 2614/635/635 2626/649/649 1122/650/650 1114/651/651
f 1114/651/651 1122/650/650 1742/652/652 1733/653/653
f 1733/653/653 1742/652/652 752/615/615 747/609/609
f 2615/636/636 2614/635/635 1114/651/651 1115/654/654
f 1115/654/654 1114/651/651 1733/653/653 1734/655/655
f 1734/655/655 1733/653/653 747/609/609 17/606/606
f 21/656/656 219/657/657 2617/658/658 1116/659/659
f 1116/659/659 2617/658/658 475/660/660
f 219/657/657 3100/661/661 1117/662/662 2617/658/658
f 3100/661/661 751/663/663 1735/664/664 1117/662/662
f 1117/662/662 1735/664/664 1729/628/628
f 2617/658/658 1117/662/662 1729/628/628 475/660/660
f 751/663/663 3101/665/665 1118/666/666 1735/664/664
f 3101/665/665 20/621/621 3099/624/624 1118/666/666
f 1118/666/666 3099/624/624 1729/628/628
f 1735/664/664 1118/666/666 1729/628/628
f 475/660/660 1729/628/628 1110/634/634 2616/667/667
f 2616/667/667 1110/634/634 2615/636/636 282/668/668
f 282/668/668 2615/636/636 1115/654/654 2618/669/669
f 2618/669/669 1115/654/654 1734/655/655 476/670/670
f 476/670/670 1734/655/655 17/606/606 2619/671/671
f 2619/671/671 17/606/606 18/608/608
f 752/615/615 220/672/672 2621/673/673
f 752/615/615 2621/673/673 477/674/674 1736/616/616
f 1736/616/616 477/674/674 2620/675/675
f 2620/675/675 221/676/676 1736/616/616
f 1736/616/616 221/676/676 2622/677/677
f 1736/616/616 2622/677/677 478/678/678
f 1736/616/616 478/678/678 2623/679/679
f 1736/616/616 2623/679/679 216/617/617
f 3118/680/680 3102/681/681 479/682/682 3111/683/683
f 3111/683/683 479/682/682 283/684/684 223/685/685
f 3102/681/681 3103/686/686 1737/687/687 479/682/682
f 3103/686/686 3104/28/28 1586/31/31 1737/687/687
f 1737/687/687 1586/31/31 2538/36/36 480/688/688
f 479/682/682 1737/687/687 480/688/688 283/684/684
f 283/684/684 480/688/688 1738/689/689 2624/690/690
f 2624/690/690 1738/689/689 314/691/691 481/692/692
f 480/688/688 2538/36/36 1060/45/45 1738/689/689
f 1738/689/689 1060/45/45 1591/47/47 314/691/691
f 314/691/691 1591/47/47 1063/51/51 1739/693/693
f 1063/51/51 3/53/53 3106/694/694
f 1739/693/693 1063/51/51 3106/694/694 753/695/695
f 481/692/692 314/691/691 1739/693/693 2625/696/696
f 1739/693/693 753/695/695 3105/697/697
f 2625/696/696 1739/693/693 3105/697/697 222/698/698
f 223/685/685 283/684/684 2624/690/690 3109/699/699
f 3109/699/699 2624/690/690 481/692/692 755/700/700
f 2625/696/696 222/698/698 3107/701/701
f 2625/696/696 3107/701/701 754/702/702
f 755/700/700 481/692/692 2625/696/696 3110/703/703
f 2625/696/696 754/702/702 3108/704/704
f 3110/703/703 2625/696/696 3108/704/704 220/672/672
f 19/644/644 3112/705/705 1119/706/706 3098/645/645
f 3112/705/705 756/707/707 1120/708/708 1119/706/706
f 1119/706/706 1120/708/708 1740/709/709 1741/710/710
f 3098/645/645 1119/706/706 1741/710/710 750/646/646
f 756/707/707 3118/680/680 1120/708/708
f 1120/708/708 3118/680/680 3111/683/683 1740/709/709
f 1740/709/709 3111/683/683 1121/648/648
f 1121/648/648 3111/683/683 223/685/685 2626/649/649
f 750/646/646 1741/710/710 1121/648/648
f 1741/710/710 1740/709/709 1121/648/648
f 2626/649/649 223/685/685 3109/699/699 1122/650/650
f 1122/650/650 3109/699/699 755/700/700 1742/652/652
f 1742/652/652 755/700/700 3110/703/703 752/615/615
f 752/615/615 3110/703/703 220/672/672
f 22/711/711 3114/712/712 1123/713/713 3122/714/714
f 3114/712/712 757/715/715 1743/716/716 1123/713/713
f 1123/713/713 1743/716/716 315/717/717 1746/718/718
f 3122/714/714 1123/713/713 1746/718/718 759/719/719
f 757/715/715 3113/720/720 1124/721/721 1743/716/716
f 3113/720/720 224/722/722 3115/723/723 1124/721/721
f 1124/721/721 3115/723/723 1744/724/724
f 1743/716/716 1124/721/721 1744/724/724 315/717/717
f 315/717/717 1744/724/724 1125/725/725 1745/726/726
f 1744/724/724 3115/723/723 3116/727/727 1125/725/725
f 1125/725/725 3116/727/727 2627/728/728
f 1745/726/726 1125/725/725 2627/728/728 482/729/729
f 759/719/719 1746/718/718 1126/730/730 3121/731/731
f 1746/718/718 315/717/717 1745/726/726 1126/730/730
f 1126/730/730 1745/726/726 482/729/729 2628/732/732
f 3121/731/731 1126/730/730 2628/732/732 225/733/733
f 225/733/733 2628/732/732 1127/734/734 3119/735/735
f 2628/732/732 482/729/729 1128/736/736 1127/734/734
f 1127/734/734 1128/736/736 1747/737/737 1748/738/738
f 3119/735/735 1127/734/734 1748/738/738 758/739/739
f 482/729/729 2627/728/728 1128/736/736
f 2627/728/728 3116/727/727 3117/740/740 1128/736/736
f 1128/736/736 3117/740/740 1747/737/737
f 1747/737/737 3117/740/740 3118/680/680 1129/741/741
f 1129/741/741 3118/680/680 756/707/707
f 758/739/739 1748/738/738 1130/742/742 3120/743/743
f 1748/738/738 1747/737/737 1129/741/741 1130/742/742
f 1130/742/742 1129/741/741 756/707/707 3112/705/705
f 3120/743/743 1130/742/742 3112/705/705 19/644/644
f 3115/723/723 3123/744/744 2629/745/745 3116/727/727
f 3124/746/746 3125/58/58 2540/59/59 483/747/747
f 3123/744/744 3124/746/746 483/747/747 2629/745/745
f 2629/745/745 483/747/747 1749/748/748 484/749/749
f 483/747/747 2540/59/59 1594/65/65 1749/748/748
f 1749/748/748 1594/65/65 3104/28/28 3103/686/686
f 484/749/749 1749/748/748 3103/686/686 3102/681/681
f 3116/727/727 2629/745/745 484/749/749 3117/740/740
f 3117/740/740 484/749/749 3102/681/681 3118/680/680
f 3128/375/375 206/384/384 485/750/750 760/751/751
f 760/751/751 485/750/750 2630/752/752 3127/753/753
f 3127/753/753 2630/752/752 2631/754/754 3126/755/755
f 206/384/384 732/383/383 316/756/756 485/750/750
f 732/383/383 4/94/94 1603/97/97 316/756/756
f 316/756/756 1603/97/97 1065/104/104 1750/757/757
f 1750/757/757 1065/104/104 1606/105/105 486/758/758
f 485/750/750 316/756/756 1750/757/757 2630/752/752
f 2630/752/752 1750/757/757 486/758/758 2631/754/754
f 486/758/758 1606/105/105 3125/58/58 3124/746/746
f 2631/754/754 486/758/758 3124/746/746 3123/744/744
f 3126/755/755 2631/754/754 3123/744/744 3115/723/723
f 3062/341/341 205/376/376 487/759/759 1751/760/760
f 1751/760/760 487/759/759 2632/761/761 1131/762/762
f 1131/762/762 2632/761/761 488/763/763 761/764/764
f 205/376/376 3128/375/375 760/751/751 487/759/759
f 487/759/759 760/751/751 3127/753/753 2632/761/761
f 2632/761/761 3127/753/753 3126/755/755 488/763/763
f 488/763/763 3126/755/755 2633/765/765
f 2633/765/765 3126/755/755 3115/723/723 224/722/722
f 488/763/763 317/766/766 761/764/764
f 761/764/764 317/766/766 1754/767/767
f 488/763/763 1752/768/768 317/766/766
f 317/766/766 1752/768/768 1132/769/769 1753/770/770
f 1752/768/768 488/763/763 2633/765/765 1132/769/769
f 1132/769/769 2633/765/765 224/722/722 3113/720/720
f 1753/770/770 1132/769/769 3113/720/720 757/715/715
f 761/764/764 1754/767/767 1133/771/771 3129/772/772
f 1754/767/767 317/766/766 1753/770/770 1133/771/771
f 1133/771/771 1753/770/770 757/715/715 3114/712/712
f 3129/772/772 1133/771/771 3114/712/712 22/711/711
f 24/773/773 226/774/774 2634/775/775 2637/776/776
f 226/774/774 762/777/777 1755/778/778
f 226/774/774 1755/778/778 318/779/779 2634/775/775
f 762/777/777 3130/780/780 1134/781/781 1755/778/778
f 3130/780/780 23/782/782 3132/783/783 1134/781/781
f 1134/781/781 3132/783/783 763/784/784 1756/785/785
f 1755/778/778 1134/781/781 1756/785/785 318/779/779
f 318/779/779 1756/785/785 1135/786/786 1757/787/787
f 1756/785/785 763/784/784 3131/788/788 1135/786/786
f 1135/786/786 3131/788/788 227/789/789 2635/790/790
f 1757/787/787 1135/786/786 2635/790/790 489/791/791
f 2634/775/775 318/779/779 1757/787/787
f 2634/775/775 1757/787/787 489/791/791
f 2634/775/775 489/791/791 1758/792/792 1136/793/793
f 1136/793/793 1758/792/792 319/794/794 1761/795/795
f 2634/775/775 1136/793/793 490/796/796
f 490/796/796 1136/793/793 1761/795/795
f 489/791/791 2635/790/790 1137/797/797 1758/792/792
f 2635/790/790 227/789/789 3133/798/798 1137/797/797
f 1137/797/797 3133/798/798 764/799/799 1759/800/800
f 1758/792/792 1137/797/797 1759/800/800 319/794/794
f 319/794/794 1759/800/800 1138/801/801 1760/802/802
f 1759/800/800 764/799/799 3134/803/803 1138/801/801
f 1138/801/801 3134/803/803 20/621/621 3101/665/665
f 1760/802/802 1138/801/801 3101/665/665 751/663/663
f 490/796/796 1761/795/795 1139/804/804 2636/805/805
f 1761/795/795 319/794/794 1760/802/802 1139/804/804
f 1139/804/804 1760/802/802 751/663/663 3100/661/661
f 2636/805/805 1139/804/804 3100/661/661 219/657/657
f 2637/776/776 2634/775/775 490/796/796 1762/806/806
f 1762/806/806 490/796/796 2636/805/805
f 1762/806/806 2636/805/805 219/657/657 21/656/656
f 3058/347/347 3057/346/346 1763/807/807 1764/808/808
f 3057/346/346 3055/343/343 1766/809/809 1763/807/807
f 1763/807/807 1766/809/809 1143/810/810 1140/811/811
f 1140/811/811 1143/810/810 1769/812/812 2640/813/813
f 1764/808/808 1763/807/807 1140/811/811 1141/814/814
f 1141/814/814 1140/811/811 2640/813/813 767/815/815
f 3055/343/343 3056/342/342 1765/816/816 1766/809/809
f 3056/342/342 3062/341/341 1751/760/760 1765/816/816
f 1765/816/816 1751/760/760 1131/762/762 1142/817/817
f 1142/817/817 1131/762/762 761/764/764 2638/818/818
f 1766/809/809 1765/816/816 1142/817/817 1143/810/810
f 1143/810/810 1142/817/817 2638/818/818 1769/812/812
f 2638/818/818 761/764/764 1767/819/819
f 2638/818/818 1767/819/819 1144/820/820 1768/821/821
f 1767/819/819 761/764/764 3129/772/772 1144/820/820
f 1144/820/820 3129/772/772 22/711/711 3136/822/822
f 1768/821/821 1144/820/820 3136/822/822 765/823/823
f 491/824/824 1769/812/812 1145/825/825 2639/826/826
f 1769/812/812 2638/818/818 1768/821/821 1145/825/825
f 1145/825/825 1768/821/821 765/823/823 3135/827/827
f 2639/826/826 1145/825/825 3135/827/827 228/828/828
f 767/815/815 2640/813/813 1772/829/829
f 2640/813/813 1769/812/812 491/824/824 1770/830/830
f 2640/813/813 1770/830/830 1146/831/831 1771/832/832
f 1770/830/830 491/824/824 2639/826/826 1146/831/831
f 1146/831/831 2639/826/826 228/828/828 3137/833/833
f 1771/832/832 1146/831/831 3137/833/833 766/834/834
f 767/815/815 1772/829/829 1147/835/835 3139/836/836
f 1772/829/829 2640/813/813 1771/832/832 1147/835/835
f 1147/835/835 1771/832/832 766/834/834 3138/837/837
f 3139/836/836 1147/835/835 3138/837/837 23/782/782
f 3304/838/838 768/839/839 1773/840/840 1774/841/841
f 768/839/839 229/842/842 1775/843/843 1773/840/840
f 1773/840/840 1775/843/843 492/844/844 2641/845/845
f 1774/841/841 1773/840/840 2641/845/845 2642/846/846
f 229/842/842 3140/847/847 1779/848/848 1775/843/843
f 1775/843/843 1779/848/848 495/849/849 492/844/844
f 492/844/844 495/849/849 1788/850/850 1776/851/851
f 1776/851/851 1788/850/850 725/257/257 197/275/275
f 2642/846/846 2641/845/845 1777/852/852 1778/853/853
f 2641/845/845 492/844/844 1776/851/851 1777/852/852
f 1777/852/852 1776/851/851 197/275/275 1655/274/274
f 1778/853/853 1777/852/852 1655/274/274 1656/278/278
f 3140/847/847 3141/854/854 1783/855/855 1779/848/848
f 1779/848/848 1783/855/855 2643/856/856 495/849/849
f 1780/857/857 320/858/858 1783/855/855
f 3141/854/854 1780/857/857 1783/855/855
f 3141/854/854 3142/859/859 1148/860/860 1780/857/857
f 3142/859/859 25/861/861 3144/862/862 1148/860/860
f 1148/860/860 3144/862/862 769/863/863 1781/864/864
f 1780/857/857 1148/860/860 1781/864/864 320/858/858
f 320/858/858 1781/864/864 1149/865/865 1782/866/866
f 1781/864/864 769/863/863 3143/867/867 1149/865/865
f 1149/865/865 3143/867/867 230/868/868 2644/869/869
f 1782/866/866 1149/865/865 2644/869/869 493/870/870
f 1783/855/855 320/858/858 1782/866/866 1150/871/871
f 1150/871/871 1782/866/866 493/870/870 2643/856/856
f 1783/855/855 1150/871/871 2643/856/856
f 2643/856/856 493/870/870 1784/872/872 1151/873/873
f 1151/873/873 1784/872/872 321/874/874 1787/875/875
f 2643/856/856 1151/873/873 494/876/876
f 494/876/876 1151/873/873 1787/875/875
f 493/870/870 2644/869/869 1152/877/877 1784/872/872
f 2644/869/869 230/868/868 3145/878/878 1152/877/877
f 1152/877/877 3145/878/878 770/879/879 1785/880/880
f 1784/872/872 1152/877/877 1785/880/880 321/874/874
f 321/874/874 1785/880/880 1153/881/881 1786/882/882
f 1785/880/880 770/879/879 3146/883/883 1153/881/881
f 1153/881/881 3146/883/883 9/218/218 3043/267/267
f 1786/882/882 1153/881/881 3043/267/267 724/264/264
f 494/876/876 1787/875/875 1154/884/884 2645/885/885
f 1787/875/875 321/874/874 1786/882/882 1154/884/884
f 1154/884/884 1786/882/882 724/264/264 3042/262/262
f 2645/885/885 1154/884/884 3042/262/262 3041/258/258
f 495/849/849 2643/856/856 494/876/876 1788/850/850
f 1788/850/850 494/876/876 2645/885/885
f 1788/850/850 2645/885/885 3041/258/258 725/257/257
f 3150/886/886 3147/887/887 1790/888/888 1789/889/889
f 1789/889/889 1790/888/888 496/890/890 497/891/891
f 3147/887/887 3148/892/892 1808/893/893 1790/888/888
f 1790/888/888 1808/893/893 231/894/894 496/890/890
f 496/890/890 231/894/894 1155/895/895
f 1155/895/895 231/894/894 771/896/896 1791/897/897
f 496/890/890 1155/895/895 1791/897/897 322/898/898
f 322/898/898 1791/897/897 1156/899/899 1792/900/900
f 1791/897/897 771/896/896 3149/901/901 1156/899/899
f 1156/899/899 3149/901/901 25/861/861 3142/859/859
f 1792/900/900 1156/899/899 3142/859/859 3141/854/854
f 496/890/890 322/898/898 1792/900/900
f 497/891/891 496/890/890 1792/900/900 1793/902/902
f 1793/902/902 1792/900/900 3141/854/854 3140/847/847
f 3307/903/903 3151/904/904 1794/905/905 1795/906/906
f 3151/904/904 772/907/907 1796/908/908 1794/905/905
f 1794/905/905 1796/908/908 498/909/909 2646/910/910
f 1795/906/906 1794/905/905 2646/910/910 2647/911/911
f 772/907/907 3150/886/886 1789/889/889 1796/908/908
f 1796/908/908 1789/889/889 497/891/891 498/909/909
f 498/909/909 497/891/891 1793/902/902 1797/912/912
f 1797/912/912 1793/902/902 3140/847/847 229/842/842
f 2646/910/910 498/909/909 1797/912/912 1157/913/913
f 1157/913/913 1797/912/912 229/842/842 768/839/839
f 2647/911/911 2646/910/910 1157/913/913 1158/914/914
f 1158/914/914 1157/913/913 768/839/839 3304/838/838
f 26/915/915 3152/916/916 1159/917/917 3161/918/918
f 3152/916/916 773/919/919 1798/920/920 1159/917/917
f 1159/917/917 1798/920/920 323/921/921 1800/922/922
f 3161/918/918 1159/917/917 1800/922/922 777/923/923
f 773/919/919 503/924/924 500/925/925 1798/920/920
f 1798/920/920 500/925/925 323/921/921
f 323/921/921 500/925/925 1799/926/926
f 1799/926/926 500/925/925 501/927/927
f 777/923/923 1800/922/922 1160/928/928 3160/929/929
f 1800/922/922 323/921/921 1799/926/926 1160/928/928
f 1160/928/928 1799/926/926 501/927/927 2648/930/930
f 3160/929/929 1160/928/928 2648/930/930 233/931/931
f 503/924/924 502/932/932 499/933/933 500/925/925
f 502/932/932 3153/934/934 3155/935/935 499/933/933
f 499/933/933 3155/935/935 3154/936/936
f 3155/935/935 774/937/937 3154/936/936
f 499/933/933 3154/936/936 3156/938/938
f 3154/936/936 232/939/939 3156/938/938
f 499/933/933 3156/938/938 3028/203/203 717/202/202
f 3156/938/938 775/940/940 3157/941/941 3028/203/203
f 500/925/925 499/933/933 717/202/202 194/199/199
f 233/931/931 2648/930/930 1161/942/942 3158/943/943
f 2648/930/930 501/927/927 1801/944/944 1161/942/942
f 1161/942/942 1801/944/944 324/945/945 1803/946/946
f 3158/943/943 1161/942/942 1803/946/946 776/947/947
f 501/927/927 500/925/925 1801/944/944
f 1801/944/944 500/925/925 324/945/945
f 324/945/945 500/925/925 194/199/199 1802/948/948
f 1802/948/948 194/199/199 716/194/194
f 776/947/947 1803/946/946 1162/949/949 3159/950/950
f 1803/946/946 324/945/945 1802/948/948 1162/949/949
f 1162/949/949 1802/948/948 716/194/194 3027/191/191
f 3159/950/950 1162/949/949 3027/191/191 8/190/190
f 3163/951/951 778/952/952 3167/953/953
f 3167/953/953 778/952/952 502/932/932 1804/954/954
f 3162/955/955 234/956/956 778/952/952
f 1804/954/954 502/932/932 284/957/957 779/958/958
f 3153/934/934 502/932/932 1805/959/959
f 3165/960/960 3153/934/934 1805/959/959
f 502/932/932 503/924/924 284/957/957
f 1805/959/959 502/932/932 778/952/952
f 778/952/952 234/956/956 1805/959/959
f 3164/961/961 1805/959/959 234/956/956
f 26/915/915 3166/962/962 1163/963/963 3152/916/916
f 3166/962/962 779/958/958 1806/964/964 1163/963/963
f 1163/963/963 1806/964/964 284/957/957 1807/965/965
f 3152/916/916 1163/963/963 1807/965/965 773/919/919
f 1806/964/964 779/958/958 284/957/957
f 773/919/919 1807/965/965 503/924/924
f 1807/965/965 284/957/957 503/924/924
f 3148/892/892 235/966/966 1809/967/967 1808/893/893
f 1808/893/893 1809/967/967 504/968/968 506/969/969
f 1808/893/893 506/969/969 231/894/894
f 235/966/966 3167/953/953 1804/954/954 1809/967/967
f 1809/967/967 1804/954/954 779/958/958 504/968/968
f 504/968/968 779/958/958 1811/970/970 1810/971/971
f 1810/971/971 1811/970/970 1164/972/972 1812/973/973
f 1811/970/970 779/958/958 3166/962/962 1164/972/972
f 1164/972/972 3166/962/962 26/915/915 3169/974/974
f 1812/973/973 1164/972/972 3169/974/974 780/975/975
f 505/976/976 504/968/968 1165/977/977 2649/978/978
f 504/968/968 1810/971/971 1812/973/973 1165/977/977
f 1165/977/977 1812/973/973 780/975/975 3168/979/979
f 2649/978/978 1165/977/977 3168/979/979 236/980/980
f 506/969/969 1813/981/981 1816/982/982
f 1816/982/982 1813/981/981 325/983/983
f 231/894/894 506/969/969 1816/982/982 771/896/896
f 506/969/969 504/968/968 1814/984/984 1813/981/981
f 504/968/968 505/976/976 1814/984/984
f 1813/981/981 1814/984/984 325/983/983
f 325/983/983 1814/984/984 1166/985/985 1815/986/986
f 1814/984/984 505/976/976 2649/978/978 1166/985/985
f 1166/985/985 2649/978/978 236/980/980 3170/987/987
f 1815/986/986 1166/985/985 3170/987/987 781/988/988
f 771/896/896 1816/982/982 1167/989/989 3149/901/901
f 1816/982/982 325/983/983 1815/986/986 1167/989/989
f 1167/989/989 1815/986/986 781/988/988 3171/990/990
f 3149/901/901 1167/989/989 3171/990/990 25/861/861
f 782/991/991 3172/992/992 507/993/993 508/994/994
f 3167/953/953 235/966/966 2650/995/995 1817/996/996
f 1817/996/996 2650/995/995 507/993/993 3172/992/992
f 783/997/997 508/994/994 507/993/993 2650/995/995
f 3148/892/892 783/997/997 2650/995/995 235/966/966
f 3180/998/998 3173/999/999 509/1000/1000 1818/1001/1001
f 1818/1001/1001 509/1000/1000 2651/1002/1002 511/1003/1003
f 3173/999/999 3174/1004/1004 1819/1005/1005 509/1000/1000
f 3174/1004/1004 3175/1006/1006 3177/1007/1007
f 3174/1004/1004 3177/1007/1007 784/1008/1008 1819/1005/1005
f 1819/1005/1005 784/1008/1008 3176/1009/1009
f 1819/1005/1005 3176/1009/1009 237/1010/1010 510/1011/1011
f 509/1000/1000 1819/1005/1005 510/1011/1011 2651/1002/1002
f 2651/1002/1002 510/1011/1011 1817/996/996 3172/992/992
f 510/1011/1011 237/1010/1010 3178/1012/1012
f 510/1011/1011 3178/1012/1012 785/1013/1013 1817/996/996
f 1817/996/996 785/1013/1013 3179/1014/1014
f 1817/996/996 3179/1014/1014 3167/953/953
f 511/1003/1003 2651/1002/1002 3172/992/992 782/991/991
f 2398/1015/1015 2397/1016/1016 2652/1017/1017 2653/1018/1018
f 2397/1016/1016 786/1019/1019 512/1020/1020 2652/1017/1017
f 786/1019/1019 1824/1021/1021 787/1022/1022 512/1020/1020
f 512/1020/1020 787/1022/1022 3181/1023/1023 1820/1024/1024
f 1820/1024/1024 3181/1023/1023 3150/886/886 772/907/907
f 2653/1018/1018 2652/1017/1017 1821/1025/1025 1822/1026/1026
f 2652/1017/1017 512/1020/1020 1820/1024/1024 1821/1025/1025
f 1821/1025/1025 1820/1024/1024 772/907/907 3151/904/904
f 1822/1026/1026 1821/1025/1025 3151/904/904 3307/903/903
f 782/991/991 508/994/994 513/1027/1027 1823/1028/1028
f 508/994/994 783/997/997 514/1029/1029 513/1027/1027
f 783/997/997 3148/892/892 3147/887/887 514/1029/1029
f 513/1027/1027 514/1029/1029 3181/1023/1023 787/1022/1022
f 514/1029/1029 3147/887/887 3150/886/886 3181/1023/1023
f 1823/1028/1028 513/1027/1027 787/1022/1022 1824/1021/1021
f 3183/1030/1030 3182/1031/1031 1826/1032/1032 1825/1033/1033
f 1825/1033/1033 1826/1032/1032 515/1034/1034 516/1035/1035
f 3182/1031/1031 3180/998/998 1818/1001/1001 1826/1032/1032
f 1826/1032/1032 1818/1001/1001 511/1003/1003 515/1034/1034
f 515/1034/1034 511/1003/1003 782/991/991 1823/1028/1028
f 516/1035/1035 515/1034/1034 1823/1028/1028 1824/1021/1021
f 3240/1036/1036 788/1037/1037 2654/1038/1038 2655/1039/1039
f 788/1037/1037 238/1040/1040 517/1041/1041 2654/1038/1038
f 238/1040/1040 3186/1042/1042 519/1043/1043 517/1041/1041
f 517/1041/1041 519/1043/1043 1831/1044/1044 1827/1045/1045
f 1827/1045/1045 1831/1044/1044 3183/1030/1030 789/1046/1046
f 2655/1039/1039 2654/1038/1038 1828/1047/1047 1829/1048/1048
f 2654/1038/1038 517/1041/1041 1827/1045/1045 1828/1047/1047
f 1828/1047/1047 1827/1045/1045 789/1046/1046 3184/1049/1049
f 1829/1048/1048 1828/1047/1047 3184/1049/1049 3185/1050/1050
f 3186/1042/1042 3187/1051/1051 518/1052/1052 519/1043/1043
f 3187/1051/1051 792/1053/1053 525/1054/1054 518/1052/1052
f 518/1052/1052 525/1054/1054 1838/1055/1055 1830/1056/1056
f 1830/1056/1056 1838/1055/1055 3180/998/998 3182/1031/1031
f 519/1043/1043 518/1052/1052 1830/1056/1056 1831/1044/1044
f 1831/1044/1044 1830/1056/1056 3182/1031/1031 3183/1030/1030
f 3189/1057/1057 790/1058/1058 1832/1059/1059
f 3192/1060/1060 3189/1057/1057 1832/1059/1059
f 3188/1061/1061 239/1062/1062 1833/1063/1063
f 790/1058/1058 3188/1061/1061 1833/1063/1063 1832/1059/1059
f 1832/1059/1059 1833/1063/1063 520/1064/1064 521/1065/1065
f 3190/1066/1066 791/1067/1067 1833/1063/1063
f 239/1062/1062 3190/1066/1066 1833/1063/1063
f 3191/1068/1068 27/1069/1069 1839/1070/1070
f 791/1067/1067 3191/1068/1068 1839/1070/1070 1833/1063/1063
f 1833/1063/1063 1839/1070/1070 527/1071/1071 520/1064/1064
f 520/1064/1064 527/1071/1071 792/1053/1053 3187/1051/1051
f 521/1065/1065 520/1064/1064 3187/1051/1051 3186/1042/1042
f 3244/1072/1072 1844/1073/1073 1834/1074/1074 1835/1075/1075
f 1844/1073/1073 240/1076/1076 1836/1077/1077 1834/1074/1074
f 1834/1074/1074 1836/1077/1077 522/1078/1078 2656/1079/1079
f 1835/1075/1075 1834/1074/1074 2656/1079/1079 2657/1080/1080
f 240/1076/1076 3192/1060/1060 1832/1059/1059 1836/1077/1077
f 1836/1077/1077 1832/1059/1059 521/1065/1065 522/1078/1078
f 522/1078/1078 521/1065/1065 3186/1042/1042 238/1040/1040
f 2657/1080/1080 2656/1079/1079 788/1037/1037 3240/1036/1036
f 2656/1079/1079 522/1078/1078 238/1040/1040 788/1037/1037
f 792/1053/1053 526/1081/1081 523/1082/1082 525/1054/1054
f 526/1081/1081 3193/1083/1083 524/1084/1084 523/1082/1082
f 3193/1083/1083 3194/1085/1085 3196/1086/1086
f 3193/1083/1083 3196/1086/1086 793/1087/1087 524/1084/1084
f 524/1084/1084 793/1087/1087 3195/1088/1088
f 524/1084/1084 3195/1088/1088 241/1089/1089
f 523/1082/1082 524/1084/1084 1837/1090/1090 2658/1091/1091
f 524/1084/1084 241/1089/1089 3197/1092/1092
f 524/1084/1084 3197/1092/1092 794/1093/1093 1837/1090/1090
f 1837/1090/1090 794/1093/1093 3198/1094/1094
f 1837/1090/1090 3198/1094/1094 3175/1006/1006 3174/1004/1004
f 2658/1091/1091 1837/1090/1090 3174/1004/1004 3173/999/999
f 525/1054/1054 523/1082/1082 2658/1091/1091 1838/1055/1055
f 1838/1055/1055 2658/1091/1091 3173/999/999 3180/998/998
f 3200/1095/1095 795/1096/1096 1839/1070/1070
f 27/1069/1069 3200/1095/1095 1839/1070/1070
f 3199/1097/1097 242/1098/1098 2659/1099/1099
f 795/1096/1096 3199/1097/1097 2659/1099/1099 1839/1070/1070
f 1839/1070/1070 2659/1099/1099 2660/1100/1100 527/1071/1071
f 3194/1085/1085 3193/1083/1083 1168/1101/1101
f 1168/1101/1101 3193/1083/1083 1840/1102/1102
f 3193/1083/1083 526/1081/1081 2660/1100/1100 2659/1099/1099
f 1840/1102/1102 242/1098/1098 3201/1103/1103
f 1840/1102/1102 3193/1083/1083 2659/1099/1099 242/1098/1098
f 792/1053/1053 527/1071/1071 2660/1100/1100 526/1081/1081
f 3203/1104/1104 796/1105/1105 1841/1106/1106 1842/1107/1107
f 3205/1108/1108 3203/1104/1104 1842/1107/1107
f 3202/1109/1109 243/1110/1110 796/1105/1105
f 796/1105/1105 243/1110/1110 2661/1111/1111 1841/1106/1106
f 3192/1060/1060 240/1076/1076 1843/1112/1112
f 797/1113/1113 1843/1112/1112 243/1110/1110 3204/1114/1114
f 1843/1112/1112 240/1076/1076 2661/1111/1111 243/1110/1110
f 3244/1072/1072 1842/1107/1107 1841/1106/1106 1844/1073/1073
f 1844/1073/1073 1841/1106/1106 2661/1111/1111 240/1076/1076
f 3207/1115/1115 3206/1116/1116 1845/1117/1117 1846/1118/1118
f 3206/1116/1116 798/1119/1119 1847/1120/1120 1845/1117/1117
f 1845/1117/1117 1847/1120/1120 528/1121/1121 2662/1122/1122
f 1846/1118/1118 1845/1117/1117 2662/1122/1122 2663/1123/1123
f 798/1119/1119 28/1124/1124 799/1125/1125 1847/1120/1120
f 1847/1120/1120 799/1125/1125 244/1126/1126 528/1121/1121
f 528/1121/1121 244/1126/1126 800/1127/1127 1848/1128/1128
f 1848/1128/1128 800/1127/1127 3330/1129/1129 801/1130/1130
f 2663/1123/1123 2662/1122/1122 1849/1131/1131 1850/1132/1132
f 2662/1122/1122 528/1121/1121 1848/1128/1128 1849/1131/1131
f 1849/1131/1131 1848/1128/1128 801/1130/1130 3208/1133/1133
f 1850/1132/1132 1849/1131/1131 3208/1133/1133 3209/1134/1134
f 28/1124/1124 802/1135/1135 1851/1136/1136 799/1125/1125
f 3210/1137/1137 1169/1138/1138 1855/1139/1139
f 802/1135/1135 3210/1137/1137 1855/1139/1139 1851/1136/1136
f 1855/1139/1139 1854/1140/1140 529/1141/1141
f 1851/1136/1136 1855/1139/1139 529/1141/1141 530/1142/1142
f 799/1125/1125 1851/1136/1136 530/1142/1142 244/1126/1126
f 3210/1137/1137 803/1143/1143 1852/1144/1144 1169/1138/1138
f 1169/1138/1138 1852/1144/1144 326/1145/1145 1855/1139/1139
f 803/1143/1143 3211/1146/1146 1170/1147/1147 1852/1144/1144
f 3211/1146/1146 29/1148/1148 3213/1149/1149 1170/1147/1147
f 1170/1147/1147 3213/1149/1149 804/1150/1150 1853/1151/1151
f 1852/1144/1144 1170/1147/1147 1853/1151/1151 326/1145/1145
f 326/1145/1145 1853/1151/1151 1171/1152/1152 1854/1140/1140
f 1853/1151/1151 804/1150/1150 3212/1153/1153 1171/1152/1152
f 1171/1152/1152 3212/1153/1153 2672/1154/1154
f 1854/1140/1140 1171/1152/1152 2672/1154/1154 529/1141/1141
f 1855/1139/1139 326/1145/1145 1854/1140/1140
f 529/1141/1141 2672/1154/1154 1885/1155/1155 1856/1156/1156
f 1856/1156/1156 1885/1155/1155 3236/1157/1157 805/1158/1158
f 244/1126/1126 530/1142/1142 1857/1159/1159 800/1127/1127
f 530/1142/1142 529/1141/1141 1856/1156/1156 1857/1159/1159
f 1857/1159/1159 1856/1156/1156 805/1158/1158 806/1160/1160
f 800/1127/1127 1857/1159/1159 806/1160/1160 3330/1129/1129
f 3266/1161/1161 3215/1162/1162 1858/1163/1163 3222/1164/1164
f 3214/1165/1165 2665/1166/1166 531/1167/1167
f 3215/1162/1162 3214/1165/1165 531/1167/1167 1858/1163/1163
f 531/1167/1167 2664/1168/1168 2666/1169/1169
f 1858/1163/1163 531/1167/1167 2666/1169/1169 533/1170/1170
f 3222/1164/1164 1858/1163/1163 533/1170/1170 810/1171/1171
f 3214/1165/1165 3216/1172/1172 1172/1173/1173 2665/1166/1166
f 3216/1172/1172 807/1174/1174 1859/1175/1175 1172/1173/1173
f 1172/1173/1173 1859/1175/1175 327/1176/1176 1862/1177/1177
f 2665/1166/1166 1172/1173/1173 1862/1177/1177 531/1167/1167
f 807/1174/1174 3217/1178/1178 1173/1179/1179 1859/1175/1175
f 3217/1178/1178 30/1180/1180 3219/1181/1181 1173/1179/1179
f 1173/1179/1179 3219/1181/1181 808/1182/1182 1860/1183/1183
f 1859/1175/1175 1173/1179/1179 1860/1183/1183 327/1176/1176
f 327/1176/1176 1860/1183/1183 1174/1184/1184 1861/1185/1185
f 1860/1183/1183 808/1182/1182 3218/1186/1186 1174/1184/1184
f 1174/1184/1184 3218/1186/1186 245/1187/1187 2667/1188/1188
f 1861/1185/1185 1174/1184/1184 2667/1188/1188 532/1189/1189
f 531/1167/1167 1862/1177/1177 1175/1190/1190 2664/1168/1168
f 1862/1177/1177 327/1176/1176 1861/1185/1185 1175/1190/1190
f 1175/1190/1190 1861/1185/1185 532/1189/1189 2666/1169/1169
f 2664/1168/1168 1175/1190/1190 2666/1169/1169
f 2666/1169/1169 532/1189/1189 1863/1191/1191 1176/1192/1192
f 1176/1192/1192 1863/1191/1191 328/1193/1193 1866/1194/1194
f 2666/1169/1169 1176/1192/1192 1866/1194/1194
f 532/1189/1189 2667/1188/1188 1177/1195/1195 1863/1191/1191
f 2667/1188/1188 245/1187/1187 3220/1196/1196 1177/1195/1195
f 1177/1195/1195 3220/1196/1196 809/1197/1197 1864/1198/1198
f 1863/1191/1191 1177/1195/1195 1864/1198/1198 328/1193/1193
f 328/1193/1193 1864/1198/1198 1178/1199/1199 1865/1200/1200
f 1864/1198/1198 809/1197/1197 3221/1201/1201 1178/1199/1199
f 1178/1199/1199 3221/1201/1201 29/1148/1148 3211/1146/1146
f 1865/1200/1200 1178/1199/1199 3211/1146/1146 803/1143/1143
f 1866/1194/1194 328/1193/1193 1865/1200/1200 1179/1202/1202
f 1179/1202/1202 1865/1200/1200 803/1143/1143 3210/1137/1137
f 533/1170/1170 2666/1169/1169 3210/1137/1137 802/1135/1135
f 2666/1169/1169 1866/1194/1194 1179/1202/1202 3210/1137/1137
f 810/1171/1171 533/1170/1170 802/1135/1135 28/1124/1124
f 31/1203/1203 3224/1204/1204 1180/1205/1205 3226/1206/1206
f 3224/1204/1204 811/1207/1207 1867/1208/1208 1180/1205/1205
f 1180/1205/1205 1867/1208/1208 329/1209/1209 1870/1210/1210
f 3226/1206/1206 1180/1205/1205 1870/1210/1210 812/1211/1211
f 811/1207/1207 3223/1212/1212 1181/1213/1213 1867/1208/1208
f 3223/1212/1212 246/1214/1214 1181/1213/1213
f 1181/1213/1213 246/1214/1214 1871/1215/1215 1868/1216/1216
f 1867/1208/1208 1181/1213/1213 1868/1216/1216 329/1209/1209
f 329/1209/1209 1868/1216/1216 1869/1217/1217
f 1868/1216/1216 1871/1215/1215 534/1218/1218 1872/1219/1219
f 1869/1217/1217 1868/1216/1216 1872/1219/1219
f 812/1211/1211 1870/1210/1210 1182/1220/1220 3225/1221/1221
f 1870/1210/1210 329/1209/1209 1869/1217/1217 1182/1220/1220
f 1182/1220/1220 1869/1217/1217 1872/1219/1219 1873/1222/1222
f 3225/1221/1221 1182/1220/1220 1873/1222/1222
f 246/1214/1214 3266/1161/1161 3222/1164/1164 1871/1215/1215
f 1871/1215/1215 3222/1164/1164 810/1171/1171 534/1218/1218
f 534/1218/1218 810/1171/1171 28/1124/1124 798/1119/1119
f 1872/1219/1219 534/1218/1218 798/1119/1119 3206/1116/1116
f 1873/1222/1222 1872/1219/1219 3206/1116/1116 3207/1115/1115
f 29/1148/1148 3228/1223/1223 1183/1224/1224 3213/1149/1149
f 3228/1223/1223 813/1225/1225 1874/1226/1226 1183/1224/1224
f 1183/1224/1224 1874/1226/1226 1876/1227/1227 1877/1228/1228
f 3213/1149/1149 1183/1224/1224 1877/1228/1228 804/1150/1150
f 813/1225/1225 3227/1229/1229 1184/1230/1230 1874/1226/1226
f 3227/1229/1229 247/1231/1231 2668/1232/1232 1184/1230/1230
f 1184/1230/1230 2668/1232/1232 535/1233/1233 1875/1234/1234
f 1874/1226/1226 1184/1230/1230 1875/1234/1234 1876/1227/1227
f 1875/1234/1234 535/1233/1233 2669/1235/1235 2671/1236/1236
f 1876/1227/1227 1875/1234/1234 2671/1236/1236
f 804/1150/1150 1877/1228/1228 1185/1237/1237 3212/1153/1153
f 1877/1228/1228 1876/1227/1227 1185/1237/1237
f 1185/1237/1237 1876/1227/1227 2671/1236/1236 2672/1154/1154
f 3212/1153/1153 1185/1237/1237 2672/1154/1154
f 247/1231/1231 3229/1238/1238 1186/1239/1239 2668/1232/1232
f 3229/1238/1238 814/1240/1240 1878/1241/1241 1186/1239/1239
f 1186/1239/1239 1878/1241/1241 330/1242/1242 1881/1243/1243
f 2668/1232/1232 1186/1239/1239 1881/1243/1243 535/1233/1233
f 814/1240/1240 3230/1244/1244 1187/1245/1245 1878/1241/1241
f 3230/1244/1244 32/1246/1246 3232/1247/1247 1187/1245/1245
f 1187/1245/1245 3232/1247/1247 815/1248/1248 1879/1249/1249
f 1878/1241/1241 1187/1245/1245 1879/1249/1249 330/1242/1242
f 330/1242/1242 1879/1249/1249 1188/1250/1250 1880/1251/1251
f 1879/1249/1249 815/1248/1248 3231/1252/1252 1188/1250/1250
f 1188/1250/1250 3231/1252/1252 248/1253/1253 2670/1254/1254
f 1880/1251/1251 1188/1250/1250 2670/1254/1254
f 535/1233/1233 1881/1243/1243 1189/1255/1255
f 1881/1243/1243 330/1242/1242 1880/1251/1251 1189/1255/1255
f 1189/1255/1255 1880/1251/1251 2670/1254/1254 2669/1235/1235
f 535/1233/1233 1189/1255/1255 2669/1235/1235
f 2669/1235/1235 2670/1254/1254 1882/1256/1256 1883/1257/1257
f 2670/1254/1254 248/1253/1253 816/1258/1258 1882/1256/1256
f 1882/1256/1256 816/1258/1258 3318/1259/1259 3234/1260/1260
f 1883/1257/1257 1882/1256/1256 3234/1260/1260 3233/1261/1261
f 2672/1154/1154 2671/1236/1236 1884/1262/1262 1885/1155/1155
f 2671/1236/1236 2669/1235/1235 1883/1257/1257 1884/1262/1262
f 1884/1262/1262 1883/1257/1257 3233/1261/1261 3235/1263/1263
f 1885/1155/1155 1884/1262/1262 3235/1263/1263 3236/1157/1157
f 32/1246/1246 3238/1264/1264 1190/1265/1265 3232/1247/1247
f 3238/1264/1264 817/1266/1266 1886/1267/1267 1190/1265/1265
f 1190/1265/1265 1886/1267/1267 331/1268/1268 1889/1269/1269
f 3232/1247/1247 1190/1265/1265 1889/1269/1269 815/1248/1248
f 817/1266/1266 3237/1270/1270 1191/1271/1271 1886/1267/1267
f 3237/1270/1270 249/1272/1272 2674/1273/1273 1191/1271/1271
f 1191/1271/1271 2674/1273/1273 536/1274/1274 1887/1275/1275
f 1886/1267/1267 1191/1271/1271 1887/1275/1275 331/1268/1268
f 331/1268/1268 1887/1275/1275 2673/1276/1276 1888/1277/1277
f 1887/1275/1275 536/1274/1274 2673/1276/1276
f 1888/1277/1277 2673/1276/1276 2675/1278/1278
f 815/1248/1248 1889/1269/1269 1192/1279/1279 3231/1252/1252
f 1889/1269/1269 331/1268/1268 1888/1277/1277 1192/1279/1279
f 1192/1279/1279 1888/1277/1277 2675/1278/1278
f 3231/1252/1252 1192/1279/1279 2675/1278/1278 248/1253/1253
f 249/1272/1272 3239/1280/1280 2674/1273/1273
f 2674/1273/1273 3239/1280/1280 537/1281/1281 536/1274/1274
f 3239/1280/1280 3240/1036/1036 2655/1039/1039 537/1281/1281
f 536/1274/1274 537/1281/1281 2673/1276/1276
f 2673/1276/1276 537/1281/1281 2675/1278/1278
f 2675/1278/1278 537/1281/1281 1890/1282/1282 2676/1283/1283
f 537/1281/1281 2655/1039/1039 1829/1048/1048 1890/1282/1282
f 1890/1282/1282 1829/1048/1048 3185/1050/1050 818/1284/1284
f 2676/1283/1283 1890/1282/1282 818/1284/1284 250/1285/1285
f 248/1253/1253 2675/1278/1278 2676/1283/1283 816/1258/1258
f 816/1258/1258 2676/1283/1283 250/1285/1285 3318/1259/1259
f 33/1286/1286 3242/1287/1287 1193/1288/1288 3248/1289/1289
f 3242/1287/1287 819/1290/1290 1891/1291/1291 1193/1288/1288
f 1193/1288/1288 1891/1291/1291 332/1292/1292 1893/1293/1293
f 3248/1289/1289 1193/1288/1288 1893/1293/1293 821/1294/1294
f 819/1290/1290 3241/1295/1295 1194/1296/1296 1891/1291/1291
f 1194/1296/1296 3241/1295/1295 538/1297/1297
f 1891/1291/1291 1194/1296/1296 538/1297/1297 332/1292/1292
f 332/1292/1292 538/1297/1297 1195/1298/1298 1892/1299/1299
f 1195/1298/1298 538/1297/1297 2677/1300/1300
f 1892/1299/1299 1195/1298/1298 2677/1300/1300 540/1301/1301
f 821/1294/1294 1893/1293/1293 1196/1302/1302 3247/1303/1303
f 1893/1293/1293 332/1292/1292 1892/1299/1299 1196/1302/1302
f 1196/1302/1302 1892/1299/1299 540/1301/1301 2679/1304/1304
f 3247/1303/1303 1196/1302/1302 2679/1304/1304 251/1305/1305
f 3241/1295/1295 3243/1306/1306 1894/1307/1307 538/1297/1297
f 3243/1306/1306 3244/1072/1072 1835/1075/1075 1894/1307/1307
f 1894/1307/1307 1835/1075/1075 2657/1080/1080 539/1308/1308
f 538/1297/1297 1894/1307/1307 539/1308/1308 2677/1300/1300
f 2677/1300/1300 539/1308/1308 3239/1280/1280 2678/1309/1309
f 539/1308/1308 2657/1080/1080 3240/1036/1036 3239/1280/1280
f 2678/1309/1309 3239/1280/1280 249/1272/1272
f 251/1305/1305 2679/1304/1304 1197/1310/1310 3245/1311/1311
f 2679/1304/1304 540/1301/1301 1895/1312/1312 1197/1310/1310
f 1197/1310/1310 1895/1312/1312 333/1313/1313 1897/1314/1314
f 3245/1311/1311 1197/1310/1310 1897/1314/1314 820/1315/1315
f 540/1301/1301 2677/1300/1300 1198/1316/1316 1895/1312/1312
f 1198/1316/1316 2677/1300/1300 2678/1309/1309
f 1895/1312/1312 1198/1316/1316 2678/1309/1309 333/1313/1313
f 333/1313/1313 2678/1309/1309 1199/1317/1317 1896/1318/1318
f 1199/1317/1317 2678/1309/1309 249/1272/1272 3237/1270/1270
f 1896/1318/1318 1199/1317/1317 3237/1270/1270 817/1266/1266
f 820/1315/1315 1897/1314/1314 1200/1319/1319 3246/1320/1320
f 1897/1314/1314 333/1313/1313 1896/1318/1318 1200/1319/1319
f 1200/1319/1319 1896/1318/1318 817/1266/1266 3238/1264/1264
f 3246/1320/1320 1200/1319/1319 3238/1264/1264 32/1246/1246
f 3250/1321/1321 822/1322/1322 3272/1323/1323
f 3272/1323/1323 822/1322/1322 1898/1324/1324 1899/1325/1325
f 3249/1326/1326 252/1327/1327 1901/1328/1328 1898/1324/1324
f 822/1322/1322 3249/1326/1326 1898/1324/1324
f 3251/1329/1329 823/1330/1330 1900/1331/1331 1901/1328/1328
f 252/1327/1327 3251/1329/1329 1901/1328/1328
f 3252/1332/1332 34/1333/1333 823/1330/1330
f 823/1330/1330 34/1333/1333 1908/1334/1334 1900/1331/1331
f 1901/1328/1328 1900/1331/1331 334/1335/1335 1904/1336/1336
f 1901/1328/1328 1904/1336/1336 541/1337/1337
f 1900/1331/1331 1908/1334/1334 824/1338/1338 1902/1339/1339
f 1900/1331/1331 1902/1339/1339 334/1335/1335
f 334/1335/1335 1902/1339/1339 1201/1340/1340 1903/1341/1341
f 1902/1339/1339 824/1338/1338 3253/1342/1342 1201/1340/1340
f 1201/1340/1340 3253/1342/1342 33/1286/1286 3255/1343/1343
f 1903/1341/1341 1201/1340/1340 3255/1343/1343 825/1344/1344
f 541/1337/1337 1904/1336/1336 1202/1345/1345 2680/1346/1346
f 1904/1336/1336 334/1335/1335 1903/1341/1341 1202/1345/1345
f 1202/1345/1345 1903/1341/1341 825/1344/1344 3254/1347/1347
f 2680/1346/1346 1202/1345/1345 3254/1347/1347 253/1348/1348
f 1899/1325/1325 1203/1349/1349 3258/1350/1350
f 1899/1325/1325 1898/1324/1324 1203/1349/1349
f 1203/1349/1349 1898/1324/1324 335/1351/1351 1907/1352/1352
f 3258/1350/1350 1203/1349/1349 1907/1352/1352 827/1353/1353
f 1898/1324/1324 1901/1328/1328 541/1337/1337 1905/1354/1354
f 1898/1324/1324 1905/1354/1354 335/1351/1351
f 335/1351/1351 1905/1354/1354 1204/1355/1355 1906/1356/1356
f 1905/1354/1354 541/1337/1337 2680/1346/1346 1204/1355/1355
f 1204/1355/1355 2680/1346/1346 253/1348/1348 3256/1357/1357
f 1906/1356/1356 1204/1355/1355 3256/1357/1357 826/1358/1358
f 827/1353/1353 1907/1352/1352 1205/1359/1359 3259/1360/1360
f 1907/1352/1352 335/1351/1351 1906/1356/1356 1205/1359/1359
f 1205/1359/1359 1906/1356/1356 826/1358/1358 3257/1361/1361
f 3259/1360/1360 1205/1359/1359 3257/1361/1361 30/1180/1180
f 3261/1362/1362 828/1363/1363 34/1333/1333
f 34/1333/1333 828/1363/1363 542/1364/1364 1908/1334/1334
f 3260/1365/1365 254/1366/1366 828/1363/1363
f 828/1363/1363 254/1366/1366 542/1364/1364
f 3262/1367/1367 829/1368/1368 543/1369/1369
f 254/1366/1366 3262/1367/1367 543/1369/1369 542/1364/1364
f 3263/1370/1370 3205/1108/1108 1842/1107/1107
f 829/1368/1368 3263/1370/1370 1842/1107/1107 543/1369/1369
f 542/1364/1364 543/1369/1369 3243/1306/1306 2681/1371/1371
f 543/1369/1369 1842/1107/1107 3244/1072/1072 3243/1306/1306
f 2681/1371/1371 3243/1306/1306 3241/1295/1295
f 1908/1334/1334 542/1364/1364 336/1372/1372 1910/1373/1373
f 1908/1334/1334 1910/1373/1373 824/1338/1338
f 542/1364/1364 2681/1371/1371 336/1372/1372
f 336/1372/1372 2681/1371/1371 1206/1374/1374 1909/1375/1375
f 1206/1374/1374 2681/1371/1371 3241/1295/1295
f 1909/1375/1375 1206/1374/1374 3241/1295/1295 819/1290/1290
f 824/1338/1338 1910/1373/1373 1207/1376/1376 3253/1342/1342
f 1910/1373/1373 336/1372/1372 1909/1375/1375 1207/1376/1376
f 1207/1376/1376 1909/1375/1375 819/1290/1290 3242/1287/1287
f 3253/1342/1342 1207/1376/1376 3242/1287/1287 33/1286/1286
f 36/1377/1377 3265/1378/1378 1208/1379/1379 3270/1380/1380
f 3265/1378/1378 830/1381/1381 1911/1382/1382 1208/1379/1379
f 1208/1379/1379 1911/1382/1382 337/1383/1383 1914/1384/1384
f 3270/1380/1380 1208/1379/1379 1914/1384/1384 834/1385/1385
f 830/1381/1381 3264/1386/1386 1209/1387/1387 1911/1382/1382
f 3264/1386/1386 831/1388/1388 1209/1387/1387
f 1209/1387/1387 831/1388/1388 544/1389/1389 1912/1390/1390
f 1911/1382/1382 1209/1387/1387 1912/1390/1390 337/1383/1383
f 337/1383/1383 1912/1390/1390 1210/1391/1391 1913/1392/1392
f 1912/1390/1390 544/1389/1389 1210/1391/1391
f 1210/1391/1391 544/1389/1389 2682/1393/1393
f 1913/1392/1392 1210/1391/1391 2682/1393/1393
f 834/1385/1385 1914/1384/1384 1211/1394/1394 3269/1395/1395
f 1914/1384/1384 337/1383/1383 1913/1392/1392 1211/1394/1394
f 1211/1394/1394 1913/1392/1392 2682/1393/1393 2683/1396/1396
f 3269/1395/1395 1211/1394/1394 2683/1396/1396 255/1397/1397
f 831/1388/1388 35/1398/1398 832/1399/1399 544/1389/1389
f 544/1389/1389 832/1399/1399 3266/1161/1161 246/1214/1214
f 255/1397/1397 2683/1396/1396 1212/1400/1400 3267/1401/1401
f 2683/1396/1396 2682/1393/1393 1915/1402/1402 1212/1400/1400
f 1212/1400/1400 1915/1402/1402 338/1403/1403 1918/1404/1404
f 3267/1401/1401 1212/1400/1400 1918/1404/1404 833/1405/1405
f 2682/1393/1393 1916/1406/1406 1915/1402/1402
f 2682/1393/1393 544/1389/1389 246/1214/1214 1916/1406/1406
f 1915/1402/1402 1916/1406/1406 338/1403/1403
f 338/1403/1403 1916/1406/1406 1213/1407/1407 1917/1408/1408
f 1916/1406/1406 246/1214/1214 1213/1407/1407
f 1213/1407/1407 246/1214/1214 3223/1212/1212
f 1917/1408/1408 1213/1407/1407 3223/1212/1212 811/1207/1207
f 833/1405/1405 1918/1404/1404 1214/1409/1409 3268/1410/1410
f 1918/1404/1404 338/1403/1403 1917/1408/1408 1214/1409/1409
f 1214/1409/1409 1917/1408/1408 811/1207/1207 3224/1204/1204
f 3268/1410/1410 1214/1409/1409 3224/1204/1204 31/1203/1203
f 35/1398/1398 1924/1411/1411 548/1412/1412 832/1399/1399
f 1924/1411/1411 2687/1413/1413 545/1414/1414 548/1412/1412
f 2687/1413/1413 3271/1415/1415 546/1416/1416 545/1414/1414
f 3271/1415/1415 3272/1323/1323 1899/1325/1325 546/1416/1416
f 545/1414/1414 546/1416/1416 1215/1417/1417 2684/1418/1418
f 546/1416/1416 1919/1419/1419 1215/1417/1417
f 1215/1417/1417 1919/1419/1419 339/1420/1420 1922/1421/1421
f 2684/1418/1418 1215/1417/1417 1922/1421/1421 547/1422/1422
f 546/1416/1416 1899/1325/1325 1216/1423/1423 1919/1419/1419
f 1899/1325/1325 3258/1350/1350 1216/1423/1423
f 1216/1423/1423 3258/1350/1350 827/1353/1353 1920/1424/1424
f 1919/1419/1419 1216/1423/1423 1920/1424/1424 339/1420/1420
f 339/1420/1420 1920/1424/1424 1217/1425/1425 1921/1426/1426
f 1920/1424/1424 827/1353/1353 3259/1360/1360 1217/1425/1425
f 1217/1425/1425 3259/1360/1360 30/1180/1180 3217/1178/1178
f 1921/1426/1426 1217/1425/1425 3217/1178/1178 807/1174/1174
f 547/1422/1422 1922/1421/1421 1218/1427/1427 2685/1428/1428
f 1922/1421/1421 339/1420/1420 1921/1426/1426 1218/1427/1427
f 1218/1427/1427 1921/1426/1426 807/1174/1174 3216/1172/1172
f 2685/1428/1428 1218/1427/1427 3216/1172/1172 3214/1165/1165
f 832/1399/1399 548/1412/1412 3215/1162/1162 3266/1161/1161
f 548/1412/1412 545/1414/1414 2684/1418/1418 3215/1162/1162
f 2684/1418/1418 547/1422/1422 2685/1428/1428
f 2684/1418/1418 2685/1428/1428 3214/1165/1165
f 3215/1162/1162 2684/1418/1418 3214/1165/1165
f 3274/1429/1429 835/1430/1430 1923/1431/1431
f 3278/1432/1432 3274/1429/1429 1923/1431/1431 3277/1433/1433
f 835/1430/1430 3273/1434/1434 2686/1435/1435 1923/1431/1431
f 1923/1431/1431 2686/1435/1435 285/1436/1436 549/1437/1437
f 3277/1433/1433 1923/1431/1431 549/1437/1437 837/1438/1438
f 3272/1323/1323 3271/1415/1415 2686/1435/1435 3273/1434/1434
f 3276/1439/1439 3272/1323/1323 3273/1434/1434 836/1440/1440
f 3271/1415/1415 2687/1413/1413 285/1436/1436 2686/1435/1435
f 836/1440/1440 3273/1434/1434 3275/1441/1441
f 3275/1441/1441 3273/1434/1434 256/1442/1442
f 35/1398/1398 837/1438/1438 549/1437/1437 1924/1411/1411
f 1924/1411/1411 549/1437/1437 285/1436/1436 2687/1413/1413
f 3280/1443/1443 838/1444/1444 1219/1445/1445
f 1219/1445/1445 838/1444/1444 1925/1446/1446 1926/1447/1447
f 3279/1448/1448 257/1449/1449 838/1444/1444
f 838/1444/1444 257/1449/1449 1927/1450/1450 1925/1446/1446
f 1925/1446/1446 1927/1450/1450 550/1451/1451 2688/1452/1452
f 1926/1447/1447 1925/1446/1446 2688/1452/1452 2689/1453/1453
f 3281/1454/1454 839/1455/1455 1927/1450/1450
f 257/1449/1449 3281/1454/1454 1927/1450/1450
f 3282/1456/1456 3278/1432/1432 3277/1433/1433
f 839/1455/1455 3282/1456/1456 3277/1433/1433 1927/1450/1450
f 1927/1450/1450 3277/1433/1433 837/1438/1438 550/1451/1451
f 550/1451/1451 837/1438/1438 35/1398/1398 831/1388/1388
f 2688/1452/1452 1220/1457/1457 1928/1458/1458
f 2688/1452/1452 550/1451/1451 831/1388/1388 1220/1457/1457
f 1220/1457/1457 831/1388/1388 3264/1386/1386
f 1928/1458/1458 1220/1457/1457 3264/1386/1386 830/1381/1381
f 2689/1453/1453 1221/1459/1459 3283/1460/1460
f 2689/1453/1453 2688/1452/1452 1928/1458/1458 1221/1459/1459
f 1221/1459/1459 1928/1458/1458 830/1381/1381 3265/1378/1378
f 3283/1460/1460 1221/1459/1459 3265/1378/1378 36/1377/1377
f 38/1461/1461 3285/1462/1462 1222/1463/1463 3289/1464/1464
f 3285/1462/1462 840/1465/1465 1929/1466/1466 1222/1463/1463
f 1222/1463/1463 1929/1466/1466 340/1467/1467 1931/1468/1468
f 3289/1464/1464 1222/1463/1463 1931/1468/1468 843/1469/1469
f 840/1465/1465 3284/1470/1470 1223/1471/1471 1929/1466/1466
f 1223/1471/1471 3284/1470/1470 1933/1472/1472
f 1929/1466/1466 1223/1471/1471 1933/1472/1472 340/1467/1467
f 340/1467/1467 1933/1472/1472 1224/1473/1473 1930/1474/1474
f 1224/1473/1473 1933/1472/1472 2690/1475/1475
f 1930/1474/1474 1224/1473/1473 2690/1475/1475
f 843/1469/1469 1931/1468/1468 1225/1476/1476 3288/1477/1477
f 1931/1468/1468 340/1467/1467 1930/1474/1474 1225/1476/1476
f 1225/1476/1476 1930/1474/1474 2690/1475/1475 2693/1478/1478
f 3288/1477/1477 1225/1476/1476 2693/1478/1478 258/1479/1479
f 3284/1470/1470 841/1480/1480 1932/1481/1481 1933/1472/1472
f 841/1480/1480 37/1482/1482 1954/1483/1483 1932/1481/1481
f 1932/1481/1481 1954/1483/1483 2703/1484/1484 2691/1485/1485
f 1933/1472/1472 1932/1481/1481 2691/1485/1485 2690/1475/1475
f 2690/1475/1475 2691/1485/1485 1934/1486/1486 1935/1487/1487
f 2691/1485/1485 2703/1484/1484 1956/1488/1488 1934/1486/1486
f 1934/1486/1486 1956/1488/1488 735/432/432 3089/573/573
f 1934/1486/1486 3089/573/573 744/564/564
f 1935/1487/1487 1934/1486/1486 744/564/564 3088/559/559
f 2692/1489/1489 1935/1487/1487 3088/559/559 213/538/538
f 258/1479/1479 2693/1478/1478 1226/1490/1490 3286/1491/1491
f 2693/1478/1478 2690/1475/1475 1227/1492/1492 1226/1490/1490
f 1226/1490/1490 1227/1492/1492 1936/1493/1493 1938/1494/1494
f 3286/1491/1491 1226/1490/1490 1938/1494/1494 842/1495/1495
f 2690/1475/1475 1935/1487/1487 1227/1492/1492
f 1227/1492/1492 1935/1487/1487 1936/1493/1493
f 1936/1493/1493 1228/1496/1496 1937/1497/1497
f 1936/1493/1493 1935/1487/1487 2692/1489/1489 1228/1496/1496
f 1228/1496/1496 2692/1489/1489 213/538/538 3086/536/536
f 1937/1497/1497 1228/1496/1496 3086/536/536 743/532/532
f 842/1495/1495 1938/1494/1494 1229/1498/1498 3287/1499/1499
f 1938/1494/1494 1936/1493/1493 1937/1497/1497 1229/1498/1498
f 1229/1498/1498 1937/1497/1497 743/532/532 3087/529/529
f 3287/1499/1499 1229/1498/1498 3087/529/529 16/528/528
f 40/1500/1500 3291/1501/1501 847/1502/1502
f 3290/1503/1503 847/1502/1502 844/1504/1504
f 847/1502/1502 341/1505/1505 1233/1506/1506
f 1233/1506/1506 341/1505/1505 2694/1507/1507
f 259/1508/1508 3292/1509/1509 341/1505/1505
f 3292/1509/1509 845/1510/1510 341/1505/1505
f 845/1510/1510 3293/1511/1511 260/1512/1512 341/1505/1505
f 3293/1511/1511 39/1513/1513 260/1512/1512
f 341/1505/1505 1939/1514/1514 1940/1515/1515
f 341/1505/1505 260/1512/1512 1962/1516/1516 1939/1514/1514
f 1939/1514/1514 1962/1516/1516 37/1482/1482 841/1480/1480
f 1940/1515/1515 1939/1514/1514 841/1480/1480 3284/1470/1470
f 3294/1517/1517 2694/1507/1507 1940/1515/1515
f 2694/1507/1507 341/1505/1505 1940/1515/1515
f 1230/1518/1518 1940/1515/1515 3284/1470/1470
f 1230/1518/1518 3284/1470/1470 840/1465/1465
f 1940/1515/1515 1231/1519/1519 3295/1520/1520
f 1940/1515/1515 1230/1518/1518 1231/1519/1519
f 1231/1519/1519 1230/1518/1518 840/1465/1465 3285/1462/1462
f 3295/1520/1520 1231/1519/1519 3285/1462/1462 38/1461/1461
f 847/1502/1502 1941/1521/1521 846/1522/1522
f 846/1522/1522 1941/1521/1521 1232/1523/1523 1942/1524/1524
f 1941/1521/1521 261/1525/1525 2695/1526/1526 1232/1523/1523
f 2699/1527/1527 1232/1523/1523 286/1528/1528
f 286/1528/1528 1232/1523/1523 3691/1529/1529
f 3691/1529/1529 1232/1523/1523 3690/1530/1530
f 1232/1523/1523 2695/1526/1526 3690/1530/1530
f 1942/1524/1524 1232/1523/1523 2699/1527/1527 553/1531/1531
f 263/1532/1532 846/1522/1522 1942/1524/1524
f 263/1532/1532 1942/1524/1524 553/1531/1531
f 261/1525/1525 847/1502/1502 1944/1533/1533
f 1944/1533/1533 847/1502/1502 342/1534/1534
f 847/1502/1502 1233/1506/1506 342/1534/1534
f 342/1534/1534 1233/1506/1506 1943/1535/1535
f 1233/1506/1506 2694/1507/1507 2696/1536/1536
f 551/1537/1537 3692/1538/1538 2696/1536/1536
f 2696/1536/1536 3692/1538/1538 1233/1506/1506
f 3692/1538/1538 3693/1539/1539 1233/1506/1506
f 1943/1535/1535 1233/1506/1506 3693/1539/1539
f 2695/1526/1526 261/1525/1525 3695/1540/1540
f 3695/1540/1540 261/1525/1525 3694/1541/1541
f 1944/1533/1533 1234/1542/1542 261/1525/1525
f 261/1525/1525 1234/1542/1542 3694/1541/1541
f 1943/1535/1535 3696/1543/1543 342/1534/1534
f 342/1534/1534 3696/1543/1543 1944/1533/1533
f 3696/1543/1543 3697/1544/1544 1944/1533/1533
f 1944/1533/1533 3697/1544/1544 1234/1542/1542
f 1945/1545/1545 343/1546/1546 3704/1547/1547
f 3704/1547/1547 343/1546/1546 3705/1548/1548
f 1948/1549/1549 1235/1550/1550 343/1546/1546
f 1235/1550/1550 3705/1548/1548 343/1546/1546
f 2697/1551/1551 3699/1552/1552 552/1553/1553
f 552/1553/1553 3699/1552/1552 1948/1549/1549
f 3699/1552/1552 3698/1554/1554 1948/1549/1549
f 3698/1554/1554 1235/1550/1550 1948/1549/1549
f 1236/1555/1555 1945/1545/1545 2696/1536/1536
f 1945/1545/1545 3703/1556/1556 2696/1536/1536
f 3703/1556/1556 3702/1557/1557 2696/1536/1536
f 551/1537/1537 2696/1536/1536 3702/1557/1557
f 2696/1536/1536 2694/1507/1507 3294/1517/1517 1236/1555/1555
f 1236/1555/1555 3294/1517/1517 1940/1515/1515 1946/1558/1558
f 1945/1545/1545 1236/1555/1555 1946/1558/1558 343/1546/1546
f 343/1546/1546 1946/1558/1558 1237/1559/1559 1947/1560/1560
f 1946/1558/1558 1940/1515/1515 3295/1520/1520 1237/1559/1559
f 1237/1559/1559 3295/1520/1520 38/1461/1461 3297/1561/1561
f 1947/1560/1560 1237/1559/1559 3297/1561/1561 848/1562/1562
f 552/1553/1553 1948/1549/1549 1238/1563/1563 2698/1564/1564
f 1948/1549/1549 343/1546/1546 1947/1560/1560 1238/1563/1563
f 1238/1563/1563 1947/1560/1560 848/1562/1562 3296/1565/1565
f 2698/1564/1564 1238/1563/1563 3296/1565/1565 262/1566/1566
f 263/1532/1532 1952/1567/1567 3300/1568/1568
f 263/1532/1532 553/1531/1531 1949/1569/1569 1952/1567/1567
f 553/1531/1531 2699/1527/1527 1239/1570/1570 1949/1569/1569
f 2697/1551/1551 1239/1570/1570 3700/1571/1571
f 286/1528/1528 3701/1572/1572 2699/1527/1527
f 2699/1527/1527 3701/1572/1572 1239/1570/1570
f 3701/1572/1572 3700/1571/1571 1239/1570/1570
f 1239/1570/1570 2697/1551/1551 552/1553/1553 1950/1573/1573
f 1949/1569/1569 1239/1570/1570 1950/1573/1573
f 1949/1569/1569 1950/1573/1573 1240/1574/1574 1951/1575/1575
f 1950/1573/1573 552/1553/1553 2698/1564/1564 1240/1574/1574
f 1240/1574/1574 2698/1564/1564 262/1566/1566 3298/1576/1576
f 1951/1575/1575 1240/1574/1574 3298/1576/1576 849/1577/1577
f 1952/1567/1567 1949/1569/1569 1951/1575/1575
f 1952/1567/1567 1951/1575/1575 849/1577/1577 3299/1578/1578
f 3300/1568/1568 1952/1567/1567 3299/1578/1578 41/1579/1579
f 37/1482/1482 850/1580/1580 1953/1581/1581 1954/1483/1483
f 850/1580/1580 264/1582/1582 554/1583/1583 1953/1581/1581
f 1953/1581/1581 554/1583/1583 2700/1584/1584 2702/1585/1585
f 1954/1483/1483 1953/1581/1581 2702/1585/1585 2703/1484/1484
f 264/1582/1582 3301/1586/1586 851/1587/1587 554/1583/1583
f 554/1583/1583 851/1587/1587 265/1588/1588 2700/1584/1584
f 2700/1584/1584 265/1588/1588 852/1589/1589 2701/1590/1590
f 2701/1590/1590 852/1589/1589 1692/409/409 462/422/422
f 2703/1484/1484 2702/1585/1585 1955/1591/1591 1956/1488/1488
f 2702/1585/1585 2700/1584/1584 2701/1590/1590 1955/1591/1591
f 1955/1591/1591 2701/1590/1590 462/422/422 1697/431/431
f 1956/1488/1488 1955/1591/1591 1697/431/431 735/432/432
f 3301/1586/1586 3302/1592/1592 555/1593/1593 851/1587/1587
f 851/1587/1587 555/1593/1593 2704/1594/1594 265/1588/1588
f 3302/1592/1592 3303/1595/1595 1957/1596/1596 555/1593/1593
f 3303/1595/1595 3304/838/838 1774/841/841 1957/1596/1596
f 1957/1596/1596 1774/841/841 2642/846/846 556/1597/1597
f 555/1593/1593 1957/1596/1596 556/1597/1597 2704/1594/1594
f 2704/1594/1594 556/1597/1597 1958/1598/1598 2705/1599/1599
f 556/1597/1597 2642/846/846 1778/853/853 1958/1598/1598
f 1958/1598/1598 1778/853/853 1656/278/278 3071/413/413
f 2705/1599/1599 1958/1598/1598 3071/413/413 3070/410/410
f 265/1588/1588 2704/1594/1594 2705/1599/1599 852/1589/1589
f 852/1589/1589 2705/1599/1599 3070/410/410 1692/409/409
f 3310/1600/1600 3305/1601/1601 557/1602/1602 3309/1603/1603
f 3309/1603/1603 557/1602/1602 559/1604/1604 853/1605/1605
f 3305/1601/1601 3306/1606/1606 1959/1607/1607 557/1602/1602
f 3306/1606/1606 3307/903/903 1795/906/906 1959/1607/1607
f 1959/1607/1607 1795/906/906 2647/911/911 558/1608/1608
f 557/1602/1602 1959/1607/1607 558/1608/1608 559/1604/1604
f 558/1608/1608 2647/911/911 1158/914/914 1960/1609/1609
f 1960/1609/1609 1158/914/914 3304/838/838 3303/1595/1595
f 559/1604/1604 558/1608/1608 1960/1609/1609 2706/1610/1610
f 2706/1610/1610 1960/1609/1609 3303/1595/1595 3302/1592/1592
f 853/1605/1605 559/1604/1604 2706/1610/1610 3308/1611/1611
f 3308/1611/1611 2706/1610/1610 3302/1592/1592 3301/1586/1586
f 39/1513/1513 3312/1612/1612 260/1512/1512
f 3312/1612/1612 854/1613/1613 260/1512/1512
f 854/1613/1613 3311/1614/1614 260/1512/1512
f 3311/1614/1614 266/1615/1615 344/1616/1616 260/1512/1512
f 344/1616/1616 2707/1617/1617 260/1512/1512
f 266/1615/1615 3313/1618/1618 344/1616/1616
f 3313/1618/1618 855/1619/1619 344/1616/1616
f 855/1619/1619 3314/1620/1620 344/1616/1616
f 3314/1620/1620 43/1621/1621 344/1616/1616
f 344/1616/1616 267/1622/1622 2707/1617/1617
f 2707/1617/1617 267/1622/1622 856/1623/1623 2708/1624/1624
f 2708/1624/1624 856/1623/1623 3301/1586/1586 264/1582/1582
f 260/1512/1512 1961/1625/1625 1962/1516/1516
f 260/1512/1512 2707/1617/1617 2708/1624/1624 1961/1625/1625
f 1961/1625/1625 2708/1624/1624 264/1582/1582 850/1580/1580
f 1962/1516/1516 1961/1625/1625 850/1580/1580 37/1482/1482
f 2398/1015/1015 2653/1018/1018 560/1626/1626 1963/1627/1627
f 1963/1627/1627 560/1626/1626 2709/1628/1628 2710/1629/1629
f 2653/1018/1018 1822/1026/1026 1964/1630/1630 560/1626/1626
f 1822/1026/1026 3307/903/903 3306/1606/1606 1964/1630/1630
f 1964/1630/1630 3306/1606/1606 3305/1601/1601 561/1631/1631
f 560/1626/1626 1964/1630/1630 561/1631/1631 2709/1628/1628
f 561/1631/1631 3305/1601/1601 3310/1600/1600 3315/1632/1632
f 2709/1628/1628 561/1631/1631 3315/1632/1632 857/1633/1633
f 2710/1629/1629 2709/1628/1628 857/1633/1633 42/1634/1634
f 3318/1259/1259 250/1285/1285 562/1635/1635 3317/1636/1636
f 3317/1636/1636 562/1635/1635 2711/1637/1637 3316/1638/1638
f 250/1285/1285 818/1284/1284 1965/1639/1639 562/1635/1635
f 818/1284/1284 3185/1050/1050 2395/1640/1640 1965/1639/1639
f 1965/1639/1639 2395/1640/1640 2911/1641/1641 563/1642/1642
f 562/1635/1635 1965/1639/1639 563/1642/1642 2711/1637/1637
f 2711/1637/1637 563/1642/1642 1963/1627/1627 2710/1629/1629
f 563/1642/1642 2911/1641/1641 2398/1015/1015 1963/1627/1627
f 3316/1638/1638 2711/1637/1637 2710/1629/1629 42/1634/1634
f 3236/1157/1157 3235/1263/1263 1966/1643/1643 1967/1644/1644
f 3235/1263/1263 3233/1261/1261 1969/1645/1645 1966/1643/1643
f 1966/1643/1643 1969/1645/1645 2712/1646/1646 2714/1647/1647
f 1967/1644/1644 1966/1643/1643 2714/1647/1647 2715/1648/1648
f 3233/1261/1261 3234/1260/1260 1968/1649/1649 1969/1645/1645
f 3234/1260/1260 3318/1259/1259 3317/1636/1636 1968/1649/1649
f 1968/1649/1649 3317/1636/1636 3316/1638/1638 2713/1650/1650
f 1969/1645/1645 1968/1649/1649 2713/1650/1650 2712/1646/1646
f 2712/1646/1646 2713/1650/1650 1970/1651/1651 1971/1652/1652
f 2713/1650/1650 3316/1638/1638 42/1634/1634 1970/1651/1651
f 2715/1648/1648 2714/1647/1647 344/1616/1616 1242/1653/1653
f 2714/1647/1647 2712/1646/1646 1971/1652/1652 344/1616/1616
f 1242/1653/1653 344/1616/1616 43/1621/1621
f 858/1654/1654 268/1655/1655 847/1502/1502
f 858/1654/1654 847/1502/1502 1972/1656/1656
f 1241/1657/1657 44/1658/1658 3320/1659/1659
f 1241/1657/1657 3320/1659/1659 859/1660/1660
f 1241/1657/1657 859/1660/1660 3319/1661/1661 268/1655/1655
f 268/1655/1655 3319/1661/1661 269/1662/1662
f 268/1655/1655 269/1662/1662 3321/1663/1663
f 268/1655/1655 3321/1663/1663 860/1664/1664
f 268/1655/1655 860/1664/1664 3322/1665/1665 847/1502/1502
f 847/1502/1502 3322/1665/1665 40/1500/1500
f 1972/1656/1656 847/1502/1502 846/1522/1522 263/1532/1532
f 3323/1666/1666 1972/1656/1656 263/1532/1532
f 3330/1129/1129 806/1160/1160 1973/1667/1667 3329/1668/1668
f 806/1160/1160 805/1158/1158 1974/1669/1669 1973/1667/1667
f 1973/1667/1667 1974/1669/1669 564/1670/1670 565/1671/1671
f 3329/1668/1668 1973/1667/1667 565/1671/1671 3328/1672/1672
f 805/1158/1158 3236/1157/1157 1967/1644/1644 1974/1669/1669
f 1974/1669/1669 1967/1644/1644 2715/1648/1648 564/1670/1670
f 564/1670/1670 2715/1648/1648 1242/1653/1653
f 1242/1653/1653 43/1621/1621 3325/1673/1673
f 1242/1653/1653 3325/1673/1673 861/1674/1674
f 1242/1653/1653 861/1674/1674 3324/1675/1675
f 1242/1653/1653 3324/1675/1675 270/1676/1676
f 3328/1672/1672 565/1671/1671 1241/1657/1657
f 565/1671/1671 564/1670/1670 1242/1653/1653 1241/1657/1657
f 1242/1653/1653 270/1676/1676 3326/1677/1677
f 1241/1657/1657 1242/1653/1653 3326/1677/1677 862/1678/1678
f 1241/1657/1657 862/1678/1678 3327/1679/1679
f 1241/1657/1657 3327/1679/1679 44/1658/1658
f 3209/1134/1134 3208/1133/1133 1975/1680/1680 1976/1681/1681
f 3208/1133/1133 801/1130/1130 1977/1682/1682 1975/1680/1680
f 1975/1680/1680 1977/1682/1682 566/1683/1683 2716/1684/1684
f 1976/1681/1681 1975/1680/1680 2716/1684/1684 2717/1685/1685
f 801/1130/1130 3330/1129/1129 3329/1668/1668 1977/1682/1682
f 1977/1682/1682 3329/1668/1668 3328/1672/1672 566/1683/1683
f 566/1683/1683 3328/1672/1672 1241/1657/1657 1978/1686/1686
f 1978/1686/1686 1241/1657/1657 268/1655/1655
f 2717/1685/1685 2716/1684/1684 1979/1687/1687 1980/1688/1688
f 2716/1684/1684 566/1683/1683 1978/1686/1686 1979/1687/1687
f 1979/1687/1687 1978/1686/1686 268/1655/1655 858/1654/1654
f 1980/1688/1688 1979/1687/1687 858/1654/1654
f 47/1689/1689 863/1690/1690 1245/1691/1691 1243/1692/1692
f 1243/1692/1692 1245/1691/1691 1983/1693/1693 1981/1694/1694
f 1981/1694/1694 1983/1693/1693 1248/1695/1695 1244/1696/1696
f 1244/1696/1696 1248/1695/1695 2718/1697/1697 2720/1698/1698
f 863/1690/1690 864/1699/1699 1246/1700/1700 1245/1691/1691
f 1245/1691/1691 1246/1700/1700 1982/1701/1701 1983/1693/1693
f 864/1699/1699 45/1702/1702 3332/1703/1703 1246/1700/1700
f 1246/1700/1700 3332/1703/1703 865/1704/1704 1982/1701/1701
f 1982/1701/1701 865/1704/1704 3331/1705/1705 1247/1706/1706
f 1247/1706/1706 3331/1705/1705 271/1707/1707 2719/1708/1708
f 1983/1693/1693 1982/1701/1701 1247/1706/1706 1248/1695/1695
f 1248/1695/1695 1247/1706/1706 2719/1708/1708 2718/1697/1697
f 2718/1697/1697 2719/1708/1708 1250/1709/1709 1249/1710/1710
f 1249/1710/1710 1250/1709/1709 1984/1711/1711 1985/1712/1712
f 2719/1708/1708 271/1707/1707 3333/1713/1713 1250/1709/1709
f 1250/1709/1709 3333/1713/1713 866/1714/1714 1984/1711/1711
f 1984/1711/1711 866/1714/1714 3334/1715/1715 1251/1716/1716
f 1251/1716/1716 3334/1715/1715 46/1717/1717 3336/1718/1718
f 1985/1712/1712 1984/1711/1711 1251/1716/1716 1252/1719/1719
f 1252/1719/1719 1251/1716/1716 3336/1718/1718 3335/1720/1720
f 2720/1698/1698 2718/1697/1697 1249/1710/1710 1253/1721/1721
f 1253/1721/1721 1249/1710/1710 1985/1712/1712 1986/1722/1722
f 1986/1722/1722 1985/1712/1712 1252/1719/1719 1254/1723/1723
f 1254/1723/1723 1252/1719/1719 3335/1720/1720 877/1724/1724
f 24/773/773 2637/776/776 1257/1725/1725 1255/1726/1726
f 1255/1726/1726 1257/1725/1725 1989/1727/1727 1987/1728/1728
f 1987/1728/1728 1989/1727/1727 1260/1729/1729 1256/1730/1730
f 1256/1730/1730 1260/1729/1729 2721/1731/1731 2723/1732/1732
f 2637/776/776 1762/806/806 1258/1733/1733 1257/1725/1725
f 1257/1725/1725 1258/1733/1733 1988/1734/1734 1989/1727/1727
f 1762/806/806 21/656/656 3338/1735/1735 1258/1733/1733
f 1258/1733/1733 3338/1735/1735 867/1736/1736 1988/1734/1734
f 1988/1734/1734 867/1736/1736 3337/1737/1737 1259/1738/1738
f 1259/1738/1738 3337/1737/1737 272/1739/1739 2722/1740/1740
f 1989/1727/1727 1988/1734/1734 1259/1738/1738 1260/1729/1729
f 1260/1729/1729 1259/1738/1738 2722/1740/1740 2721/1731/1731
f 2721/1731/1731 2722/1740/1740 1262/1741/1741 1261/1742/1742
f 1261/1742/1742 1262/1741/1741 1990/1743/1743 1991/1744/1744
f 2722/1740/1740 272/1739/1739 3339/1745/1745 1262/1741/1741
f 1262/1741/1741 3339/1745/1745 868/1746/1746 1990/1743/1743
f 1990/1743/1743 868/1746/1746 3340/1747/1747 1263/1748/1748
f 1263/1748/1748 3340/1747/1747 45/1702/1702 864/1699/1699
f 1991/1744/1744 1990/1743/1743 1263/1748/1748 1264/1749/1749
f 1264/1749/1749 1263/1748/1748 864/1699/1699 863/1690/1690
f 2723/1732/1732 2721/1731/1731 1261/1742/1742 1265/1750/1750
f 1265/1750/1750 1261/1742/1742 1991/1744/1744 1992/1751/1751
f 1992/1751/1751 1991/1744/1744 1264/1749/1749 1266/1752/1752
f 1266/1752/1752 1264/1749/1749 863/1690/1690 47/1689/1689
f 3342/1753/1753 869/1754/1754 345/1755/1755 1995/1756/1756
f 3346/1757/1757 3342/1753/1753 1995/1756/1756 872/1758/1758
f 3341/1759/1759 94/1760/1760 567/1761/1761 1993/1762/1762
f 869/1754/1754 3341/1759/1759 1993/1762/1762 345/1755/1755
f 345/1755/1755 1993/1762/1762 1267/1763/1763 1994/1764/1764
f 1993/1762/1762 567/1761/1761 2724/1765/1765 1267/1763/1763
f 1267/1763/1763 2724/1765/1765 569/1766/1766 2001/1767/1767
f 1994/1764/1764 1267/1763/1763 2001/1767/1767 570/1768/1768
f 872/1758/1758 1995/1756/1756 1268/1769/1769 3345/1770/1770
f 1995/1756/1756 345/1755/1755 1994/1764/1764 1268/1769/1769
f 1268/1769/1769 1994/1764/1764 570/1768/1768 2002/1771/1771
f 3345/1770/1770 1268/1769/1769 2002/1771/1771 871/1772/1772
f 3343/1773/1773 870/1774/1774 346/1775/1775 1998/1776/1776
f 94/1760/1760 3343/1773/1773 1998/1776/1776 567/1761/1761
f 3344/1777/1777 2533/297/297 2402/1778/1778 1996/1779/1779
f 870/1774/1774 3344/1777/1777 1996/1779/1779 346/1775/1775
f 346/1775/1775 1996/1779/1779 1269/1780/1780 1997/1781/1781
f 1996/1779/1779 2402/1778/1778 1479/1782/1782 1269/1780/1780
f 1269/1780/1780 1479/1782/1782 2407/1783/1783 1999/1784/1784
f 1997/1781/1781 1269/1780/1780 1999/1784/1784 568/1785/1785
f 567/1761/1761 1998/1776/1776 1270/1786/1786 2724/1765/1765
f 1998/1776/1776 346/1775/1775 1997/1781/1781 1270/1786/1786
f 1270/1786/1786 1997/1781/1781 568/1785/1785 2000/1787/1787
f 2724/1765/1765 1270/1786/1786 2000/1787/1787 569/1766/1766
f 568/1785/1785 1999/1784/1784 1255/1726/1726 1987/1728/1728
f 1999/1784/1784 2407/1783/1783 24/773/773 1255/1726/1726
f 569/1766/1766 2000/1787/1787 1256/1730/1730 2723/1732/1732
f 2000/1787/1787 568/1785/1785 1987/1728/1728 1256/1730/1730
f 570/1768/1768 2001/1767/1767 1265/1750/1750 1992/1751/1751
f 2001/1767/1767 569/1766/1766 2723/1732/1732 1265/1750/1750
f 871/1772/1772 2002/1771/1771 1266/1752/1752 47/1689/1689
f 2002/1771/1771 570/1768/1768 1992/1751/1751 1266/1752/1752
f 3346/1757/1757 872/1758/1758 2003/1788/1788 1271/1789/1789
f 1271/1789/1789 2003/1788/1788 347/1790/1790 2006/1791/1791
f 872/1758/1758 3345/1770/1770 1272/1792/1792 2003/1788/1788
f 3345/1770/1770 871/1772/1772 2007/1793/1793 1272/1792/1792
f 1272/1792/1792 2007/1793/1793 348/1794/1794 2004/1795/1795
f 2003/1788/1788 1272/1792/1792 2004/1795/1795 347/1790/1790
f 347/1790/1790 2004/1795/1795 1273/1796/1796 2005/1797/1797
f 2004/1795/1795 348/1794/1794 2008/1798/1798 1273/1796/1796
f 1273/1796/1796 2008/1798/1798 571/1799/1799 2725/1800/1800
f 2005/1797/1797 1273/1796/1796 2725/1800/1800 572/1801/1801
f 2006/1791/1791 347/1790/1790 2005/1797/1797 1274/1802/1802
f 1274/1802/1802 2005/1797/1797 572/1801/1801 2726/1803/1803
f 871/1772/1772 47/1689/1689 1243/1692/1692 2007/1793/1793
f 2007/1793/1793 1243/1692/1692 1981/1694/1694 348/1794/1794
f 348/1794/1794 1981/1694/1694 1244/1696/1696 2008/1798/1798
f 2008/1798/1798 1244/1696/1696 2720/1698/1698 571/1799/1799
f 571/1799/1799 2720/1698/1698 1253/1721/1721 2009/1804/1804
f 2009/1804/1804 1253/1721/1721 1986/1722/1722 349/1805/1805
f 349/1805/1805 1986/1722/1722 1254/1723/1723 2010/1806/1806
f 2010/1806/1806 1254/1723/1723 877/1724/1724 873/1807/1807
f 2726/1803/1803 572/1801/1801 2011/1808/1808 1275/1809/1809
f 1275/1809/1809 2011/1808/1808 350/1810/1810 2014/1811/1811
f 572/1801/1801 2725/1800/1800 1276/1812/1812 2011/1808/1808
f 2725/1800/1800 571/1799/1799 2009/1804/1804 1276/1812/1812
f 1276/1812/1812 2009/1804/1804 349/1805/1805 2012/1813/1813
f 2011/1808/1808 1276/1812/1812 2012/1813/1813 350/1810/1810
f 350/1810/1810 2012/1813/1813 1277/1814/1814 2013/1815/1815
f 2012/1813/1813 349/1805/1805 2010/1806/1806 1277/1814/1814
f 1277/1814/1814 2010/1806/1806 873/1807/1807 3347/1816/1816
f 2013/1815/1815 1277/1814/1814 3347/1816/1816 874/1817/1817
f 2014/1811/1811 350/1810/1810 2013/1815/1815 1278/1818/1818
f 1278/1818/1818 2013/1815/1815 874/1817/1817 3348/1819/1819
f 50/1820/1820 3349/1821/1821 573/1822/1822 574/1823/1823
f 49/1824/1824 2728/1825/1825 2727/1826/1826 2015/1827/1827
f 2015/1827/1827 2727/1826/1826 573/1822/1822 3349/1821/1821
f 875/1828/1828 574/1823/1823 573/1822/1822 2727/1826/1826
f 48/1829/1829 875/1828/1828 2727/1826/1826 2728/1825/1825
f 49/1824/1824 876/1830/1830 2730/1831/1831 2728/1825/1825
f 876/1830/1830 95/1832/1832 2729/1833/1833 2730/1831/1831
f 95/1832/1832 877/1724/1724 3335/1720/1720 2729/1833/1833
f 2729/1833/1833 3335/1720/1720 3336/1718/1718 2016/1834/1834
f 3336/1718/1718 46/1717/1717 3351/1835/1835
f 3336/1718/1718 3351/1835/1835 878/1836/1836
f 2016/1834/1834 3336/1718/1718 878/1836/1836 3350/1837/1837
f 2016/1834/1834 3350/1837/1837 96/1838/1838
f 2728/1825/1825 2730/1831/1831 2017/1839/1839 48/1829/1829
f 2730/1831/1831 2729/1833/1833 2016/1834/1834 2017/1839/1839
f 2017/1839/1839 2016/1834/1834 96/1838/1838 3352/1840/1840
f 2017/1839/1839 3352/1840/1840 879/1841/1841
f 48/1829/1829 2017/1839/1839 3353/1842/1842
f 3353/1842/1842 2017/1839/1839 879/1841/1841
f 51/1843/1843 3354/1844/1844 2018/1845/1845 2019/1846/1846
f 3354/1844/1844 97/1847/1847 2020/1848/1848 2018/1845/1845
f 2018/1845/1845 2020/1848/1848 1281/1849/1849 1279/1850/1850
f 1279/1850/1850 1281/1849/1849 2021/1851/1851 2022/1852/1852
f 2019/1846/1846 2018/1845/1845 1279/1850/1850 1280/1853/1853
f 1280/1853/1853 1279/1850/1850 2022/1852/1852 2023/1854/1854
f 97/1847/1847 3348/1819/1819 874/1817/1817 2020/1848/1848
f 2020/1848/1848 874/1817/1817 3347/1816/1816 1281/1849/1849
f 1281/1849/1849 3347/1816/1816 873/1807/1807 2021/1851/1851
f 2021/1851/1851 873/1807/1807 877/1724/1724 95/1832/1832
f 2022/1852/1852 2021/1851/1851 95/1832/1832 876/1830/1830
f 2023/1854/1854 2022/1852/1852 876/1830/1830 49/1824/1824
f 52/1855/1855 3356/1856/1856 1282/1857/1857 3358/1858/1858
f 3356/1856/1856 880/1859/1859 2024/1860/1860 1282/1857/1857
f 1282/1857/1857 2024/1860/1860 351/1861/1861 2027/1862/1862
f 3358/1858/1858 1282/1857/1857 2027/1862/1862 882/1863/1863
f 880/1859/1859 3355/1864/1864 1283/1865/1865 2024/1860/1860
f 3355/1864/1864 98/1866/1866 2732/1867/1867 1283/1865/1865
f 1283/1865/1865 2732/1867/1867 575/1868/1868 2025/1869/1869
f 2024/1860/1860 1283/1865/1865 2025/1869/1869 351/1861/1861
f 351/1861/1861 2025/1869/1869 1284/1870/1870 2026/1871/1871
f 2025/1869/1869 575/1868/1868 2731/1872/1872 1284/1870/1870
f 1284/1870/1870 2731/1872/1872 577/1873/1873
f 2026/1871/1871 1284/1870/1870 577/1873/1873 578/1874/1874
f 882/1863/1863 2027/1862/1862 1285/1875/1875 3357/1876/1876
f 2027/1862/1862 351/1861/1861 2026/1871/1871 1285/1875/1875
f 1285/1875/1875 2026/1871/1871 578/1874/1874
f 3357/1876/1876 1285/1875/1875 578/1874/1874
f 98/1866/1866 881/1877/1877 2732/1867/1867
f 2732/1867/1867 881/1877/1877 352/1878/1878 575/1868/1868
f 881/1877/1877 51/1843/1843 2019/1846/1846 352/1878/1878
f 352/1878/1878 2019/1846/1846 1280/1853/1853 2028/1879/1879
f 2028/1879/1879 1280/1853/1853 2023/1854/1854 576/1880/1880
f 575/1868/1868 352/1878/1878 2028/1879/1879 2731/1872/1872
f 2731/1872/1872 2028/1879/1879 576/1880/1880 577/1873/1873
f 576/1880/1880 2023/1854/1854 49/1824/1824 2015/1827/1827
f 577/1873/1873 576/1880/1880 2015/1827/1827 3349/1821/1821
f 578/1874/1874 577/1873/1873 3349/1821/1821 50/1820/1820
f 53/1881/1881 3360/1882/1882 1286/1883/1883 3366/1884/1884
f 3360/1882/1882 883/1885/1885 2029/1886/1886 1286/1883/1883
f 1286/1883/1883 2029/1886/1886 353/1887/1887 2031/1888/1888
f 3366/1884/1884 1286/1883/1883 2031/1888/1888 885/1889/1889
f 883/1885/1885 3359/1890/1890 1287/1891/1891 2029/1886/1886
f 3359/1890/1890 99/1892/1892 2734/1893/1893 1287/1891/1891
f 1287/1891/1891 2734/1893/1893 354/1894/1894
f 2029/1886/1886 1287/1891/1891 354/1894/1894 353/1887/1887
f 353/1887/1887 354/1894/1894 1288/1895/1895 2030/1896/1896
f 354/1894/1894 2733/1897/1897 1288/1895/1895
f 1288/1895/1895 2733/1897/1897 287/1898/1898 2737/1899/1899
f 2030/1896/1896 1288/1895/1895 2737/1899/1899 581/1900/1900
f 885/1889/1889 2031/1888/1888 1289/1901/1901 3365/1902/1902
f 2031/1888/1888 353/1887/1887 2030/1896/1896 1289/1901/1901
f 1289/1901/1901 2030/1896/1896 581/1900/1900 2738/1903/1903
f 3365/1902/1902 1289/1901/1901 2738/1903/1903 100/1904/1904
f 99/1892/1892 3361/1905/1905 2032/1906/1906 2734/1893/1893
f 2734/1893/1893 2032/1906/1906 354/1894/1894
f 3361/1905/1905 3362/1907/1907 1294/1908/1908 2032/1906/1906
f 2032/1906/1906 1294/1908/1908 2039/1909/1909 354/1894/1894
f 354/1894/1894 2039/1909/1909 1297/1910/1910 2033/1911/1911
f 2033/1911/1911 1297/1910/1910 2741/1912/1912 579/1913/1913
f 354/1894/1894 2033/1911/1911 2733/1897/1897
f 2733/1897/1897 2033/1911/1911 579/1913/1913 287/1898/1898
f 287/1898/1898 579/1913/1913 2735/1914/1914
f 2735/1914/1914 579/1913/1913 580/1915/1915
f 579/1913/1913 2741/1912/1912 51/1843/1843 881/1877/1877
f 580/1915/1915 579/1913/1913 881/1877/1877 2736/1916/1916
f 2736/1916/1916 881/1877/1877 98/1866/1866
f 100/1904/1904 2738/1903/1903 1290/1917/1917 3363/1918/1918
f 2738/1903/1903 581/1900/1900 2034/1919/1919 1290/1917/1917
f 1290/1917/1917 2034/1919/1919 355/1920/1920 2037/1921/1921
f 3363/1918/1918 1290/1917/1917 2037/1921/1921 884/1922/1922
f 581/1900/1900 2737/1899/1899 1291/1923/1923 2034/1919/1919
f 2737/1899/1899 287/1898/1898 2735/1914/1914 1291/1923/1923
f 1291/1923/1923 2735/1914/1914 580/1915/1915 2035/1924/1924
f 2034/1919/1919 1291/1923/1923 2035/1924/1924 355/1920/1920
f 355/1920/1920 2035/1924/1924 1292/1925/1925 2036/1926/1926
f 2035/1924/1924 580/1915/1915 2736/1916/1916 1292/1925/1925
f 1292/1925/1925 2736/1916/1916 98/1866/1866 3355/1864/1864
f 2036/1926/1926 1292/1925/1925 3355/1864/1864 880/1859/1859
f 884/1922/1922 2037/1921/1921 1293/1927/1927 3364/1928/1928
f 2037/1921/1921 355/1920/1920 2036/1926/1926 1293/1927/1927
f 1293/1927/1927 2036/1926/1926 880/1859/1859 3356/1856/1856
f 3364/1928/1928 1293/1927/1927 3356/1856/1856 52/1855/1855
f 3362/1907/1907 886/1929/1929 1295/1930/1930 1294/1908/1908
f 1294/1908/1908 1295/1930/1930 2038/1931/1931 2039/1909/1909
f 886/1929/1929 101/1932/1932 1298/1933/1933 1295/1930/1930
f 1295/1930/1930 1298/1933/1933 2040/1934/1934 2038/1931/1931
f 2038/1931/1931 2040/1934/1934 1299/1935/1935 1296/1936/1936
f 1296/1936/1936 1299/1935/1935 2739/1937/1937 2740/1938/1938
f 2039/1909/1909 2038/1931/1931 1296/1936/1936 1297/1910/1910
f 1297/1910/1910 1296/1936/1936 2740/1938/1938 2741/1912/1912
f 101/1932/1932 887/1939/1939 3368/1940/1940 1298/1933/1933
f 1298/1933/1933 3368/1940/1940 888/1941/1941 2040/1934/1934
f 2040/1934/1934 888/1941/1941 3367/1942/1942 1299/1935/1935
f 1299/1935/1935 3367/1942/1942 102/1943/1943 2739/1937/1937
f 2739/1937/1937 102/1943/1943 3348/1819/1819 97/1847/1847
f 2740/1938/1938 2739/1937/1937 97/1847/1847 3354/1844/1844
f 2741/1912/1912 2740/1938/1938 3354/1844/1844 51/1843/1843
f 3369/1944/1944 103/1945/1945 3706/1946/1946
f 103/1945/1945 2743/1947/1947 3706/1946/1946
f 3706/1946/1946 2743/1947/1947 3707/1948/1948
f 2743/1947/1947 1300/1949/1949 3707/1948/1948
f 2041/1950/1950 3708/1951/1951 582/1952/1952
f 582/1952/1952 3708/1951/1951 2743/1947/1947
f 3708/1951/1951 3709/1953/1953 2743/1947/1947
f 1300/1949/1949 2743/1947/1947 3709/1953/1953
f 1301/1954/1954 3711/1955/1955 2742/1956/1956
f 2742/1956/1956 3711/1955/1955 582/1952/1952
f 3711/1955/1955 3710/1957/1957 582/1952/1952
f 2041/1950/1950 582/1952/1952 3710/1957/1957
f 1301/1954/1954 2742/1956/1956 288/1958/1958 2745/1959/1959
f 2745/1959/1959 585/1960/1960 1301/1954/1954
f 1301/1954/1954 585/1960/1960 3712/1961/1961
f 3712/1961/1961 585/1960/1960 3713/1962/1962
f 2042/1963/1963 3713/1962/1962 585/1960/1960
f 2746/1964/1964 1302/1965/1965 585/1960/1960
f 1302/1965/1965 3717/1966/1966 585/1960/1960
f 3717/1966/1966 3716/1967/1967 585/1960/1960
f 3716/1967/1967 2042/1963/1963 585/1960/1960
f 105/1968/1968 3377/1969/1969 2746/1964/1964
f 3377/1969/1969 3715/1970/1970 2746/1964/1964
f 3715/1970/1970 3714/1971/1971 2746/1964/1964
f 3714/1971/1971 1302/1965/1965 2746/1964/1964
f 103/1945/1945 3370/1972/1972 1303/1973/1973 2743/1947/1947
f 1303/1973/1973 3370/1972/1972 356/1974/1974
f 2743/1947/1947 1303/1973/1973 356/1974/1974 582/1952/1952
f 3370/1972/1972 3371/1975/1975 356/1974/1974
f 356/1974/1974 3371/1975/1975 3372/1976/1976 2043/1977/1977
f 2043/1977/1977 3372/1976/1976 583/1978/1978
f 582/1952/1952 356/1974/1974 2043/1977/1977 2742/1956/1956
f 2742/1956/1956 2043/1977/1977 583/1978/1978 288/1958/1958
f 288/1958/1958 583/1978/1978 2044/1979/1979 2744/1980/1980
f 2744/1980/1980 2044/1979/1979 584/1981/1981
f 583/1978/1978 3372/1976/1976 3373/1982/1982 2044/1979/1979
f 2044/1979/1979 3373/1982/1982 3374/1983/1983 3375/1984/1984
f 584/1981/1981 2044/1979/1979 3375/1984/1984 104/1985/1985
f 105/1968/1968 2746/1964/1964 2047/1986/1986 889/1987/1987
f 2746/1964/1964 585/1960/1960 2045/1988/1988 2047/1986/1986
f 2047/1986/1986 2045/1988/1988 357/1989/1989
f 585/1960/1960 2745/1959/1959 1304/1990/1990 2045/1988/1988
f 2745/1959/1959 288/1958/1958 2744/1980/1980 1304/1990/1990
f 1304/1990/1990 2744/1980/1980 584/1981/1981 2046/1991/1991
f 2045/1988/1988 1304/1990/1990 2046/1991/1991 357/1989/1989
f 357/1989/1989 2046/1991/1991 104/1985/1985
f 2046/1991/1991 584/1981/1981 104/1985/1985
f 889/1987/1987 2047/1986/1986 3376/1992/1992
f 2047/1986/1986 357/1989/1989 3376/1992/1992
f 3376/1992/1992 357/1989/1989 104/1985/1985
f 890/1993/1993 106/1994/1994 2747/1995/1995 588/1996/1996
f 893/1997/1997 890/1993/1993 588/1996/1996 3378/1998/1998
f 891/1999/1999 3374/1983/1983 2971/2000/2000 586/2001/2001
f 106/1994/1994 891/1999/1999 586/2001/2001 2747/1995/1995
f 2747/1995/1995 586/2001/2001 587/2002/2002
f 586/2001/2001 2971/2000/2000 3362/1907/1907 3361/1905/1905
f 587/2002/2002 586/2001/2001 2748/2003/2003
f 2748/2003/2003 586/2001/2001 3361/1905/1905 99/1892/1892
f 588/1996/1996 2048/2004/2004 358/2005/2005 2051/2006/2006
f 3378/1998/1998 588/1996/1996 2051/2006/2006 892/2007/2007
f 588/1996/1996 2747/1995/1995 1305/2008/2008 2048/2004/2004
f 1305/2008/2008 2747/1995/1995 587/2002/2002 2049/2009/2009
f 2048/2004/2004 1305/2008/2008 2049/2009/2009 358/2005/2005
f 358/2005/2005 2049/2009/2009 1306/2010/2010 2050/2011/2011
f 2049/2009/2009 587/2002/2002 2748/2003/2003 1306/2010/2010
f 1306/2010/2010 2748/2003/2003 99/1892/1892 3359/1890/1890
f 2050/2011/2011 1306/2010/2010 3359/1890/1890 883/1885/1885
f 892/2007/2007 2051/2006/2006 1307/2012/2012 3379/2013/2013
f 2051/2006/2006 358/2005/2005 2050/2011/2011 1307/2012/2012
f 1307/2012/2012 2050/2011/2011 883/1885/1885 3360/1882/1882
f 3379/2013/2013 1307/2012/2012 3360/1882/1882 53/1881/1881
f 2052/2014/2014 1308/2015/2015 894/2016/2016
f 1308/2015/2015 3719/2017/2017 894/2016/2016
f 3719/2017/2017 3718/2018/2018 894/2016/2016
f 3381/2019/2019 894/2016/2016 3718/2018/2018
f 1308/2015/2015 2052/2014/2014 3721/2020/2020
f 2052/2014/2014 359/2021/2021 3721/2020/2020
f 3721/2020/2020 359/2021/2021 3720/2022/2022
f 359/2021/2021 2055/2023/2023 3720/2022/2022
f 894/2016/2016 3380/2024/2024 1309/2025/2025 2052/2014/2014
f 3380/2024/2024 107/2026/2026 1312/2027/2027 1309/2025/2025
f 1309/2025/2025 1312/2027/2027 2059/2028/2028 2053/2029/2029
f 2052/2014/2014 1309/2025/2025 2053/2029/2029 359/2021/2021
f 359/2021/2021 2053/2029/2029 1310/2030/2030 2054/2031/2031
f 2059/2028/2028 2749/2032/2032 2053/2029/2029
f 2053/2029/2029 2749/2032/2032 1310/2030/2030
f 1310/2030/2030 2749/2032/2032 2750/2033/2033
f 2054/2031/2031 1310/2030/2030 2750/2033/2033 590/2034/2034
f 2054/2031/2031 1311/2035/2035 359/2021/2021
f 1311/2035/2035 3723/2036/2036 359/2021/2021
f 2055/2023/2023 359/2021/2021 3722/2037/2037
f 359/2021/2021 3723/2036/2036 3722/2037/2037
f 1311/2035/2035 2054/2031/2031 590/2034/2034 2753/2038/2038
f 1311/2035/2035 2753/2038/2038 3724/2039/2039
f 3724/2039/2039 2753/2038/2038 3725/2040/2040
f 3725/2040/2040 2753/2038/2038 3369/1944/1944
f 3369/1944/1944 2753/2038/2038 103/1945/1945
f 107/2026/2026 3382/2041/2041 1312/2027/2027
f 3382/2041/2041 895/2042/2042 2056/2043/2043 1312/2027/2027
f 1312/2027/2027 2056/2043/2043 360/2044/2044 2059/2028/2028
f 895/2042/2042 3383/2045/2045 1313/2046/2046 2056/2043/2043
f 3383/2045/2045 55/2047/2047 3385/2048/2048 1313/2046/2046
f 1313/2046/2046 3385/2048/2048 896/2049/2049 2057/2050/2050
f 2056/2043/2043 1313/2046/2046 2057/2050/2050 360/2044/2044
f 360/2044/2044 2057/2050/2050 1314/2051/2051 2058/2052/2052
f 2057/2050/2050 896/2049/2049 3384/2053/2053 1314/2051/2051
f 1314/2051/2051 3384/2053/2053 108/2054/2054 2751/2055/2055
f 2058/2052/2052 1314/2051/2051 2751/2055/2055 589/2056/2056
f 2059/2028/2028 360/2044/2044 2058/2052/2052
f 2059/2028/2028 2058/2052/2052 589/2056/2056 2750/2033/2033
f 2749/2032/2032 2059/2028/2028 2750/2033/2033
f 2750/2033/2033 589/2056/2056 2060/2057/2057
f 2750/2033/2033 2060/2057/2057 361/2058/2058 2063/2059/2059
f 2750/2033/2033 2063/2059/2059 2752/2060/2060
f 589/2056/2056 2751/2055/2055 1315/2061/2061 2060/2057/2057
f 2751/2055/2055 108/2054/2054 3386/2062/2062 1315/2061/2061
f 1315/2061/2061 3386/2062/2062 897/2063/2063 2061/2064/2064
f 2060/2057/2057 1315/2061/2061 2061/2064/2064 361/2058/2058
f 361/2058/2058 2061/2064/2064 1316/2065/2065 2062/2066/2066
f 2061/2064/2064 897/2063/2063 3387/2067/2067 1316/2065/2065
f 1316/2065/2065 3387/2067/2067 54/2068/2068 3389/2069/2069
f 2062/2066/2066 1316/2065/2065 3389/2069/2069 898/2070/2070
f 2063/2059/2059 361/2058/2058 2062/2066/2066
f 2063/2059/2059 2062/2066/2066 898/2070/2070 3388/2071/2071
f 2752/2060/2060 2063/2059/2059 3388/2071/2071
f 103/1945/1945 2753/2038/2038 1317/2072/2072 3370/1972/1972
f 2753/2038/2038 590/2034/2034 2064/2073/2073 1317/2072/2072
f 1317/2072/2072 2064/2073/2073 362/2074/2074 2065/2075/2075
f 3370/1972/1972 1317/2072/2072 2065/2075/2075
f 590/2034/2034 2750/2033/2033 1318/2076/2076 2064/2073/2073
f 1318/2076/2076 2750/2033/2033 2752/2060/2060
f 2064/2073/2073 1318/2076/2076 2752/2060/2060 362/2074/2074
f 362/2074/2074 2752/2060/2060 899/2077/2077
f 3370/1972/1972 2065/2075/2075 899/2077/2077 3371/1975/1975
f 2065/2075/2075 362/2074/2074 899/2077/2077
f 1271/1789/1789 2006/1791/1791 593/2078/2078 2757/2079/2079
f 3346/1757/1757 1271/1789/1789 2757/2079/2079 109/2080/2080
f 1274/1802/1802 2726/1803/1803 591/2081/2081 2756/2082/2082
f 2006/1791/1791 1274/1802/1802 2756/2082/2082 593/2078/2078
f 3348/1819/1819 102/1943/1943 2755/2083/2083 1278/1818/1818
f 1278/1818/1818 2755/2083/2083 592/2084/2084 2014/1811/1811
f 2014/1811/1811 592/2084/2084 2754/2085/2085 1275/1809/1809
f 1275/1809/1809 2754/2085/2085 591/2081/2081 2726/1803/1803
f 887/1939/1939 3391/2086/2086 1319/2087/2087 3368/1940/1940
f 3391/2086/2086 900/2088/2088 2066/2089/2089 1319/2087/2087
f 1319/2087/2087 2066/2089/2089 363/2090/2090 2069/2091/2091
f 3368/1940/1940 1319/2087/2087 2069/2091/2091 888/1941/1941
f 900/2088/2088 3390/2092/2092 1320/2093/2093 2066/2089/2089
f 3390/2092/2092 109/2080/2080 2757/2079/2079 1320/2093/2093
f 1320/2093/2093 2757/2079/2079 593/2078/2078 2067/2094/2094
f 2066/2089/2089 1320/2093/2093 2067/2094/2094 363/2090/2090
f 363/2090/2090 2067/2094/2094 1321/2095/2095 2068/2096/2096
f 2067/2094/2094 593/2078/2078 2756/2082/2082 1321/2095/2095
f 1321/2095/2095 2756/2082/2082 591/2081/2081 2754/2085/2085
f 2068/2096/2096 1321/2095/2095 2754/2085/2085 592/2084/2084
f 888/1941/1941 2069/2091/2091 1322/2097/2097 3367/1942/1942
f 2069/2091/2091 363/2090/2090 2068/2096/2096 1322/2097/2097
f 1322/2097/2097 2068/2096/2096 592/2084/2084 2755/2083/2083
f 3367/1942/1942 1322/2097/2097 2755/2083/2083 102/1943/1943
f 15/433/433 212/436/436 2070/2098/2098 3401/2099/2099
f 3401/2099/2099 2070/2098/2098 594/2100/2100 904/2101/2101
f 2070/2098/2098 212/436/436 594/2100/2100
f 2071/2102/2102 594/2100/2100 596/2103/2103
f 904/2101/2101 594/2100/2100 2071/2102/2102 3400/2104/2104
f 3400/2104/2104 2071/2102/2102 596/2103/2103 112/2105/2105
f 212/436/436 3084/515/515 1323/2106/2106
f 3084/515/515 742/519/519 2072/2107/2107 1323/2106/2106
f 1323/2106/2106 2072/2107/2107 364/2108/2108 2075/2109/2109
f 212/436/436 1323/2106/2106 2075/2109/2109 594/2100/2100
f 742/519/519 3085/526/526 1324/2110/2110 2072/2107/2107
f 3085/526/526 12/328/328 3393/2111/2111 1324/2110/2110
f 1324/2110/2110 3393/2111/2111 901/2112/2112 2073/2113/2113
f 2072/2107/2107 1324/2110/2110 2073/2113/2113 364/2108/2108
f 364/2108/2108 2073/2113/2113 1325/2114/2114 2074/2115/2115
f 2073/2113/2113 901/2112/2112 3392/2116/2116 1325/2114/2114
f 1325/2114/2114 3392/2116/2116 110/2117/2117 2759/2118/2118
f 2074/2115/2115 1325/2114/2114 2759/2118/2118 595/2119/2119
f 594/2100/2100 2075/2109/2109 1326/2120/2120
f 2075/2109/2109 364/2108/2108 2074/2115/2115 1326/2120/2120
f 1326/2120/2120 2074/2115/2115 595/2119/2119 2758/2121/2121
f 594/2100/2100 1326/2120/2120 2758/2121/2121 596/2103/2103
f 596/2103/2103 2758/2121/2121 2076/2122/2122
f 2758/2121/2121 595/2119/2119 2076/2122/2122
f 596/2103/2103 2076/2122/2122 365/2123/2123
f 595/2119/2119 2759/2118/2118 1327/2124/2124 2076/2122/2122
f 2759/2118/2118 110/2117/2117 3394/2125/2125 1327/2124/2124
f 1327/2124/2124 3394/2125/2125 902/2126/2126 2077/2127/2127
f 2076/2122/2122 1327/2124/2124 2077/2127/2127 365/2123/2123
f 365/2123/2123 2077/2127/2127 1328/2128/2128 2078/2129/2129
f 2077/2127/2127 902/2126/2126 3395/2130/2130 1328/2128/2128
f 1328/2128/2128 3395/2130/2130 55/2047/2047 3397/2131/2131
f 2078/2129/2129 1328/2128/2128 3397/2131/2131 3396/2132/2132
f 596/2103/2103 365/2123/2123 2078/2129/2129 111/2133/2133
f 111/2133/2133 2078/2129/2129 3396/2132/2132
f 112/2105/2105 596/2103/2103 1329/2134/2134 3398/2135/2135
f 1329/2134/2134 596/2103/2103 366/2136/2136
f 3398/2135/2135 1329/2134/2134 366/2136/2136 903/2137/2137
f 366/2136/2136 596/2103/2103 111/2133/2133
f 903/2137/2137 366/2136/2136 1330/2138/2138 3399/2139/2139
f 366/2136/2136 111/2133/2133 1330/2138/2138
f 3399/2139/2139 1330/2138/2138 111/2133/2133 56/2140/2140
f 58/2141/2141 3403/2142/2142 1331/2143/2143 3411/2144/2144
f 3403/2142/2142 905/2145/2145 2079/2146/2146 1331/2143/2143
f 1331/2143/2143 2079/2146/2146 367/2147/2147 2081/2148/2148
f 3411/2144/2144 1331/2143/2143 2081/2148/2148 909/2149/2149
f 905/2145/2145 3402/2150/2150 1332/2151/2151 2079/2146/2146
f 3402/2150/2150 113/2152/2152 2761/2153/2153 1332/2151/2151
f 1332/2151/2151 2761/2153/2153 597/2154/2154 2080/2155/2155
f 2079/2146/2146 1332/2151/2151 2080/2155/2155 367/2147/2147
f 367/2147/2147 2080/2155/2155 1333/2156/2156 599/2157/2157
f 2080/2155/2155 597/2154/2154 2760/2158/2158 1333/2156/2156
f 1333/2156/2156 2760/2158/2158 289/2159/2159 2764/2160/2160
f 599/2157/2157 1333/2156/2156 2764/2160/2160
f 909/2149/2149 2081/2148/2148 2765/2161/2161 2501/2162/2162
f 2081/2148/2148 367/2147/2147 599/2157/2157 2765/2161/2161
f 113/2152/2152 3404/2163/2163 1334/2164/2164 2761/2153/2153
f 3404/2163/2163 906/2165/2165 2082/2166/2166 1334/2164/2164
f 1334/2164/2164 2082/2166/2166 368/2167/2167 2085/2168/2168
f 2761/2153/2153 1334/2164/2164 2085/2168/2168 597/2154/2154
f 906/2165/2165 3405/2169/2169 1335/2170/2170 2082/2166/2166
f 3405/2169/2169 57/2171/2171 3407/2172/2172 1335/2170/2170
f 1335/2170/2170 3407/2172/2172 907/2173/2173 2083/2174/2174
f 2082/2166/2166 1335/2170/2170 2083/2174/2174 368/2167/2167
f 368/2167/2167 2083/2174/2174 1336/2175/2175 2084/2176/2176
f 2083/2174/2174 907/2173/2173 3406/2177/2177 1336/2175/2175
f 1336/2175/2175 3406/2177/2177 114/2178/2178 2763/2179/2179
f 2084/2176/2176 1336/2175/2175 2763/2179/2179 598/2180/2180
f 597/2154/2154 2085/2168/2168 1337/2181/2181 2760/2158/2158
f 2085/2168/2168 368/2167/2167 2084/2176/2176 1337/2181/2181
f 1337/2181/2181 2084/2176/2176 598/2180/2180 2762/2182/2182
f 2760/2158/2158 1337/2181/2181 2762/2182/2182 289/2159/2159
f 289/2159/2159 2762/2182/2182 1338/2183/2183
f 2762/2182/2182 598/2180/2180 2086/2184/2184 1338/2183/2183
f 1338/2183/2183 2086/2184/2184 369/2185/2185 2089/2186/2186
f 598/2180/2180 2763/2179/2179 1339/2187/2187 2086/2184/2184
f 2763/2179/2179 114/2178/2178 3408/2188/2188 1339/2187/2187
f 1339/2187/2187 3408/2188/2188 908/2189/2189 2087/2190/2190
f 2086/2184/2184 1339/2187/2187 2087/2190/2190 369/2185/2185
f 369/2185/2185 2087/2190/2190 1340/2191/2191 2088/2192/2192
f 2087/2190/2190 908/2189/2189 3409/2193/2193 1340/2191/2191
f 1340/2191/2191 3409/2193/2193 56/2140/2140 111/2133/2133
f 2088/2192/2192 1340/2191/2191 111/2133/2133
f 2089/2186/2186 369/2185/2185 2088/2192/2192
f 2089/2186/2186 2088/2192/2192 111/2133/2133
f 2501/2162/2162 2765/2161/2161 2090/2194/2194 3410/2195/2195
f 599/2157/2157 2764/2160/2160 2765/2161/2161
f 2764/2160/2160 289/2159/2159 1338/2183/2183 2765/2161/2161
f 2765/2161/2161 1338/2183/2183 2089/2186/2186 2090/2194/2194
f 2090/2194/2194 2089/2186/2186 111/2133/2133 3396/2132/2132
f 2090/2194/2194 3396/2132/2132 3397/2131/2131
f 3410/2195/2195 2090/2194/2194 3397/2131/2131 55/2047/2047
f 3412/2196/2196 910/2197/2197 603/2198/2198 116/2199/2199
f 910/2197/2197 115/2200/2200 600/2201/2201 603/2198/2198
f 115/2200/2200 911/2202/2202 601/2203/2203 600/2201/2201
f 911/2202/2202 3376/1992/1992 104/1985/1985 601/2203/2203
f 600/2201/2201 601/2203/2203 2091/2204/2204 602/2205/2205
f 601/2203/2203 104/1985/1985 3375/1984/1984 2091/2204/2204
f 2091/2204/2204 3375/1984/1984 3374/1983/1983 891/1999/1999
f 602/2205/2205 2091/2204/2204 891/1999/1999 106/1994/1994
f 116/2199/2199 603/2198/2198 2092/2206/2206 912/2207/2207
f 603/2198/2198 600/2201/2201 602/2205/2205 2092/2206/2206
f 2092/2206/2206 602/2205/2205 106/1994/1994 890/1993/1993
f 912/2207/2207 2092/2206/2206 890/1993/1993 893/1997/1997
f 59/2208/2208 3414/2209/2209 1341/2210/2210 2093/2211/2211
f 3414/2209/2209 913/2212/2212 1341/2210/2210
f 1341/2210/2210 913/2212/2212 2093/2211/2211
f 3413/2213/2213 604/2214/2214 2093/2211/2211
f 913/2212/2212 3413/2213/2213 2093/2211/2211
f 2093/2211/2211 604/2214/2214 2766/2215/2215 1342/2216/2216
f 1342/2216/2216 2766/2215/2215 290/2217/2217 2769/2218/2218
f 2093/2211/2211 1342/2216/2216 2770/2219/2219
f 2770/2219/2219 1342/2216/2216 2769/2218/2218
f 2094/2220/2220 370/2221/2221 3728/2222/2222
f 3728/2222/2222 370/2221/2221 3729/2223/2223
f 370/2221/2221 2097/2224/2224 3729/2223/2223
f 1343/2225/2225 3729/2223/2223 2097/2224/2224
f 3416/2226/2226 3727/2227/2227 914/2228/2228
f 3727/2227/2227 3726/2229/2229 914/2228/2228
f 914/2228/2228 3726/2229/2229 2097/2224/2224
f 3726/2229/2229 1343/2225/2225 2097/2224/2224
f 2768/2230/2230 1344/2231/2231 105/1968/1968
f 1344/2231/2231 3731/2232/2232 105/1968/1968
f 3731/2232/2232 3730/2233/2233 105/1968/1968
f 3377/1969/1969 105/1968/1968 3730/2233/2233
f 1344/2231/2231 2768/2230/2230 605/2234/2234 2095/2235/2235
f 1344/2231/2231 2095/2235/2235 3732/2236/2236
f 3732/2236/2236 2095/2235/2235 3733/2237/2237
f 3733/2237/2237 2095/2235/2235 2094/2220/2220
f 2094/2220/2220 2095/2235/2235 370/2221/2221
f 370/2221/2221 2095/2235/2235 1345/2238/2238 2096/2239/2239
f 2095/2235/2235 605/2234/2234 2767/2240/2240 1345/2238/2238
f 1345/2238/2238 2767/2240/2240 290/2217/2217 2766/2215/2215
f 2096/2239/2239 1345/2238/2238 2766/2215/2215 604/2214/2214
f 914/2228/2228 2097/2224/2224 1346/2241/2241 3415/2242/2242
f 2097/2224/2224 370/2221/2221 2096/2239/2239 1346/2241/2241
f 1346/2241/2241 2096/2239/2239 604/2214/2214 3413/2213/2213
f 3415/2242/2242 1346/2241/2241 3413/2213/2213
f 3376/1992/1992 915/2243/2243 2099/2244/2244 2100/2245/2245
f 3376/1992/1992 2100/2245/2245 889/1987/1987
f 915/2243/2243 2770/2219/2219 2769/2218/2218 2098/2246/2246
f 915/2243/2243 2098/2246/2246 2099/2244/2244
f 2098/2246/2246 2769/2218/2218 290/2217/2217 2767/2240/2240
f 2099/2244/2244 2098/2246/2246 2767/2240/2240 605/2234/2234
f 2100/2245/2245 2099/2244/2244 605/2234/2234 2768/2230/2230
f 889/1987/1987 2100/2245/2245 2768/2230/2230 105/1968/1968
f 60/2247/2247 916/2248/2248 2101/2249/2249 919/2250/2250
f 916/2248/2248 117/2251/2251 2772/2252/2252 2101/2249/2249
f 2101/2249/2249 2772/2252/2252 2771/2253/2253 608/2254/2254
f 919/2250/2250 2101/2249/2249 608/2254/2254 118/2255/2255
f 117/2251/2251 917/2256/2256 2102/2257/2257 2772/2252/2252
f 917/2256/2256 3417/2258/2258 1347/2259/2259 2102/2257/2257
f 3417/2258/2258 59/2208/2208 2093/2211/2211 1347/2259/2259
f 2102/2257/2257 1347/2259/2259 2093/2211/2211
f 2102/2257/2257 2093/2211/2211 2770/2219/2219 606/2260/2260
f 2772/2252/2252 2102/2257/2257 606/2260/2260 2771/2253/2253
f 2771/2253/2253 606/2260/2260 2103/2261/2261 607/2262/2262
f 606/2260/2260 2770/2219/2219 915/2243/2243 2103/2261/2261
f 2103/2261/2261 915/2243/2243 3376/1992/1992 911/2202/2202
f 607/2262/2262 2103/2261/2261 911/2202/2202 115/2200/2200
f 118/2255/2255 608/2254/2254 2104/2263/2263 918/2264/2264
f 608/2254/2254 2771/2253/2253 607/2262/2262 2104/2263/2263
f 2104/2263/2263 607/2262/2262 115/2200/2200 910/2197/2197
f 918/2264/2264 2104/2263/2263 910/2197/2197 3412/2196/2196
f 61/2265/2265 3418/2266/2266 2105/2267/2267 2106/2268/2268
f 3418/2266/2266 3419/2269/2269 2108/2270/2270 2105/2267/2267
f 921/2271/2271 2106/2268/2268 2773/2272/2272
f 2106/2268/2268 2105/2267/2267 2773/2272/2272
f 3419/2269/2269 3420/2273/2273 2107/2274/2274 2108/2270/2270
f 3420/2273/2273 3434/2275/2275 2119/2276/2276 2107/2274/2274
f 2108/2270/2270 2107/2274/2274 2109/2277/2277 2110/2278/2278
f 2107/2274/2274 2119/2276/2276 2124/2279/2279 2109/2277/2277
f 2109/2277/2277 2124/2279/2279 2802/2280/2280 2804/2281/2281
f 2110/2278/2278 2109/2277/2277 2804/2281/2281 2803/2282/2282
f 119/2283/2283 2773/2272/2272 2112/2284/2284
f 2773/2272/2272 2105/2267/2267 2111/2285/2285 2112/2284/2284
f 2105/2267/2267 2108/2270/2270 2110/2278/2278 2111/2285/2285
f 2111/2285/2285 2110/2278/2278 2803/2282/2282 2805/2286/2286
f 920/2287/2287 2112/2284/2284 3422/2288/2288
f 2112/2284/2284 2111/2285/2285 2805/2286/2286 3421/2289/2289
f 3422/2288/2288 2112/2284/2284 3421/2289/2289
f 62/2290/2290 3423/2291/2291 2113/2292/2292
f 3423/2291/2291 3424/2293/2293 2774/2294/2294 2776/2295/2295
f 923/2296/2296 2113/2292/2292 2777/2297/2297
f 2113/2292/2292 3423/2291/2291 2776/2295/2295 2777/2297/2297
f 3425/2298/2298 3426/2299/2299 3427/2300/2300 2775/2301/2301
f 3424/2293/2293 3425/2298/2298 2775/2301/2301 2774/2294/2294
f 2775/2301/2301 3427/2300/2300 3434/2275/2275 3420/2273/2273
f 2774/2294/2294 2775/2301/2301 3420/2273/2273 3419/2269/2269
f 120/2302/2302 2777/2297/2297 2114/2303/2303
f 2777/2297/2297 2776/2295/2295 2114/2303/2303
f 2776/2295/2295 2774/2294/2294 3419/2269/2269 3418/2266/2266
f 922/2304/2304 2114/2303/2303 3428/2305/2305
f 3428/2305/2305 2114/2303/2303 61/2265/2265
f 2114/2303/2303 2776/2295/2295 3418/2266/2266 61/2265/2265
f 3447/2306/2306 3429/2307/2307 2778/2308/2308
f 3447/2306/2306 2778/2308/2308 609/2309/2309 610/2310/2310
f 3429/2307/2307 3430/2311/2311 1348/2312/2312 2778/2308/2308
f 3430/2311/2311 924/2313/2313 2115/2314/2314 1348/2312/2312
f 1348/2312/2312 2115/2314/2314 609/2309/2309
f 2778/2308/2308 1348/2312/2312 609/2309/2309
f 924/2313/2313 3431/2315/2315 1349/2316/2316 2115/2314/2314
f 3431/2315/2315 63/2317/2317 3432/2318/2318 1349/2316/2316
f 1349/2316/2316 3432/2318/2318 925/2319/2319
f 2115/2314/2314 1349/2316/2316 925/2319/2319 609/2309/2309
f 609/2309/2309 925/2319/2319 3433/2320/2320 2116/2321/2321
f 2116/2321/2321 3433/2320/2320 3434/2275/2275 3427/2300/2300
f 610/2310/2310 609/2309/2309 2116/2321/2321 2117/2322/2322
f 2117/2322/2322 2116/2321/2321 3427/2300/2300 3426/2299/2299
f 3434/2275/2275 3433/2320/2320 2118/2323/2323 2119/2276/2276
f 3433/2320/2320 925/2319/2319 611/2324/2324 2118/2323/2323
f 925/2319/2319 3432/2318/2318 1350/2325/2325 611/2324/2324
f 3432/2318/2318 63/2317/2317 3436/2326/2326 1350/2325/2325
f 1350/2325/2325 3436/2326/2326 926/2327/2327 2120/2328/2328
f 611/2324/2324 1350/2325/2325 2120/2328/2328
f 611/2324/2324 2120/2328/2328 1351/2329/2329
f 2120/2328/2328 926/2327/2327 3435/2330/2330 1351/2329/2329
f 1351/2329/2329 3435/2330/2330 121/2331/2331 2779/2332/2332
f 611/2324/2324 1351/2329/2329 2779/2332/2332
f 611/2324/2324 2779/2332/2332 1352/2333/2333 2121/2334/2334
f 2779/2332/2332 121/2331/2331 3437/2335/2335 1352/2333/2333
f 1352/2333/2333 3437/2335/2335 927/2336/2336 2122/2337/2337
f 2121/2334/2334 1352/2333/2333 2122/2337/2337
f 2121/2334/2334 2122/2337/2337 1353/2338/2338
f 2122/2337/2337 927/2336/2336 3438/2339/2339 1353/2338/2338
f 1353/2338/2338 3438/2339/2339 64/2340/2340 3439/2341/2341
f 2121/2334/2334 1353/2338/2338 3439/2341/2341 928/2342/2342
f 2119/2276/2276 2118/2323/2323 2123/2343/2343 2124/2279/2279
f 2118/2323/2323 611/2324/2324 2121/2334/2334 2123/2343/2343
f 2123/2343/2343 2121/2334/2334 928/2342/2342 2801/2344/2344
f 2124/2279/2279 2123/2343/2343 2801/2344/2344 2802/2280/2280
f 929/2345/2345 2783/2346/2346 613/2347/2347
f 929/2345/2345 2780/2348/2348 2783/2346/2346
f 3447/2306/2306 2784/2349/2349 3429/2307/2307
f 3447/2306/2306 929/2345/2345 613/2347/2347 2784/2349/2349
f 929/2345/2345 893/1997/1997 3378/1998/1998 2780/2348/2348
f 2780/2348/2348 1354/2350/2350 2781/2351/2351
f 2780/2348/2348 3378/1998/1998 2125/2352/2352 1354/2350/2350
f 1354/2350/2350 2125/2352/2352 371/2353/2353 2128/2354/2354
f 2781/2351/2351 1354/2350/2350 2128/2354/2354 612/2355/2355
f 3378/1998/1998 1355/2356/2356 2125/2352/2352
f 1355/2356/2356 3378/1998/1998 892/2007/2007 2126/2357/2357
f 2125/2352/2352 1355/2356/2356 2126/2357/2357 371/2353/2353
f 371/2353/2353 2126/2357/2357 1356/2358/2358 2127/2359/2359
f 2126/2357/2357 892/2007/2007 3379/2013/2013 1356/2358/2358
f 1356/2358/2358 3379/2013/2013 53/1881/1881 3441/2360/2360
f 2127/2359/2359 1356/2358/2358 3441/2360/2360 930/2361/2361
f 612/2355/2355 2128/2354/2354 1357/2362/2362 2782/2363/2363
f 2128/2354/2354 371/2353/2353 2127/2359/2359 1357/2362/2362
f 1357/2362/2362 2127/2359/2359 930/2361/2361 3440/2364/2364
f 2782/2363/2363 1357/2362/2362 3440/2364/2364 122/2365/2365
f 3429/2307/2307 2784/2349/2349 1358/2366/2366 3430/2311/2311
f 2784/2349/2349 613/2347/2347 2129/2367/2367 1358/2366/2366
f 1358/2366/2366 2129/2367/2367 372/2368/2368 2132/2369/2369
f 3430/2311/2311 1358/2366/2366 2132/2369/2369 924/2313/2313
f 613/2347/2347 2783/2346/2346 1359/2370/2370 2129/2367/2367
f 2783/2346/2346 2780/2348/2348 2781/2351/2351 1359/2370/2370
f 1359/2370/2370 2781/2351/2351 612/2355/2355 2130/2371/2371
f 2129/2367/2367 1359/2370/2370 2130/2371/2371 372/2368/2368
f 372/2368/2368 2130/2371/2371 1360/2372/2372 2131/2373/2373
f 2130/2371/2371 612/2355/2355 2782/2363/2363 1360/2372/2372
f 1360/2372/2372 2782/2363/2363 122/2365/2365 3442/2374/2374
f 2131/2373/2373 1360/2372/2372 3442/2374/2374 931/2375/2375
f 924/2313/2313 2132/2369/2369 1361/2376/2376 3431/2315/2315
f 2132/2369/2369 372/2368/2368 2131/2373/2373 1361/2376/2376
f 1361/2376/2376 2131/2373/2373 931/2375/2375 3443/2377/2377
f 3431/2315/2315 1361/2376/2376 3443/2377/2377 63/2317/2317
f 3445/2378/2378 3444/2379/2379 2133/2380/2380 2134/2381/2381
f 3444/2379/2379 932/2382/2382 614/2383/2383 2133/2380/2380
f 932/2382/2382 1363/2384/2384 933/2385/2385 614/2383/2383
f 614/2383/2383 933/2385/2385 3446/2386/2386 2135/2387/2387
f 2135/2387/2387 3446/2386/2386 3447/2306/2306 610/2310/2310
f 2134/2381/2381 2133/2380/2380 2136/2388/2388 2137/2389/2389
f 2133/2380/2380 614/2383/2383 2135/2387/2387 2136/2388/2388
f 2136/2388/2388 2135/2387/2387 610/2310/2310 2117/2322/2322
f 2137/2389/2389 2136/2388/2388 2117/2322/2322 3426/2299/2299
f 3412/2196/2196 116/2199/2199 616/2390/2390 1362/2391/2391
f 912/2207/2207 893/1997/1997 929/2345/2345 615/2392/2392
f 116/2199/2199 912/2207/2207 615/2392/2392 616/2390/2390
f 615/2392/2392 929/2345/2345 3447/2306/2306 3446/2386/2386
f 616/2390/2390 615/2392/2392 3446/2386/2386 933/2385/2385
f 1362/2391/2391 616/2390/2390 933/2385/2385 1363/2384/2384
f 3448/2393/2393 3449/2394/2394 2139/2395/2395 2138/2396/2396
f 2138/2396/2396 2139/2395/2395 2785/2397/2397 2786/2398/2398
f 3449/2394/2394 60/2247/2247 919/2250/2250 2139/2395/2395
f 2139/2395/2395 919/2250/2250 118/2255/2255 2785/2397/2397
f 2785/2397/2397 118/2255/2255 918/2264/2264 2140/2399/2399
f 2140/2399/2399 918/2264/2264 3412/2196/2196 1362/2391/2391
f 2786/2398/2398 2785/2397/2397 2140/2399/2399 2141/2400/2400
f 2141/2400/2400 2140/2399/2399 1362/2391/2391 1363/2384/2384
f 3451/2401/2401 3450/2402/2402 2142/2403/2403 2143/2404/2404
f 3450/2402/2402 934/2405/2405 2144/2406/2406 2142/2403/2403
f 2142/2403/2403 2144/2406/2406 617/2407/2407 2787/2408/2408
f 2143/2404/2404 2142/2403/2403 2787/2408/2408 2788/2409/2409
f 934/2405/2405 3448/2393/2393 2138/2396/2396 2144/2406/2406
f 2144/2406/2406 2138/2396/2396 2786/2398/2398 617/2407/2407
f 617/2407/2407 2786/2398/2398 2141/2400/2400 2145/2410/2410
f 2145/2410/2410 2141/2400/2400 1363/2384/2384 932/2382/2382
f 2788/2409/2409 2787/2408/2408 2146/2411/2411 2147/2412/2412
f 2787/2408/2408 617/2407/2407 2145/2410/2410 2146/2411/2411
f 2146/2411/2411 2145/2410/2410 932/2382/2382 3444/2379/2379
f 2147/2412/2412 2146/2411/2411 3444/2379/2379 3445/2378/2378
f 65/2413/2413 3452/2414/2414 2148/2415/2415 2149/2416/2416
f 3457/2417/2417 65/2413/2413 2149/2416/2416
f 3452/2414/2414 3453/2418/2418 2151/2419/2419 2148/2415/2415
f 3456/2420/2420 2149/2416/2416 123/2421/2421
f 3453/2418/2418 3454/2422/2422 2150/2423/2423 2151/2419/2419
f 3454/2422/2422 3445/2378/2378 2134/2381/2381 2150/2423/2423
f 2151/2419/2419 2150/2423/2423 2152/2424/2424 2153/2425/2425
f 2150/2423/2423 2134/2381/2381 2137/2389/2389 2152/2424/2424
f 2152/2424/2424 2137/2389/2389 3426/2299/2299 3425/2298/2298
f 2153/2425/2425 2152/2424/2424 3425/2298/2298 3424/2293/2293
f 123/2421/2421 2149/2416/2416 2155/2426/2426
f 2149/2416/2416 2148/2415/2415 2154/2427/2427 2155/2426/2426
f 2148/2415/2415 2151/2419/2419 2153/2425/2425 2154/2427/2427
f 2154/2427/2427 2153/2425/2425 3424/2293/2293 3423/2291/2291
f 935/2428/2428 2155/2426/2426 62/2290/2290 3455/2429/2429
f 2155/2426/2426 2154/2427/2427 3423/2291/2291 62/2290/2290
f 3459/2430/2430 3458/2431/2431 2156/2432/2432 2157/2433/2433
f 3458/2431/2431 3460/2434/2434 2159/2435/2435 2156/2432/2432
f 2156/2432/2432 2159/2435/2435 2789/2436/2436 2791/2437/2437
f 937/2438/2438 2157/2433/2433 2792/2439/2439
f 2157/2433/2433 2156/2432/2432 2791/2437/2437 2792/2439/2439
f 3460/2434/2434 3461/2440/2440 2158/2441/2441 2159/2435/2435
f 3461/2440/2440 3451/2401/2401 2143/2404/2404 2158/2441/2441
f 2158/2441/2441 2143/2404/2404 2788/2409/2409 2790/2442/2442
f 2159/2435/2435 2158/2441/2441 2790/2442/2442 2789/2436/2436
f 2789/2436/2436 2790/2442/2442 2160/2443/2443 2161/2444/2444
f 2790/2442/2442 2788/2409/2409 2147/2412/2412 2160/2443/2443
f 2160/2443/2443 2147/2412/2412 3445/2378/2378 3454/2422/2422
f 2161/2444/2444 2160/2443/2443 3454/2422/2422 3453/2418/2418
f 124/2445/2445 2792/2439/2439 2163/2446/2446
f 2792/2439/2439 2791/2437/2437 2162/2447/2447 2163/2446/2446
f 2791/2437/2437 2789/2436/2436 2161/2444/2444 2162/2447/2447
f 2162/2447/2447 2161/2444/2444 3453/2418/2418 3452/2414/2414
f 936/2448/2448 2163/2446/2446 65/2413/2413 3462/2449/2449
f 2163/2446/2446 2162/2447/2447 3452/2414/2414 65/2413/2413
f 3463/2450/2450 938/2451/2451 2793/2452/2452 2164/2453/2453
f 938/2451/2451 2165/2454/2454 618/2455/2455 2793/2452/2452
f 2164/2453/2453 2793/2452/2452 2794/2456/2456
f 3467/2457/2457 2164/2453/2453 2794/2456/2456
f 3464/2458/2458 939/2459/2459 618/2455/2455 2165/2454/2454
f 3466/2460/2460 940/2461/2461 1364/2462/2462
f 1364/2462/2462 940/2461/2461 2793/2452/2452 2166/2463/2463
f 3465/2464/2464 2794/2456/2456 940/2461/2461
f 940/2461/2461 2794/2456/2456 2793/2452/2452
f 2166/2463/2463 2793/2452/2452 618/2455/2455 939/2459/2459
f 3464/2458/2458 3468/2465/2465 2797/2466/2466 939/2459/2459
f 3468/2465/2465 125/2467/2467 2795/2468/2468 2797/2466/2466
f 125/2467/2467 941/2469/2469 2796/2470/2470 2795/2468/2468
f 941/2469/2469 50/1820/1820 574/1823/1823 2796/2470/2470
f 2795/2468/2468 2796/2470/2470 2167/2471/2471 2168/2472/2472
f 2796/2470/2470 574/1823/1823 875/1828/1828 2167/2471/2471
f 2167/2471/2471 875/1828/1828 48/1829/1829 3470/2473/2473
f 2168/2472/2472 2167/2471/2471 3470/2473/2473 3469/2474/2474
f 3469/2474/2474 3470/2473/2473 942/2475/2475
f 939/2459/2459 2797/2466/2466 2169/2476/2476 2166/2463/2463
f 2797/2466/2466 2795/2468/2468 2168/2472/2472 2169/2476/2476
f 2169/2476/2476 3471/2477/2477 943/2478/2478
f 2169/2476/2476 2168/2472/2472 3469/2474/2474 3471/2477/2477
f 3471/2477/2477 3469/2474/2474 126/2479/2479
f 2166/2463/2463 2169/2476/2476 943/2478/2478 1364/2462/2462
f 1364/2462/2462 943/2478/2478 3472/2480/2480
f 64/2340/2340 3474/2481/2481 1365/2482/2482 3478/2483/2483
f 3474/2481/2481 944/2484/2484 2170/2485/2485 1365/2482/2482
f 1365/2482/2482 2170/2485/2485 373/2486/2486 2173/2487/2487
f 3478/2483/2483 1365/2482/2482 2173/2487/2487 947/2488/2488
f 944/2484/2484 3473/2489/2489 1366/2490/2490 2170/2485/2485
f 3473/2489/2489 127/2491/2491 2799/2492/2492 1366/2490/2490
f 1366/2490/2490 2799/2492/2492 619/2493/2493 2171/2494/2494
f 2170/2485/2485 1366/2490/2490 2171/2494/2494 373/2486/2486
f 373/2486/2486 2171/2494/2494 1367/2495/2495 2172/2496/2496
f 2171/2494/2494 619/2493/2493 2798/2497/2497 1367/2495/2495
f 1367/2495/2495 2798/2497/2497 2179/2498/2498 2181/2499/2499
f 2172/2496/2496 1367/2495/2495 2181/2499/2499
f 947/2488/2488 2173/2487/2487 1368/2500/2500 3477/2501/2501
f 2173/2487/2487 373/2486/2486 2172/2496/2496 1368/2500/2500
f 1368/2500/2500 2172/2496/2496 2181/2499/2499
f 3477/2501/2501 1368/2500/2500 2181/2499/2499 128/2502/2502
f 127/2491/2491 3475/2503/2503 1369/2504/2504 2799/2492/2492
f 3475/2503/2503 945/2505/2505 2174/2506/2506 1369/2504/2504
f 1369/2504/2504 2174/2506/2506 374/2507/2507 2177/2508/2508
f 2799/2492/2492 1369/2504/2504 2177/2508/2508 619/2493/2493
f 945/2505/2505 3476/2509/2509 1370/2510/2510 2174/2506/2506
f 3476/2509/2509 52/1855/1855 3358/1858/1858 1370/2510/2510
f 1370/2510/2510 3358/1858/1858 882/1863/1863 2175/2511/2511
f 2174/2506/2506 1370/2510/2510 2175/2511/2511 374/2507/2507
f 374/2507/2507 2175/2511/2511 1371/2512/2512 2176/2513/2513
f 2175/2511/2511 882/1863/1863 3357/1876/1876 1371/2512/2512
f 1371/2512/2512 3357/1876/1876 578/1874/1874 2178/2514/2514
f 2176/2513/2513 1371/2512/2512 2178/2514/2514
f 619/2493/2493 2177/2508/2508 1372/2515/2515 2798/2497/2497
f 2177/2508/2508 374/2507/2507 2176/2513/2513 1372/2515/2515
f 1372/2515/2515 2176/2513/2513 2178/2514/2514 2179/2498/2498
f 2798/2497/2497 1372/2515/2515 2179/2498/2498
f 2178/2514/2514 578/1874/1874 50/1820/1820 941/2469/2469
f 2179/2498/2498 2178/2514/2514 941/2469/2469 125/2467/2467
f 128/2502/2502 2181/2499/2499 2180/2516/2516 946/2517/2517
f 2180/2516/2516 2181/2499/2499 3468/2465/2465
f 2181/2499/2499 2179/2498/2498 125/2467/2467 3468/2465/2465
f 946/2517/2517 2180/2516/2516 3468/2465/2465 3464/2458/2458
f 928/2342/2342 3439/2341/2341 1373/2518/2518
f 3439/2341/2341 64/2340/2340 3478/2483/2483 1373/2518/2518
f 1373/2518/2518 3478/2483/2483 947/2488/2488 2182/2519/2519
f 928/2342/2342 1373/2518/2518 2182/2519/2519
f 928/2342/2342 2182/2519/2519 1374/2520/2520
f 2182/2519/2519 947/2488/2488 3477/2501/2501 1374/2520/2520
f 1374/2520/2520 3477/2501/2501 128/2502/2502 2800/2521/2521
f 928/2342/2342 1374/2520/2520 2800/2521/2521
f 928/2342/2342 2800/2521/2521 946/2517/2517 2183/2522/2522
f 2800/2521/2521 128/2502/2502 946/2517/2517
f 2183/2522/2522 946/2517/2517 3464/2458/2458 2165/2454/2454
f 2802/2280/2280 2801/2344/2344 2184/2523/2523 2185/2524/2524
f 2801/2344/2344 928/2342/2342 2183/2522/2522 2184/2523/2523
f 2184/2523/2523 2183/2522/2522 2165/2454/2454 938/2451/2451
f 2185/2524/2524 3463/2450/2450 66/2525/2525
f 2185/2524/2524 2184/2523/2523 938/2451/2451 3463/2450/2450
f 3421/2289/2289 2805/2286/2286 2806/2526/2526
f 3482/2527/2527 3421/2289/2289 2806/2526/2526
f 3481/2528/2528 2806/2526/2526 129/2529/2529
f 3480/2530/2530 948/2531/2531 2186/2532/2532
f 66/2525/2525 3480/2530/2530 2186/2532/2532 2185/2524/2524
f 948/2531/2531 3479/2533/2533 2806/2526/2526
f 3479/2533/2533 129/2529/2529 2806/2526/2526
f 948/2531/2531 2806/2526/2526 2805/2286/2286 2186/2532/2532
f 2186/2532/2532 2805/2286/2286 2803/2282/2282 2804/2281/2281
f 2185/2524/2524 2186/2532/2532 2804/2281/2281 2802/2280/2280
f 68/2534/2534 2195/2535/2535 2187/2536/2536 952/2537/2537
f 2195/2535/2535 130/2538/2538 2807/2539/2539 2187/2536/2536
f 2187/2536/2536 2807/2539/2539 621/2540/2540 622/2541/2541
f 952/2537/2537 2187/2536/2536 622/2541/2541 951/2542/2542
f 130/2538/2538 3483/2543/2543 2188/2544/2544 2807/2539/2539
f 3483/2543/2543 3484/2545/2545 1375/2546/2546 2188/2544/2544
f 3484/2545/2545 67/2547/2547 3486/2548/2548 1375/2546/2546
f 1375/2546/2546 3486/2548/2548 949/2549/2549 2189/2550/2550
f 2188/2544/2544 1375/2546/2546 2189/2550/2550
f 2188/2544/2544 2189/2550/2550 1376/2551/2551 620/2552/2552
f 2189/2550/2550 949/2549/2549 3485/2553/2553 1376/2551/2551
f 1376/2551/2551 3485/2553/2553 131/2554/2554 2808/2555/2555
f 620/2552/2552 1376/2551/2551 2808/2555/2555
f 2807/2539/2539 2188/2544/2544 620/2552/2552 621/2540/2540
f 620/2552/2552 2808/2555/2555 1377/2556/2556
f 2808/2555/2555 131/2554/2554 3487/2557/2557 1377/2556/2556
f 1377/2556/2556 3487/2557/2557 950/2558/2558 2190/2559/2559
f 620/2552/2552 1377/2556/2556 2190/2559/2559
f 620/2552/2552 2190/2559/2559 1378/2560/2560 917/2256/2256
f 2190/2559/2559 950/2558/2558 3488/2561/2561 1378/2560/2560
f 1378/2560/2560 3488/2561/2561 59/2208/2208 3417/2258/2258
f 917/2256/2256 1378/2560/2560 3417/2258/2258
f 621/2540/2540 620/2552/2552 917/2256/2256 117/2251/2251
f 622/2541/2541 621/2540/2540 117/2251/2251 916/2248/2248
f 951/2542/2542 622/2541/2541 916/2248/2248 60/2247/2247
f 1017/2562/2562 953/2563/2563 2191/2564/2564 2192/2565/2565
f 953/2563/2563 132/2566/2566 2809/2567/2567 2191/2564/2564
f 2191/2564/2564 2809/2567/2567 623/2568/2568 2810/2569/2569
f 2192/2565/2565 2191/2564/2564 2810/2569/2569 2811/2570/2570
f 70/2571/2571 3491/2572/2572 1379/2573/2573 3489/2574/2574
f 3491/2572/2572 954/2575/2575 1379/2573/2573
f 1379/2573/2573 954/2575/2575 2809/2567/2567
f 3489/2574/2574 1379/2573/2573 2809/2567/2567 132/2566/2566
f 954/2575/2575 3490/2576/2576 623/2568/2568 2809/2567/2567
f 67/2547/2547 3493/2577/2577 1380/2578/2578 3492/2579/2579
f 3493/2577/2577 2811/2570/2570 1380/2578/2578
f 1380/2578/2578 2811/2570/2570 2810/2569/2569 2193/2580/2580
f 3492/2579/2579 1380/2578/2578 2193/2580/2580
f 2193/2580/2580 2810/2569/2569 623/2568/2568 3490/2576/2576
f 1017/2562/2562 2192/2565/2565 2194/2581/2581 3494/2582/2582
f 2192/2565/2565 2811/2570/2570 624/2583/2583 2194/2581/2581
f 2194/2581/2581 624/2583/2583 291/2584/2584 625/2585/2585
f 3494/2582/2582 2194/2581/2581 625/2585/2585 955/2586/2586
f 67/2547/2547 3484/2545/2545 1381/2587/2587 3493/2577/2577
f 3484/2545/2545 3483/2543/2543 1381/2587/2587
f 1381/2587/2587 3483/2543/2543 624/2583/2583 2811/2570/2570
f 3493/2577/2577 1381/2587/2587 2811/2570/2570
f 3483/2543/2543 130/2538/2538 291/2584/2584 624/2583/2583
f 68/2534/2534 955/2586/2586 625/2585/2585 2195/2535/2535
f 2195/2535/2535 625/2585/2585 291/2584/2584 130/2538/2538
f 71/2588/2588 3496/2589/2589 1382/2590/2590 3506/2591/2591
f 3496/2589/2589 956/2592/2592 2196/2593/2593 1382/2590/2590
f 1382/2590/2590 2196/2593/2593 375/2594/2594 2199/2595/2595
f 3506/2591/2591 1382/2590/2590 2199/2595/2595 961/2596/2596
f 956/2592/2592 3495/2597/2597 1383/2598/2598 2196/2593/2593
f 3495/2597/2597 133/2599/2599 2813/2600/2600 1383/2598/2598
f 1383/2598/2598 2813/2600/2600 626/2601/2601 2197/2602/2602
f 2196/2593/2593 1383/2598/2598 2197/2602/2602 375/2594/2594
f 375/2594/2594 2197/2602/2602 1384/2603/2603 2198/2604/2604
f 2197/2602/2602 626/2601/2601 2812/2605/2605 1384/2603/2603
f 1384/2603/2603 2812/2605/2605 2816/2606/2606
f 2198/2604/2604 1384/2603/2603 2816/2606/2606 629/2607/2607
f 961/2596/2596 2199/2595/2595 1385/2608/2608 3505/2609/2609
f 2199/2595/2595 375/2594/2594 2198/2604/2604 1385/2608/2608
f 1385/2608/2608 2198/2604/2604 629/2607/2607 2817/2610/2610
f 3505/2609/2609 1385/2608/2608 2817/2610/2610 135/2611/2611
f 133/2599/2599 3497/2612/2612 1386/2613/2613 2813/2600/2600
f 3497/2612/2612 957/2614/2614 2200/2615/2615 1386/2613/2613
f 1386/2613/2613 2200/2615/2615 376/2616/2616 2202/2617/2617
f 2813/2600/2600 1386/2613/2613 2202/2617/2617 626/2601/2601
f 957/2614/2614 3498/2618/2618 1387/2619/2619 2200/2615/2615
f 3498/2618/2618 57/2171/2171 3405/2169/2169 1387/2619/2619
f 1387/2619/2619 3405/2169/2169 906/2165/2165 2201/2620/2620
f 2200/2615/2615 1387/2619/2619 2201/2620/2620 376/2616/2616
f 376/2616/2616 2201/2620/2620 1388/2621/2621 627/2622/2622
f 2201/2620/2620 906/2165/2165 3404/2163/2163 1388/2621/2621
f 1388/2621/2621 3404/2163/2163 113/2152/2152
f 627/2622/2622 1388/2621/2621 113/2152/2152
f 626/2601/2601 2202/2617/2617 1389/2623/2623 2812/2605/2605
f 2202/2617/2617 376/2616/2616 627/2622/2622 1389/2623/2623
f 2812/2605/2605 1389/2623/2623 627/2622/2622
f 2812/2605/2605 627/2622/2622 1390/2624/2624 2814/2625/2625
f 627/2622/2622 2203/2626/2626 1390/2624/2624
f 1390/2624/2624 2203/2626/2626 377/2627/2627 2206/2628/2628
f 2814/2625/2625 1390/2624/2624 2206/2628/2628 628/2629/2629
f 627/2622/2622 113/2152/2152 1391/2630/2630 2203/2626/2626
f 113/2152/2152 3402/2150/2150 1391/2630/2630
f 1391/2630/2630 3402/2150/2150 905/2145/2145 2204/2631/2631
f 2203/2626/2626 1391/2630/2630 2204/2631/2631 377/2627/2627
f 377/2627/2627 2204/2631/2631 1392/2632/2632 2205/2633/2633
f 2204/2631/2631 905/2145/2145 3403/2142/2142 1392/2632/2632
f 1392/2632/2632 3403/2142/2142 58/2141/2141 3500/2634/2634
f 2205/2633/2633 1392/2632/2632 3500/2634/2634 958/2635/2635
f 628/2629/2629 2206/2628/2628 1393/2636/2636 2815/2637/2637
f 2206/2628/2628 377/2627/2627 2205/2633/2633 1393/2636/2636
f 1393/2636/2636 2205/2633/2633 958/2635/2635 3499/2638/2638
f 2815/2637/2637 1393/2636/2636 3499/2638/2638 134/2639/2639
f 135/2611/2611 2817/2610/2610 1394/2640/2640 3503/2641/2641
f 2817/2610/2610 629/2607/2607 2207/2642/2642 1394/2640/2640
f 1394/2640/2640 2207/2642/2642 378/2643/2643 2210/2644/2644
f 3503/2641/2641 1394/2640/2640 2210/2644/2644 960/2645/2645
f 629/2607/2607 2816/2606/2606 1395/2646/2646 2207/2642/2642
f 2816/2606/2606 2812/2605/2605 2814/2625/2625 1395/2646/2646
f 1395/2646/2646 2814/2625/2625 628/2629/2629 2208/2647/2647
f 2207/2642/2642 1395/2646/2646 2208/2647/2647 378/2643/2643
f 378/2643/2643 2208/2647/2647 1396/2648/2648 2209/2649/2649
f 2208/2647/2647 628/2629/2629 2815/2637/2637 1396/2648/2648
f 1396/2648/2648 2815/2637/2637 134/2639/2639 3501/2650/2650
f 2209/2649/2649 1396/2648/2648 3501/2650/2650 959/2651/2651
f 960/2645/2645 2210/2644/2644 1397/2652/2652 3504/2653/2653
f 2210/2644/2644 378/2643/2643 2209/2649/2649 1397/2652/2652
f 1397/2652/2652 2209/2649/2649 959/2651/2651 3502/2654/2654
f 3504/2653/2653 1397/2652/2652 3502/2654/2654 69/2655/2655
f 93/2656/2656 3508/2657/2657 1398/2658/2658 3522/2659/2659
f 3508/2657/2657 962/2660/2660 2211/2661/2661 1398/2658/2658
f 1398/2658/2658 2211/2661/2661 379/2662/2662 2214/2663/2663
f 3522/2659/2659 1398/2658/2658 2214/2663/2663 969/2664/2664
f 962/2660/2660 3507/2665/2665 1399/2666/2666 2211/2661/2661
f 3507/2665/2665 136/2667/2667 2819/2668/2668 1399/2666/2666
f 1399/2666/2666 2819/2668/2668 630/2669/2669 2212/2670/2670
f 2211/2661/2661 1399/2666/2666 2212/2670/2670 379/2662/2662
f 379/2662/2662 2212/2670/2670 1400/2671/2671 2213/2672/2672
f 2212/2670/2670 630/2669/2669 2818/2673/2673 1400/2671/2671
f 1400/2671/2671 2818/2673/2673 292/2674/2674 2824/2675/2675
f 2213/2672/2672 1400/2671/2671 2824/2675/2675 633/2676/2676
f 969/2664/2664 2214/2663/2663 1401/2677/2677 3521/2678/2678
f 2214/2663/2663 379/2662/2662 2213/2672/2672 1401/2677/2677
f 1401/2677/2677 2213/2672/2672 633/2676/2676 2825/2679/2679
f 3521/2678/2678 1401/2677/2677 2825/2679/2679 139/2680/2680
f 136/2667/2667 3509/2681/2681 1402/2682/2682 2819/2668/2668
f 3509/2681/2681 963/2683/2683 2215/2684/2684 1402/2682/2682
f 1402/2682/2682 2215/2684/2684 380/2685/2685 2218/2686/2686
f 2819/2668/2668 1402/2682/2682 2218/2686/2686 630/2669/2669
f 963/2683/2683 3510/2687/2687 1403/2688/2688 2215/2684/2684
f 3510/2687/2687 41/1579/1579 3512/2689/2689 1403/2688/2688
f 1403/2688/2688 3512/2689/2689 964/2690/2690 2216/2691/2691
f 2215/2684/2684 1403/2688/2688 2216/2691/2691 380/2685/2685
f 380/2685/2685 2216/2691/2691 1404/2692/2692 2217/2693/2693
f 2216/2691/2691 964/2690/2690 3511/2694/2694 1404/2692/2692
f 1404/2692/2692 3511/2694/2694 137/2695/2695 2821/2696/2696
f 2217/2693/2693 1404/2692/2692 2821/2696/2696 631/2697/2697
f 630/2669/2669 2218/2686/2686 1405/2698/2698 2818/2673/2673
f 2218/2686/2686 380/2685/2685 2217/2693/2693 1405/2698/2698
f 1405/2698/2698 2217/2693/2693 631/2697/2697 2820/2699/2699
f 2818/2673/2673 1405/2698/2698 2820/2699/2699 292/2674/2674
f 292/2674/2674 2820/2699/2699 1406/2700/2700 2822/2701/2701
f 2820/2699/2699 631/2697/2697 2219/2702/2702 1406/2700/2700
f 1406/2700/2700 2219/2702/2702 381/2703/2703 2222/2704/2704
f 2822/2701/2701 1406/2700/2700 2222/2704/2704 632/2705/2705
f 631/2697/2697 2821/2696/2696 1407/2706/2706 2219/2702/2702
f 2821/2696/2696 137/2695/2695 3513/2707/2707 1407/2706/2706
f 1407/2706/2706 3513/2707/2707 965/2708/2708 2220/2709/2709
f 2219/2702/2702 1407/2706/2706 2220/2709/2709 381/2703/2703
f 381/2703/2703 2220/2709/2709 1408/2710/2710 2221/2711/2711
f 2220/2709/2709 965/2708/2708 3514/2712/2712 1408/2710/2710
f 1408/2710/2710 3514/2712/2712 71/2588/2588 3516/2713/2713
f 2221/2711/2711 1408/2710/2710 3516/2713/2713 966/2714/2714
f 632/2705/2705 2222/2704/2704 1409/2715/2715 2823/2716/2716
f 2222/2704/2704 381/2703/2703 2221/2711/2711 1409/2715/2715
f 1409/2715/2715 2221/2711/2711 966/2714/2714 3515/2717/2717
f 2823/2716/2716 1409/2715/2715 3515/2717/2717 138/2718/2718
f 139/2680/2680 2825/2679/2679 1410/2719/2719 3519/2720/2720
f 2825/2679/2679 633/2676/2676 2223/2721/2721 1410/2719/2719
f 1410/2719/2719 2223/2721/2721 382/2722/2722 2226/2723/2723
f 3519/2720/2720 1410/2719/2719 2226/2723/2723 968/2724/2724
f 633/2676/2676 2824/2675/2675 1411/2725/2725 2223/2721/2721
f 2824/2675/2675 292/2674/2674 2822/2701/2701 1411/2725/2725
f 1411/2725/2725 2822/2701/2701 632/2705/2705 2224/2726/2726
f 2223/2721/2721 1411/2725/2725 2224/2726/2726 382/2722/2722
f 382/2722/2722 2224/2726/2726 1412/2727/2727 2225/2728/2728
f 2224/2726/2726 632/2705/2705 2823/2716/2716 1412/2727/2727
f 1412/2727/2727 2823/2716/2716 138/2718/2718 3517/2729/2729
f 2225/2728/2728 1412/2727/2727 3517/2729/2729 967/2730/2730
f 968/2724/2724 2226/2723/2723 1413/2731/2731 3520/2732/2732
f 2226/2723/2723 382/2722/2722 2225/2728/2728 1413/2731/2731
f 1413/2731/2731 2225/2728/2728 967/2730/2730 3518/2733/2733
f 3520/2732/2732 1413/2731/2731 3518/2733/2733 72/2734/2734
f 3525/2735/2735 3523/2736/2736 2827/2737/2737 141/2738/2738
f 3523/2736/2736 140/2739/2739 634/2740/2740 2827/2737/2737
f 3532/2741/2741 2945/2742/2742 2826/2743/2743 1414/2744/2744
f 1414/2744/2744 2826/2743/2743 634/2740/2740 140/2739/2739
f 1017/2562/2562 2368/2745/2745 2227/2746/2746 3524/2747/2747
f 2368/2745/2745 141/2738/2738 2827/2737/2737 2227/2746/2746
f 2227/2746/2746 2827/2737/2737 634/2740/2740 2826/2743/2743
f 3524/2747/2747 2227/2746/2746 2826/2743/2743 2945/2742/2742
f 74/2748/2748 3527/2749/2749 1415/2750/2750 3535/2751/2751
f 3527/2749/2749 970/2752/2752 2228/2753/2753 1415/2750/2750
f 1415/2750/2750 2228/2753/2753 2230/2754/2754 2231/2755/2755
f 3535/2751/2751 1415/2750/2750 2231/2755/2755
f 970/2752/2752 3526/2756/2756 1416/2757/2757 2228/2753/2753
f 3526/2756/2756 142/2758/2758 2828/2759/2759 1416/2757/2757
f 1416/2757/2757 2828/2759/2759 635/2760/2760 2229/2761/2761
f 2228/2753/2753 1416/2757/2757 2229/2761/2761 2230/2754/2754
f 2230/2754/2754 2229/2761/2761 293/2762/2762 638/2763/2763
f 2231/2755/2755 2230/2754/2754 638/2763/2763
f 142/2758/2758 3528/2764/2764 1417/2765/2765 2828/2759/2759
f 3528/2764/2764 971/2766/2766 2232/2767/2767 1417/2765/2765
f 1417/2765/2765 2232/2767/2767 2233/2768/2768 2234/2769/2769
f 2828/2759/2759 1417/2765/2765 2234/2769/2769 635/2760/2760
f 971/2766/2766 3529/2770/2770 1418/2771/2771 2232/2767/2767
f 3529/2770/2770 70/2571/2571 3530/2772/2772 1418/2771/2771
f 1418/2771/2771 3530/2772/2772 2465/2773/2773
f 2232/2767/2767 1418/2771/2771 2465/2773/2773 2233/2768/2768
f 2233/2768/2768 2465/2773/2773 143/2774/2774 636/2775/2775
f 635/2760/2760 2234/2769/2769 2229/2761/2761
f 2229/2761/2761 2234/2769/2769 2233/2768/2768
f 2229/2761/2761 2233/2768/2768 636/2775/2775 293/2762/2762
f 293/2762/2762 636/2775/2775 2235/2776/2776 637/2777/2777
f 636/2775/2775 143/2774/2774 3531/2778/2778 2235/2776/2776
f 2235/2776/2776 3531/2778/2778 3532/2741/2741 2237/2779/2779
f 637/2777/2777 2235/2776/2776 2237/2779/2779 3533/2780/2780
f 638/2763/2763 293/2762/2762 637/2777/2777 2236/2781/2781
f 2236/2781/2781 637/2777/2777 3533/2780/2780 3534/2782/2782
f 972/2783/2783 2829/2784/2784 639/2785/2785 2830/2786/2786
f 75/2787/2787 972/2783/2783 2830/2786/2786 973/2788/2788
f 3534/2782/2782 3533/2780/2780 639/2785/2785 2829/2784/2784
f 3532/2741/2741 973/2788/2788 2830/2786/2786 2237/2779/2779
f 2237/2779/2779 2830/2786/2786 639/2785/2785 3533/2780/2780
f 3536/2789/2789 144/2790/2790 640/2791/2791 2832/2792/2792
f 975/2793/2793 3536/2789/2789 2832/2792/2792 974/2794/2794
f 3537/2795/2795 75/2787/2787 973/2788/2788 2831/2796/2796
f 144/2790/2790 3537/2795/2795 2831/2796/2796 640/2791/2791
f 2831/2796/2796 973/2788/2788 3532/2741/2741 1414/2744/2744
f 640/2791/2791 2831/2796/2796 1414/2744/2744 140/2739/2739
f 2832/2792/2792 640/2791/2791 140/2739/2739 3523/2736/2736
f 974/2794/2794 2832/2792/2792 3523/2736/2736 3525/2735/2735
f 1006/2797/2797 3538/2798/2798 2238/2799/2799 3542/2800/2800
f 3538/2798/2798 145/2801/2801 641/2802/2802 2238/2799/2799
f 2238/2799/2799 641/2802/2802 2834/2803/2803 2836/2804/2804
f 3542/2800/2800 2238/2799/2799 2836/2804/2804 3540/2805/2805
f 145/2801/2801 3539/2806/2806 2239/2807/2807 641/2802/2802
f 3539/2806/2806 3544/2808/2808 2243/2809/2809 2239/2807/2807
f 2239/2807/2807 2243/2809/2809 2838/2810/2810 2833/2811/2811
f 641/2802/2802 2239/2807/2807 2833/2811/2811 2834/2803/2803
f 2834/2803/2803 2833/2811/2811 2240/2812/2812 2835/2813/2813
f 2833/2811/2811 2838/2810/2810 2247/2814/2814 2240/2812/2812
f 2240/2812/2812 2247/2814/2814 75/2787/2787 3537/2795/2795
f 2835/2813/2813 2240/2812/2812 3537/2795/2795 144/2790/2790
f 3540/2805/2805 2836/2804/2804 2241/2815/2815 3541/2816/2816
f 2836/2804/2804 2834/2803/2803 2835/2813/2813 2241/2815/2815
f 2241/2815/2815 2835/2813/2813 144/2790/2790 3536/2789/2789
f 3541/2816/2816 2241/2815/2815 3536/2789/2789 975/2793/2793
f 3544/2808/2808 3543/2817/2817 2242/2818/2818 2243/2809/2809
f 3543/2817/2817 976/2819/2819 2244/2820/2820 2242/2818/2818
f 2242/2818/2818 2244/2820/2820 642/2821/2821 2837/2822/2822
f 2243/2809/2809 2242/2818/2818 2837/2822/2822 2838/2810/2810
f 976/2819/2819 3546/2823/2823 977/2824/2824 2244/2820/2820
f 2244/2820/2820 977/2824/2824 146/2825/2825 642/2821/2821
f 642/2821/2821 146/2825/2825 978/2826/2826 2245/2827/2827
f 2245/2827/2827 978/2826/2826 3534/2782/2782 2829/2784/2784
f 2838/2810/2810 2837/2822/2822 2246/2828/2828 2247/2814/2814
f 2837/2822/2822 642/2821/2821 2245/2827/2827 2246/2828/2828
f 2246/2828/2828 2245/2827/2827 2829/2784/2784 972/2783/2783
f 2247/2814/2814 2246/2828/2828 972/2783/2783 75/2787/2787
f 2316/2829/2829 2315/2830/2830 2248/2831/2831 2249/2832/2832
f 2315/2830/2830 979/2833/2833 2250/2834/2834 2248/2831/2831
f 2248/2831/2831 2250/2834/2834 643/2835/2835 2251/2836/2836
f 2249/2832/2832 2248/2831/2831 2251/2836/2836 2252/2837/2837
f 979/2833/2833 76/2838/2838 3545/2839/2839 2250/2834/2834
f 2250/2834/2834 3545/2839/2839 147/2840/2840 643/2835/2835
f 643/2835/2835 147/2840/2840 3546/2823/2823 976/2819/2819
f 2251/2836/2836 643/2835/2835 976/2819/2819 3543/2817/2817
f 2252/2837/2837 2251/2836/2836 3543/2817/2817 3544/2808/2808
f 1008/2841/2841 2312/2842/2842 2253/2843/2843 2333/2844/2844
f 2312/2842/2842 148/2845/2845 2839/2846/2846 2253/2843/2843
f 2253/2843/2843 2839/2846/2846 644/2847/2847 2256/2848/2848
f 2333/2844/2844 2253/2843/2843 2256/2848/2848 654/2849/2849
f 148/2845/2845 2311/2850/2850 2254/2851/2851 2839/2846/2846
f 2311/2850/2850 2316/2829/2829 2249/2832/2832 2254/2851/2851
f 2254/2851/2851 2249/2832/2832 2252/2837/2837 2255/2852/2852
f 2839/2846/2846 2254/2851/2851 2255/2852/2852 644/2847/2847
f 2255/2852/2852 2252/2837/2837 3544/2808/2808 3539/2806/2806
f 644/2847/2847 2255/2852/2852 3539/2806/2806 145/2801/2801
f 2256/2848/2848 644/2847/2847 145/2801/2801 3538/2798/2798
f 654/2849/2849 2256/2848/2848 3538/2798/2798 1006/2797/2797
f 3548/2853/2853 3547/2854/2854 2257/2855/2855 2258/2856/2856
f 3547/2854/2854 3549/2857/2857 2260/2858/2858 2257/2855/2855
f 2257/2855/2855 2260/2858/2858 2840/2859/2859 2842/2860/2860
f 2258/2856/2856 2257/2855/2855 2842/2860/2860 2843/2861/2861
f 3549/2857/2857 3550/2862/2862 2259/2863/2863 2260/2858/2858
f 3550/2862/2862 3551/2864/2864 2450/2865/2865 2259/2863/2863
f 2259/2863/2863 2450/2865/2865 2937/2866/2866 2841/2867/2867
f 2260/2858/2858 2259/2863/2863 2841/2867/2867 2840/2859/2859
f 2840/2859/2859 2841/2867/2867 2261/2868/2868 2262/2869/2869
f 2841/2867/2867 2937/2866/2866 3552/2870/2870 2261/2868/2868
f 2261/2868/2868 3552/2870/2870 3534/2782/2782 978/2826/2826
f 2262/2869/2869 2261/2868/2868 978/2826/2826 146/2825/2825
f 2843/2861/2861 2842/2860/2860 2263/2871/2871 2264/2872/2872
f 2842/2860/2860 2840/2859/2859 2262/2869/2869 2263/2871/2871
f 2263/2871/2871 2262/2869/2869 146/2825/2825 977/2824/2824
f 2264/2872/2872 2263/2871/2871 977/2824/2824 3546/2823/2823
f 3207/1115/1115 1846/1118/1118 2265/2873/2873 2266/2874/2874
f 1846/1118/1118 2663/1123/1123 2268/2875/2875 2265/2873/2873
f 2663/1123/1123 1850/1132/1132 2267/2876/2876 2268/2875/2875
f 1850/1132/1132 3209/1134/1134 980/2877/2877 2267/2876/2876
f 2267/2876/2876 980/2877/2877 3551/2864/2864 3550/2862/2862
f 2268/2875/2875 2267/2876/2876 3550/2862/2862 3549/2857/2857
f 2265/2873/2873 2268/2875/2875 3549/2857/2857 3547/2854/2854
f 2266/2874/2874 2265/2873/2873 3547/2854/2854 3548/2853/2853
f 77/2878/2878 3554/2879/2879 1419/2880/2880 3557/2881/2881
f 3554/2879/2879 981/2882/2882 2269/2883/2883 1419/2880/2880
f 1419/2880/2880 2269/2883/2883 383/2884/2884 2271/2885/2885
f 3557/2881/2881 1419/2880/2880 2271/2885/2885 1421/2886/2886
f 981/2882/2882 3553/2887/2887 1420/2888/2888 2269/2883/2883
f 3553/2887/2887 149/2889/2889 2844/2890/2890 1420/2888/2888
f 1420/2888/2888 2844/2890/2890 645/2891/2891 2270/2892/2892
f 2269/2883/2883 1420/2888/2888 2270/2892/2892 383/2884/2884
f 2270/2892/2892 645/2891/2891 646/2893/2893
f 2270/2892/2892 1421/2886/2886 383/2884/2884
f 2271/2885/2885 383/2884/2884 1421/2886/2886
f 1421/2886/2886 2270/2892/2892 646/2893/2893 2276/2894/2894
f 149/2889/2889 3555/2895/2895 1422/2896/2896 2844/2890/2890
f 3555/2895/2895 982/2897/2897 2272/2898/2898 1422/2896/2896
f 1422/2896/2896 2272/2898/2898 384/2899/2899 2275/2900/2900
f 2844/2890/2890 1422/2896/2896 2275/2900/2900 645/2891/2891
f 982/2897/2897 3556/2901/2901 1423/2902/2902 2272/2898/2898
f 3556/2901/2901 31/1203/1203 3226/1206/1206 1423/2902/2902
f 1423/2902/2902 3226/1206/1206 812/1211/1211 2273/2903/2903
f 2272/2898/2898 1423/2902/2902 2273/2903/2903 384/2899/2899
f 384/2899/2899 2273/2903/2903 1424/2904/2904 2274/2905/2905
f 2273/2903/2903 812/1211/1211 3225/1221/1221 1424/2904/2904
f 1424/2904/2904 3225/1221/1221 1873/1222/1222
f 2274/2905/2905 1424/2904/2904 1873/1222/1222 646/2893/2893
f 384/2899/2899 2274/2905/2905 2275/2900/2900
f 2275/2900/2900 2274/2905/2905 645/2891/2891
f 645/2891/2891 2274/2905/2905 646/2893/2893
f 646/2893/2893 1873/1222/1222 3207/1115/1115 2266/2874/2874
f 2276/2894/2894 646/2893/2893 2266/2874/2874 3548/2853/2853
f 77/2878/2878 3557/2881/2881 1425/2906/2906 3561/2907/2907
f 3557/2881/2881 1421/2886/2886 2277/2908/2908 1425/2906/2906
f 1425/2906/2906 2277/2908/2908 2278/2909/2909 2279/2910/2910
f 3561/2907/2907 1425/2906/2906 2279/2910/2910 3560/2911/2911
f 1421/2886/2886 2276/2894/2894 2280/2912/2912 2278/2909/2909
f 2277/2908/2908 1421/2886/2886 2278/2909/2909
f 2278/2909/2909 2280/2912/2912 647/2913/2913 2845/2914/2914
f 2279/2910/2910 2278/2909/2909 2845/2914/2914
f 3560/2911/2911 2279/2910/2910 2845/2914/2914 3558/2915/2915
f 2276/2894/2894 3548/2853/2853 2258/2856/2856 2280/2912/2912
f 2280/2912/2912 2258/2856/2856 2843/2861/2861 647/2913/2913
f 647/2913/2913 2843/2861/2861 2264/2872/2872 2281/2916/2916
f 2281/2916/2916 2264/2872/2872 3546/2823/2823 147/2840/2840
f 3558/2915/2915 2845/2914/2914 2282/2917/2917 3559/2918/2918
f 2845/2914/2914 647/2913/2913 2281/2916/2916 2282/2917/2917
f 2282/2917/2917 2281/2916/2916 147/2840/2840 3545/2839/2839
f 3559/2918/2918 2282/2917/2917 3545/2839/2839 76/2838/2838
f 78/2919/2919 3563/2920/2920 1426/2921/2921 3567/2922/2922
f 3563/2920/2920 983/2923/2923 2283/2924/2924 1426/2921/2921
f 1426/2921/2921 2283/2924/2924 385/2925/2925 2286/2926/2926
f 3567/2922/2922 1426/2921/2921 2286/2926/2926 985/2927/2927
f 983/2923/2923 3562/2928/2928 1427/2929/2929 2283/2924/2924
f 3562/2928/2928 150/2930/2930 2847/2931/2931 1427/2929/2929
f 1427/2929/2929 2847/2931/2931 648/2932/2932 2284/2933/2933
f 2283/2924/2924 1427/2929/2929 2284/2933/2933 385/2925/2925
f 385/2925/2925 2284/2933/2933 1428/2934/2934 2285/2935/2935
f 2284/2933/2933 648/2932/2932 2846/2936/2936 1428/2934/2934
f 1428/2934/2934 2846/2936/2936 2848/2937/2937
f 2285/2935/2935 1428/2934/2934 2848/2937/2937
f 985/2927/2927 2286/2926/2926 1429/2938/2938 3566/2939/2939
f 2286/2926/2926 385/2925/2925 2285/2935/2935 1429/2938/2938
f 1429/2938/2938 2285/2935/2935 2848/2937/2937 2850/2940/2940
f 3566/2939/2939 1429/2938/2938 2850/2940/2940
f 150/2930/2930 3564/2941/2941 1430/2942/2942 2847/2931/2931
f 3564/2941/2941 984/2943/2943 2287/2944/2944 1430/2942/2942
f 1430/2942/2942 2287/2944/2944 2289/2945/2945 2290/2946/2946
f 2847/2931/2931 1430/2942/2942 2290/2946/2946 648/2932/2932
f 984/2943/2943 3565/2947/2947 1431/2948/2948 2287/2944/2944
f 3565/2947/2947 77/2878/2878 3561/2907/2907 1431/2948/2948
f 1431/2948/2948 3561/2907/2907 3560/2911/2911 2288/2949/2949
f 2287/2944/2944 1431/2948/2948 2288/2949/2949 2289/2945/2945
f 2289/2945/2945 2288/2949/2949 3560/2911/2911
f 2289/2945/2945 3560/2911/2911 3558/2915/2915
f 648/2932/2932 2290/2946/2946 2846/2936/2936
f 2846/2936/2936 2290/2946/2946 2289/2945/2945
f 2846/2936/2936 2289/2945/2945 3558/2915/2915 2848/2937/2937
f 2848/2937/2937 3558/2915/2915 3559/2918/2918 2849/2950/2950
f 2849/2950/2950 3559/2918/2918 76/2838/2838 151/2951/2951
f 2850/2940/2940 2848/2937/2937 2849/2950/2950 2291/2952/2952
f 2291/2952/2952 2849/2950/2950 151/2951/2951 3586/2953/2953
f 3569/2954/2954 986/2955/2955 1432/2956/2956
f 1432/2956/2956 986/2955/2955 2292/2957/2957 2293/2958/2958
f 3568/2959/2959 152/2960/2960 2294/2961/2961 2292/2957/2957
f 986/2955/2955 3568/2959/2959 2292/2957/2957
f 2292/2957/2957 2294/2961/2961 2297/2962/2962 2853/2963/2963
f 2292/2957/2957 2853/2963/2963 650/2964/2964
f 2293/2958/2958 2292/2957/2957 650/2964/2964 3576/2965/2965
f 3570/2966/2966 987/2967/2967 152/2960/2960
f 152/2960/2960 987/2967/2967 2294/2961/2961
f 3571/2968/2968 1219/1445/1445 987/2967/2967
f 987/2967/2967 1219/1445/1445 1926/1447/1447 2294/2961/2961
f 2294/2961/2961 1926/1447/1447 2689/1453/1453 2851/2969/2969
f 2294/2961/2961 2851/2969/2969 2297/2962/2962
f 2851/2969/2969 2689/1453/1453 2295/2970/2970
f 2851/2969/2969 2295/2970/2970 1433/2971/2971 2296/2972/2972
f 2295/2970/2970 2689/1453/1453 3283/1460/1460 1433/2971/2971
f 1433/2971/2971 3283/1460/1460 36/1377/1377 3573/2973/2973
f 2296/2972/2972 1433/2971/2971 3573/2973/2973 988/2974/2974
f 649/2975/2975 2297/2962/2962 1434/2976/2976 2852/2977/2977
f 2297/2962/2962 2851/2969/2969 2296/2972/2972 1434/2976/2976
f 1434/2976/2976 2296/2972/2972 988/2974/2974 3572/2978/2978
f 2852/2977/2977 1434/2976/2976 3572/2978/2978 153/2979/2979
f 3576/2965/2965 650/2964/2964 1435/2980/2980
f 1435/2980/2980 650/2964/2964 386/2981/2981 2300/2982/2982
f 3576/2965/2965 1435/2980/2980 2300/2982/2982 990/2983/2983
f 2297/2962/2962 649/2975/2975 2853/2963/2963
f 2853/2963/2963 649/2975/2975 2298/2984/2984
f 650/2964/2964 2853/2963/2963 2298/2984/2984 386/2981/2981
f 386/2981/2981 2298/2984/2984 1436/2985/2985 2299/2986/2986
f 2298/2984/2984 649/2975/2975 2852/2977/2977 1436/2985/2985
f 1436/2985/2985 2852/2977/2977 153/2979/2979 3574/2987/2987
f 2299/2986/2986 1436/2985/2985 3574/2987/2987 989/2988/2988
f 990/2983/2983 2300/2982/2982 1437/2989/2989 3577/2990/2990
f 2300/2982/2982 386/2981/2981 2299/2986/2986 1437/2989/2989
f 1437/2989/2989 2299/2986/2986 989/2988/2988 3575/2991/2991
f 3577/2990/2990 1437/2989/2989 3575/2991/2991 78/2919/2919
f 1432/2956/2956 2293/2958/2958 2301/2992/2992
f 2293/2958/2958 3576/2965/2965 1438/2993/2993
f 2293/2958/2958 1438/2993/2993 2305/2994/2994
f 2293/2958/2958 2305/2994/2994 2854/2995/2995 2855/2996/2996
f 991/2997/2997 2301/2992/2992 3580/2998/2998
f 2301/2992/2992 2293/2958/2958 2855/2996/2996 2856/2999/2999
f 3580/2998/2998 2301/2992/2992 2856/2999/2999
f 3576/2965/2965 990/2983/2983 2302/3000/3000 1438/2993/2993
f 1438/2993/2993 2302/3000/3000 387/3001/3001 2305/2994/2994
f 990/2983/2983 3577/2990/2990 1439/3002/3002 2302/3000/3000
f 3577/2990/2990 78/2919/2919 3567/2922/2922 1439/3002/3002
f 1439/3002/3002 3567/2922/2922 985/2927/2927 2303/3003/3003
f 2302/3000/3000 1439/3002/3002 2303/3003/3003 387/3001/3001
f 387/3001/3001 2303/3003/3003 1440/3004/3004 2304/3005/3005
f 2303/3003/3003 985/2927/2927 3566/2939/2939 1440/3004/3004
f 1440/3004/3004 3566/2939/2939 2850/2940/2940 2854/2995/2995
f 2304/3005/3005 1440/3004/3004 2854/2995/2995
f 2305/2994/2994 387/3001/3001 2304/3005/3005 1441/3006/3006
f 1441/3006/3006 2304/3005/3005 2854/2995/2995
f 2305/2994/2994 1441/3006/3006 2854/2995/2995
f 2854/2995/2995 2850/2940/2940 2291/2952/2952 2306/3007/3007
f 2306/3007/3007 2291/2952/2952 3586/2953/2953 2857/3008/3008
f 2856/2999/2999 2855/2996/2996 1442/3009/3009
f 1442/3009/3009 2855/2996/2996 2307/3010/3010 2308/3011/3011
f 2855/2996/2996 2854/2995/2995 2306/3007/3007 2307/3010/3010
f 2307/3010/3010 2306/3007/3007 2857/3008/3008 3578/3012/3012
f 2308/3011/3011 2307/3010/3010 1443/3013/3013
f 1443/3013/3013 2307/3010/3010 3578/3012/3012 3579/3014/3014
f 3582/3015/3015 992/3016/3016 2309/3017/3017
f 3585/3018/3018 3582/3015/3015 2309/3017/3017 155/3019/3019
f 3581/3020/3020 154/3021/3021 651/3022/3022 2309/3017/3017
f 992/3016/3016 3581/3020/3020 2309/3017/3017
f 154/3021/3021 3583/3023/3023 2310/3024/3024 651/3022/3022
f 993/3025/3025 3584/3026/3026 3583/3023/3023
f 3584/3026/3026 79/3027/3027 2314/3028/3028 2310/3024/3024
f 3583/3023/3023 3584/3026/3026 2310/3024/3024
f 651/3022/3022 2310/3024/3024 2311/2850/2850 148/2845/2845
f 2310/3024/3024 2314/3028/3028 2316/2829/2829 2311/2850/2850
f 155/3019/3019 2309/3017/3017 2312/2842/2842 1008/2841/2841
f 2309/3017/3017 651/3022/3022 148/2845/2845 2312/2842/2842
f 79/3027/3027 994/3029/3029 2313/3030/3030 2314/3028/3028
f 994/3029/3029 156/3031/3031 652/3032/3032 2313/3030/3030
f 156/3031/3031 3586/2953/2953 151/2951/2951 652/3032/3032
f 652/3032/3032 151/2951/2951 76/2838/2838 979/2833/2833
f 2314/3028/3028 2313/3030/3030 2315/2830/2830 2316/2829/2829
f 2313/3030/3030 652/3032/3032 979/2833/2833 2315/2830/2830
f 3579/3014/3014 3578/3012/3012 1444/3033/3033
f 1444/3033/3033 3578/3012/3012 2859/3034/3034 2317/3035/3035
f 3578/3012/3012 2857/3008/3008 2858/3036/3036 2859/3034/3034
f 2317/3035/3035 2859/3034/3034 2860/3037/3037
f 3589/3038/3038 2317/3035/3035 2860/3037/3037
f 3586/2953/2953 156/3031/3031 2858/3036/3036 2857/3008/3008
f 79/3027/3027 3588/3039/3039 2860/3037/3037
f 3588/3039/3039 995/3040/3040 2860/3037/3037
f 79/3027/3027 2860/3037/3037 2859/3034/3034 994/3029/3029
f 995/3040/3040 3587/3041/3041 2860/3037/3037
f 994/3029/3029 2859/3034/3034 2858/3036/3036 156/3031/3031
f 3595/3042/3042 81/3043/3043 999/3044/3044
f 2864/3045/3045 653/3046/3046 2322/3047/3047
f 2322/3047/3047 653/3046/3046 2861/3048/3048
f 999/3044/3044 81/3043/3043 2862/3049/3049
f 81/3043/3043 2322/3047/3047 2861/3048/3048 2862/3049/3049
f 80/3050/3050 3592/3051/3051 1445/3052/3052 3590/3053/3053
f 3592/3051/3051 997/3054/3054 2318/3055/3055 1445/3052/3052
f 1445/3052/3052 2318/3055/3055 388/3056/3056 2321/3057/3057
f 3590/3053/3053 1445/3052/3052 2321/3057/3057 996/3058/3058
f 997/3054/3054 3591/3059/3059 2318/3055/3055
f 3591/3059/3059 653/3046/3046 2319/3060/3060
f 2318/3055/3055 3591/3059/3059 2319/3060/3060 388/3056/3056
f 388/3056/3056 2319/3060/3060 653/3046/3046 2320/3061/3061
f 2320/3061/3061 653/3046/3046 2864/3045/3045
f 996/3058/3058 2321/3057/3057 1446/3062/3062 2864/3045/3045
f 2321/3057/3057 388/3056/3056 2320/3061/3061 1446/3062/3062
f 1446/3062/3062 2320/3061/3061 2864/3045/3045
f 3594/3063/3063 998/3064/3064 1447/3065/3065
f 1447/3065/3065 998/3064/3064 2862/3049/3049
f 1447/3065/3065 2862/3049/3049 2861/3048/3048
f 998/3064/3064 3593/3066/3066 2862/3049/3049
f 3593/3066/3066 157/3067/3067 2862/3049/3049
f 2861/3048/3048 653/3046/3046 3591/3059/3059
f 81/3043/3043 3597/3068/3068 2322/3047/3047
f 1000/3069/3069 3596/3070/3070 3597/3068/3068
f 3596/3070/3070 158/3071/3071 3597/3068/3068
f 3597/3068/3068 158/3071/3071 1002/3072/3072 2322/3047/3047
f 2322/3047/3047 1002/3072/3072 159/3073/3073 2864/3045/3045
f 1001/3074/3074 83/3075/3075 3598/3076/3076
f 3598/3076/3076 83/3075/3075 158/3071/3071
f 158/3071/3071 83/3075/3075 1002/3072/3072
f 1001/3074/3074 3599/3077/3077 83/3075/3075
f 159/3073/3073 1003/3078/3078 2324/3079/3079
f 1003/3078/3078 1448/3080/3080 2323/3081/3081
f 1448/3080/3080 1003/3078/3078 82/3082/3082 3601/3083/3083
f 2323/3081/3081 1448/3080/3080 3601/3083/3083 1004/3084/3084
f 2324/3079/3079 1003/3078/3078 2323/3081/3081
f 2324/3079/3079 2323/3081/3081 1004/3084/3084 3600/3085/3085
f 2863/3086/3086 2324/3079/3079 3600/3085/3085 160/3087/3087
f 2864/3045/3045 389/3088/3088 2327/3089/3089
f 2864/3045/3045 2327/3089/3089 996/3058/3058
f 2864/3045/3045 159/3073/3073 2325/3090/3090
f 159/3073/3073 2324/3079/3079 2325/3090/3090
f 2864/3045/3045 2325/3090/3090 389/3088/3088
f 389/3088/3088 2325/3090/3090 1449/3091/3091 2326/3092/3092
f 2324/3079/3079 2863/3086/3086 2325/3090/3090
f 2325/3090/3090 2863/3086/3086 1449/3091/3091
f 1449/3091/3091 2863/3086/3086 160/3087/3087 3602/3093/3093
f 2326/3092/3092 1449/3091/3091 3602/3093/3093 1005/3094/3094
f 996/3058/3058 2327/3089/3089 1450/3095/3095 3590/3053/3053
f 2327/3089/3089 389/3088/3088 2326/3092/3092 1450/3095/3095
f 1450/3095/3095 2326/3092/3092 1005/3094/3094 3603/3096/3096
f 3590/3053/3053 1450/3095/3095 3603/3096/3096 80/3050/3050
f 83/3075/3075 2332/3097/3097 2328/3098/3098 1002/3072/3072
f 2332/3097/3097 2869/3099/3099 2329/3100/3100 2328/3098/3098
f 2328/3098/3098 2329/3100/3100 2865/3101/3101 2866/3102/3102
f 1002/3072/3072 2328/3098/3098 2866/3102/3102 159/3073/3073
f 2869/3099/3099 1006/2797/2797 3542/2800/2800 2329/3100/3100
f 2329/3100/3100 3542/2800/2800 3540/2805/2805 2865/3101/3101
f 2865/3101/3101 3540/2805/2805 3541/2816/2816 2330/3103/3103
f 2330/3103/3103 3541/2816/2816 975/2793/2793 3604/3104/3104
f 159/3073/3073 2866/3102/3102 2331/3105/3105 1003/3078/3078
f 2866/3102/3102 2865/3101/3101 2330/3103/3103 2331/3105/3105
f 2331/3105/3105 2330/3103/3103 3604/3104/3104 3605/3106/3106
f 2331/3105/3105 3605/3106/3106 1007/3107/3107
f 1003/3078/3078 2331/3105/3105 1451/3108/3108
f 1451/3108/3108 2331/3105/3105 1007/3107/3107 3606/3109/3109
f 1003/3078/3078 1451/3108/3108 3606/3109/3109 82/3082/3082
f 83/3075/3075 2335/3110/3110 2867/3111/3111 2332/3097/3097
f 2332/3097/3097 2867/3111/3111 2868/3112/3112 2869/3099/3099
f 2333/2844/2844 654/2849/2849 2868/3112/3112 2867/3111/3111
f 1008/2841/2841 2333/2844/2844 2867/3111/3111 2335/3110/3110
f 1006/2797/2797 2869/3099/3099 2868/3112/3112 654/2849/2849
f 3585/3018/3018 155/3019/3019 1452/3113/3113
f 1452/3113/3113 155/3019/3019 2334/3114/3114
f 2334/3114/3114 155/3019/3019 2870/3115/3115 2871/3116/3116
f 1008/2841/2841 2335/3110/3110 2870/3115/3115 155/3019/3019
f 3608/3117/3117 1009/3118/3118 83/3075/3075
f 83/3075/3075 1009/3118/3118 2335/3110/3110
f 3607/3119/3119 161/3120/3120 2871/3116/3116 1009/3118/3118
f 1009/3118/3118 2871/3116/3116 2870/3115/3115 2335/3110/3110
f 85/3121/3121 1010/3122/3122 655/3123/3123 1453/3124/3124
f 1453/3124/3124 655/3123/3123 2336/3125/3125
f 2336/3125/3125 655/3123/3123 2872/3126/3126 1454/3127/3127
f 1454/3127/3127 2872/3126/3126 2873/3128/3128
f 84/3129/3129 2338/3130/3130 655/3123/3123 1010/3122/3122
f 2338/3130/3130 2877/3131/3131 2872/3126/3126 655/3123/3123
f 3459/2430/2430 3610/3132/3132 2872/3126/3126 2877/3131/3131
f 1011/3133/3133 3609/3134/3134 2873/3128/3128 3610/3132/3132
f 3610/3132/3132 2873/3128/3128 2872/3126/3126
f 84/3129/3129 3611/3135/3135 2337/3136/3136 2338/3130/3130
f 3611/3135/3135 3612/3137/3137 2340/3138/3138 2337/3136/3136
f 2337/3136/3136 2340/3138/3138 2874/3139/3139 2876/3140/3140
f 2338/3130/3130 2337/3136/3136 2876/3140/3140 2877/3131/3131
f 3612/3137/3137 3613/3141/3141 2339/3142/3142 2340/3138/3138
f 3613/3141/3141 3615/3143/3143 2349/3144/3144 2339/3142/3142
f 2339/3142/3142 2349/3144/3144 2885/3145/3145 2875/3146/3146
f 2340/3138/3138 2339/3142/3142 2875/3146/3146 2874/3139/3139
f 2875/3146/3146 2885/3145/3145 3451/2401/2401 3461/2440/2440
f 2874/3139/3139 2875/3146/3146 3461/2440/2440 3460/2434/2434
f 2876/3140/3140 2874/3139/3139 3460/2434/2434 3458/2431/2431
f 2877/3131/3131 2876/3140/3140 3458/2431/2431 3459/2430/2430
f 87/3147/3147 1012/3148/3148 2341/3149/3149 2342/3150/3150
f 1012/3148/3148 162/3151/3151 2344/3152/3152 2341/3149/3149
f 2341/3149/3149 2344/3152/3152 2878/3153/3153 2880/3154/3154
f 2342/3150/3150 2341/3149/3149 2880/3154/3154 2881/3155/3155
f 162/3151/3151 1013/3156/3156 2343/3157/3157 2344/3152/3152
f 1013/3156/3156 86/3158/3158 2356/3159/3159 2343/3157/3157
f 2343/3157/3157 2356/3159/3159 2891/3160/3160 2879/3161/3161
f 2344/3152/3152 2343/3157/3157 2879/3161/3161 2878/3153/3153
f 2879/3161/3161 2891/3160/3160 3615/3143/3143 3613/3141/3141
f 2878/3153/3153 2879/3161/3161 3613/3141/3141 3612/3137/3137
f 2880/3154/3154 2878/3153/3153 3612/3137/3137 3611/3135/3135
f 2881/3155/3155 2880/3154/3154 3611/3135/3135 84/3129/3129
f 88/3162/3162 1014/3163/3163 1455/3164/3164
f 1455/3164/3164 1014/3163/3163 2346/3165/3165 2345/3166/3166
f 2345/3166/3166 2346/3165/3165 1456/3167/3167
f 1456/3167/3167 2346/3165/3165 2882/3168/3168 2883/3169/3169
f 1014/3163/3163 87/3147/3147 2342/3150/3150 2346/3165/3165
f 2346/3165/3165 2342/3150/3150 2881/3155/3155 2882/3168/3168
f 2882/3168/3168 2881/3155/3155 84/3129/3129 1010/3122/3122
f 2883/3169/3169 2882/3168/3168 1457/3170/3170
f 1457/3170/3170 2882/3168/3168 2347/3171/3171
f 2347/3171/3171 2882/3168/3168 1010/3122/3122 1458/3172/3172
f 1458/3172/3172 1010/3122/3122 85/3121/3121
f 3615/3143/3143 3614/3173/3173 2348/3174/3174 2349/3144/3144
f 3614/3173/3173 1015/3175/3175 2350/3176/3176 2348/3174/3174
f 2348/3174/3174 2350/3176/3176 656/3177/3177 2884/3178/3178
f 2349/3144/3144 2348/3174/3174 2884/3178/3178 2885/3145/3145
f 1015/3175/3175 3616/3179/3179 2351/3180/3180 2350/3176/3176
f 2350/3176/3176 2351/3180/3180 2887/3181/3181 656/3177/3177
f 656/3177/3177 2887/3181/3181 3448/2393/2393 934/2405/2405
f 2884/3178/3178 656/3177/3177 934/2405/2405 3450/2402/2402
f 2885/3145/3145 2884/3178/3178 3450/2402/2402 3451/2401/2401
f 3616/3179/3179 3617/3182/3182 2352/3183/3183 2351/3180/3180
f 2351/3180/3180 2352/3183/3183 2886/3184/3184 2887/3181/3181
f 3617/3182/3182 68/2534/2534 952/2537/2537 2352/3183/3183
f 2352/3183/3183 952/2537/2537 951/2542/2542 2886/3184/3184
f 2886/3184/3184 951/2542/2542 60/2247/2247 3449/2394/2394
f 2887/3181/3181 2886/3184/3184 3449/2394/2394 3448/2393/2393
f 3618/3185/3185 1016/3186/3186 2354/3187/3187 2353/3188/3188
f 2353/3188/3188 2354/3187/3187 2888/3189/3189 2889/3190/3190
f 1016/3186/3186 1017/2562/2562 3494/2582/2582 2354/3187/3187
f 2354/3187/3187 3494/2582/2582 955/2586/2586 2888/3189/3189
f 2888/3189/3189 955/2586/2586 68/2534/2534 3617/3182/3182
f 2889/3190/3190 2888/3189/3189 3617/3182/3182 3616/3179/3179
f 86/3158/3158 1018/3191/3191 2355/3192/3192 2356/3159/3159
f 1018/3191/3191 163/3193/3193 2357/3194/3194 2355/3192/3192
f 2355/3192/3192 2357/3194/3194 657/3195/3195 2890/3196/3196
f 2356/3159/3159 2355/3192/3192 2890/3196/3196 2891/3160/3160
f 163/3193/3193 3618/3185/3185 2353/3188/3188 2357/3194/3194
f 2357/3194/3194 2353/3188/3188 2889/3190/3190 657/3195/3195
f 657/3195/3195 2889/3190/3190 3616/3179/3179 1015/3175/3175
f 2890/3196/3196 657/3195/3195 1015/3175/3175 3614/3173/3173
f 2891/3160/3160 2890/3196/3196 3614/3173/3173 3615/3143/3143
f 90/3197/3197 3620/3198/3198 1459/3199/3199 3625/3200/3200
f 3620/3198/3198 1019/3201/3201 2358/3202/3202 1459/3199/3199
f 1459/3199/3199 2358/3202/3202 2359/3203/3203 2360/3204/3204
f 3625/3200/3200 1459/3199/3199 2360/3204/3204 2894/3205/3205
f 1019/3201/3201 3619/3206/3206 1460/3207/3207 2358/3202/3202
f 3619/3206/3206 164/3208/3208 2892/3209/3209 1460/3207/3207
f 1460/3207/3207 2892/3209/3209 658/3210/3210 2893/3211/3211
f 2358/3202/3202 1460/3207/3207 2893/3211/3211 2359/3203/3203
f 2893/3211/3211 2894/3205/3205 2359/3203/3203
f 2360/3204/3204 2359/3203/3203 2894/3205/3205
f 164/3208/3208 3621/3212/3212 1461/3213/3213 2892/3209/3209
f 3621/3212/3212 1020/3214/3214 2361/3215/3215 1461/3213/3213
f 1461/3213/3213 2361/3215/3215 2363/3216/3216 2364/3217/3217
f 2892/3209/3209 1461/3213/3213 2364/3217/3217 658/3210/3210
f 1020/3214/3214 3622/3218/3218 1462/3219/3219 2361/3215/3215
f 3622/3218/3218 89/3220/3220 3623/3221/3221 1462/3219/3219
f 1462/3219/3219 3623/3221/3221 1021/3222/3222 2362/3223/3223
f 2361/3215/3215 1462/3219/3219 2362/3223/3223 2363/3216/3216
f 2363/3216/3216 2362/3223/3223 1021/3222/3222 658/3210/3210
f 2364/3217/3217 2363/3216/3216 658/3210/3210
f 658/3210/3210 1021/3222/3222 3624/3224/3224 2365/3225/3225
f 2365/3225/3225 3624/3224/3224 3618/3185/3185 163/3193/3193
f 2894/3205/3205 2893/3211/3211 2366/3226/3226 2367/3227/3227
f 2893/3211/3211 658/3210/3210 2365/3225/3225 2366/3226/3226
f 2366/3226/3226 2365/3225/3225 163/3193/3193 1018/3191/3191
f 2367/3227/3227 2366/3226/3226 1018/3191/3191 86/3158/3158
f 3525/2735/2735 141/2738/2738 2895/3228/3228 1463/3229/3229
f 2368/2745/2745 1017/2562/2562 1016/3186/3186 2896/3230/3230
f 141/2738/2738 2368/2745/2745 2896/3230/3230 2895/3228/3228
f 2895/3228/3228 2896/3230/3230 659/3231/3231
f 2896/3230/3230 1016/3186/3186 3618/3185/3185 3624/3224/3224
f 659/3231/3231 2896/3230/3230 3624/3224/3224 1021/3222/3222
f 1463/3229/3229 2895/3228/3228 659/3231/3231 1464/3232/3232
f 1464/3232/3232 659/3231/3231 2369/3233/3233
f 1464/3232/3232 2369/3233/3233 1022/3234/3234
f 659/3231/3231 1021/3222/3222 1465/3235/3235
f 1022/3234/3234 2369/3233/3233 1466/3236/3236 3626/3237/3237
f 2369/3233/3233 659/3231/3231 1465/3235/3235 1466/3236/3236
f 1466/3236/3236 1465/3235/3235 1021/3222/3222 3623/3221/3221
f 3626/3237/3237 1466/3236/3236 3623/3221/3221 89/3220/3220
f 82/3082/3082 3606/3109/3109 1467/3238/3238 3630/3239/3239
f 3606/3109/3109 1007/3107/3107 2370/3240/3240 1467/3238/3238
f 1467/3238/3238 2370/3240/3240 390/3241/3241 2373/3242/3242
f 3630/3239/3239 1467/3238/3238 2373/3242/3242 1024/3243/3243
f 1007/3107/3107 3605/3106/3106 1468/3244/3244 2370/3240/3240
f 3605/3106/3106 3604/3104/3104 2374/3245/3245 1468/3244/3244
f 1468/3244/3244 2374/3245/3245 660/3246/3246 2371/3247/3247
f 2370/3240/3240 1468/3244/3244 2371/3247/3247 390/3241/3241
f 390/3241/3241 2371/3247/3247 1469/3248/3248 2372/3249/3249
f 2371/3247/3247 660/3246/3246 2897/3250/3250 1469/3248/3248
f 1469/3248/3248 2897/3250/3250 2898/3251/3251
f 2372/3249/3249 1469/3248/3248 2898/3251/3251 661/3252/3252
f 1024/3243/3243 2373/3242/3242 1470/3253/3253 3629/3254/3254
f 2373/3242/3242 390/3241/3241 2372/3249/3249 1470/3253/3253
f 1470/3253/3253 2372/3249/3249 661/3252/3252 2899/3255/3255
f 3629/3254/3254 1470/3253/3253 2899/3255/3255 165/3256/3256
f 3604/3104/3104 975/2793/2793 2374/3245/3245
f 660/3246/3246 2374/3245/3245 2897/3250/3250
f 2374/3245/3245 975/2793/2793 974/2794/2794 2897/3250/3250
f 2897/3250/3250 974/2794/2794 3525/2735/2735 1463/3229/3229
f 165/3256/3256 2899/3255/3255 1471/3257/3257 3627/3258/3258
f 2899/3255/3255 661/3252/3252 2375/3259/3259 1471/3257/3257
f 1471/3257/3257 2375/3259/3259 391/3260/3260 2378/3261/3261
f 3627/3258/3258 1471/3257/3257 2378/3261/3261 1023/3262/3262
f 661/3252/3252 2898/3251/3251 1472/3263/3263 2375/3259/3259
f 2898/3251/3251 2897/3250/3250 1472/3263/3263
f 1472/3263/3263 2897/3250/3250 2376/3264/3264
f 2375/3259/3259 1472/3263/3263 2376/3264/3264 391/3260/3260
f 391/3260/3260 2376/3264/3264 1464/3232/3232 2377/3265/3265
f 2376/3264/3264 2897/3250/3250 1463/3229/3229 1464/3232/3232
f 2377/3265/3265 1464/3232/3232 1022/3234/3234
f 1023/3262/3262 2378/3261/3261 1473/3266/3266 3628/3267/3267
f 2378/3261/3261 391/3260/3260 2377/3265/3265 1473/3266/3266
f 1473/3266/3266 2377/3265/3265 1022/3234/3234 3626/3237/3237
f 3628/3267/3267 1473/3266/3266 3626/3237/3237 89/3220/3220
f 91/3268/3268 166/3269/3269 2900/3270/3270 2379/3271/3271
f 1026/3272/3272 2379/3271/3271 2902/3273/3273
f 2379/3271/3271 2900/3270/3270 2902/3273/3273
f 87/3147/3147 1014/3163/3163 2901/3274/3274 3631/3275/3275
f 3631/3275/3275 2901/3274/3274 2900/3270/3270 166/3269/3269
f 3633/3276/3276 1025/3277/3277 2901/3274/3274
f 88/3162/3162 3633/3276/3276 2901/3274/3274 1014/3163/3163
f 3632/3278/3278 167/3279/3279 2902/3273/3273 1025/3277/3277
f 1025/3277/3277 2902/3273/3273 2900/3270/3270 2901/3274/3274
f 90/3197/3197 3625/3200/3200 1474/3280/3280 3634/3281/3281
f 3625/3200/3200 2894/3205/3205 2904/3282/3282 1474/3280/3280
f 1474/3280/3280 2904/3282/3282 2380/3283/3283 2381/3284/3284
f 3634/3281/3281 1474/3280/3280 2381/3284/3284 1027/3285/3285
f 2380/3283/3283 2904/3282/3282 2903/3286/3286
f 1027/3285/3285 2381/3284/3284 2906/3287/3287
f 2381/3284/3284 2380/3283/3283 2903/3286/3286 2906/3287/3287
f 2894/3205/3205 2367/3227/3227 2382/3288/3288 2904/3282/3282
f 2367/3227/3227 86/3158/3158 1013/3156/3156 2382/3288/3288
f 2382/3288/3288 1013/3156/3156 162/3151/3151 2905/3289/3289
f 2904/3282/3282 2382/3288/3288 2905/3289/3289 2903/3286/3286
f 2903/3286/3286 2905/3289/3289 2383/3290/3290 662/3291/3291
f 2905/3289/3289 162/3151/3151 1012/3148/3148 2383/3290/3290
f 2383/3290/3290 1012/3148/3148 87/3147/3147 3631/3275/3275
f 662/3291/3291 2383/3290/3290 3631/3275/3275 166/3269/3269
f 2906/3287/3287 2903/3286/3286 662/3291/3291 2384/3292/3292
f 2384/3292/3292 662/3291/3291 166/3269/3269 91/3268/3268
f 1447/3065/3065 2861/3048/3048 2385/3293/3293 2386/3294/3294
f 2861/3048/3048 3591/3059/3059 2390/3295/3295 2385/3293/3293
f 2385/3293/3293 2390/3295/3295 2907/3296/3296 2384/3292/3292
f 1030/3297/3297 2386/3294/3294 3641/3298/3298
f 2386/3294/3294 2385/3293/3293 2384/3292/3292 2909/3299/3299
f 3641/3298/3298 2386/3294/3294 2909/3299/3299
f 3591/3059/3059 997/3054/3054 2387/3300/3300 2390/3295/3295
f 2390/3295/3295 2387/3300/3300 392/3301/3301
f 997/3054/3054 3592/3051/3051 1475/3302/3302 2387/3300/3300
f 3592/3051/3051 80/3050/3050 3636/3303/3303 1475/3302/3302
f 1475/3302/3302 3636/3303/3303 1028/3304/3304 2388/3305/3305
f 2387/3300/3300 1475/3302/3302 2388/3305/3305 392/3301/3301
f 392/3301/3301 2388/3305/3305 1476/3306/3306 2389/3307/3307
f 2388/3305/3305 1028/3304/3304 3635/3308/3308 1476/3306/3306
f 1476/3306/3306 3635/3308/3308 168/3309/3309 2908/3310/3310
f 2389/3307/3307 1476/3306/3306 2908/3310/3310 663/3311/3311
f 2390/3295/3295 392/3301/3301 2389/3307/3307
f 2389/3307/3307 663/3311/3311 2390/3295/3295
f 2390/3295/3295 663/3311/3311 2907/3296/3296
f 663/3311/3311 2908/3310/3310 1477/3312/3312 2907/3296/3296
f 2908/3310/3310 168/3309/3309 3637/3313/3313 1477/3312/3312
f 1477/3312/3312 3637/3313/3313 1029/3314/3314 2391/3315/3315
f 2907/3296/3296 1477/3312/3312 2391/3315/3315
f 2907/3296/3296 2391/3315/3315 1478/3316/3316 2392/3317/3317
f 2391/3315/3315 1029/3314/3314 3638/3318/3318 1478/3316/3316
f 1478/3316/3316 3638/3318/3318 90/3197/3197 3634/3281/3281
f 2392/3317/3317 1478/3316/3316 3634/3281/3281 1027/3285/3285
f 2906/3287/3287 2907/3296/3296 2392/3317/3317
f 2906/3287/3287 2392/3317/3317 1027/3285/3285
f 2909/3299/3299 2384/3292/3292 2393/3319/3319
f 3639/3320/3320 2909/3299/3299 2393/3319/3319
f 2384/3292/3292 2907/3296/3296 2906/3287/3287
f 2393/3319/3319 2384/3292/3292 91/3268/3268
f 3640/3321/3321 2393/3319/3319 91/3268/3268
f 3185/1050/1050 3184/1049/1049 2394/3322/3322 2395/1640/1640
f 3184/1049/1049 789/1046/1046 2396/3323/3323 2394/3322/3322
f 2394/3322/3322 2396/3323/3323 664/3324/3324 2910/3325/3325
f 2395/1640/1640 2394/3322/3322 2910/3325/3325 2911/1641/1641
f 789/1046/1046 3183/1030/1030 1825/1033/1033 2396/3323/3323
f 2396/3323/3323 1825/1033/1033 516/1035/1035 664/3324/3324
f 664/3324/3324 516/1035/1035 1824/1021/1021 786/1019/1019
f 2911/1641/1641 2910/3325/3325 2397/1016/1016 2398/1015/1015
f 2910/3325/3325 664/3324/3324 786/1019/1019 2397/1016/1016
f 3069/288/288 3044/286/286 2912/3326/3326 2913/405/405
f 3044/286/286 726/282/282 665/3327/3327 2912/3326/3326
f 726/282/282 3040/251/251 441/254/254 665/3327/3327
f 665/3327/3327 441/254/254 1649/256/256 2399/3328/3328
f 2399/3328/3328 1649/256/256 3013/124/124 189/140/140
f 2913/405/405 2912/3326/3326 2400/3329/3329 2401/408/408
f 2912/3326/3326 665/3327/3327 2399/3328/3328 2400/3329/3329
f 2400/3329/3329 2399/3328/3328 189/140/140 710/137/137
f 2401/408/408 2400/3329/3329 710/137/137 3065/136/136
f 2533/297/297 2987/3330/3330 2403/3331/3331 2402/1778/1778
f 2402/1778/1778 2403/3331/3331 1480/3332/3332 1479/1782/1782
f 1479/1782/1782 1480/3332/3332 2406/3333/3333 2407/1783/1783
f 2987/3330/3330 3058/347/347 1764/808/808 2403/3331/3331
f 2403/3331/3331 1764/808/808 1141/814/814 1480/3332/3332
f 1480/3332/3332 1141/814/814 767/815/815 2406/3333/3333
f 2406/3333/3333 767/815/815 393/3334/3334
f 767/815/815 2404/3335/3335 393/3334/3334
f 393/3334/3334 2404/3335/3335 1481/3336/3336 2405/3337/3337
f 2404/3335/3335 767/815/815 3139/836/836 1481/3336/3336
f 1481/3336/3336 3139/836/836 23/782/782 3130/780/780
f 2405/3337/3337 1481/3336/3336 3130/780/780 762/777/777
f 2406/3333/3333 393/3334/3334 2405/3337/3337 226/774/774
f 226/774/774 2405/3337/3337 762/777/777
f 2407/1783/1783 2406/3333/3333 226/774/774 24/773/773
f 21/656/656 1116/659/659 1482/3338/3338 3338/1735/1735
f 1116/659/659 475/660/660 2408/3339/3339 1482/3338/3338
f 1482/3338/3338 2408/3339/3339 394/3340/3340 2411/3341/3341
f 3338/1735/1735 1482/3338/3338 2411/3341/3341 867/1736/1736
f 475/660/660 2616/667/667 1483/3342/3342 2408/3339/3339
f 2616/667/667 282/668/668 2915/3343/3343 1483/3342/3342
f 1483/3342/3342 2915/3343/3343 666/3344/3344 2409/3345/3345
f 2408/3339/3339 1483/3342/3342 2409/3345/3345 394/3340/3340
f 394/3340/3340 2409/3345/3345 1484/3346/3346 2410/3347/3347
f 2409/3345/3345 666/3344/3344 2914/3348/3348 1484/3346/3346
f 1484/3346/3346 2914/3348/3348 294/3349/3349 2920/3350/3350
f 2410/3347/3347 1484/3346/3346 2920/3350/3350 669/3351/3351
f 867/1736/1736 2411/3341/3341 1485/3352/3352 3337/1737/1737
f 2411/3341/3341 394/3340/3340 2410/3347/3347 1485/3352/3352
f 1485/3352/3352 2410/3347/3347 669/3351/3351 2921/3353/3353
f 3337/1737/1737 1485/3352/3352 2921/3353/3353 272/1739/1739
f 282/668/668 2618/669/669 1486/3354/3354 2915/3343/3343
f 2618/669/669 476/670/670 2412/3355/3355 1486/3354/3354
f 1486/3354/3354 2412/3355/3355 395/3356/3356 2415/3357/3357
f 2915/3343/3343 1486/3354/3354 2415/3357/3357 666/3344/3344
f 476/670/670 2619/671/671 1487/3358/3358 2412/3355/3355
f 2619/671/671 18/608/608 3643/3359/3359 1487/3358/3358
f 1487/3358/3358 3643/3359/3359 1031/3360/3360 2413/3361/3361
f 2412/3355/3355 1487/3358/3358 2413/3361/3361 395/3356/3356
f 395/3356/3356 2413/3361/3361 1488/3362/3362 2414/3363/3363
f 2413/3361/3361 1031/3360/3360 3642/3364/3364 1488/3362/3362
f 1488/3362/3362 3642/3364/3364 169/3365/3365 2917/3366/3366
f 2414/3363/3363 1488/3362/3362 2917/3366/3366 667/3367/3367
f 666/3344/3344 2415/3357/3357 1489/3368/3368 2914/3348/3348
f 2415/3357/3357 395/3356/3356 2414/3363/3363 1489/3368/3368
f 1489/3368/3368 2414/3363/3363 667/3367/3367 2916/3369/3369
f 2914/3348/3348 1489/3368/3368 2916/3369/3369 294/3349/3349
f 294/3349/3349 2916/3369/3369 1490/3370/3370 2918/3371/3371
f 2916/3369/3369 667/3367/3367 2416/3372/3372 1490/3370/3370
f 1490/3370/3370 2416/3372/3372 396/3373/3373 2419/3374/3374
f 2918/3371/3371 1490/3370/3370 2419/3374/3374 668/3375/3375
f 667/3367/3367 2917/3366/3366 1491/3376/3376 2416/3372/3372
f 2917/3366/3366 169/3365/3365 3644/3377/3377 1491/3376/3376
f 1491/3376/3376 3644/3377/3377 1032/3378/3378 2417/3379/3379
f 2416/3372/3372 1491/3376/3376 2417/3379/3379 396/3373/3373
f 396/3373/3373 2417/3379/3379 1492/3380/3380 2418/3381/3381
f 2417/3379/3379 1032/3378/3378 3645/3382/3382 1492/3380/3380
f 1492/3380/3380 3645/3382/3382 92/3383/3383 3647/3384/3384
f 2418/3381/3381 1492/3380/3380 3647/3384/3384 1033/3385/3385
f 668/3375/3375 2419/3374/3374 1493/3386/3386 2919/3387/3387
f 2419/3374/3374 396/3373/3373 2418/3381/3381 1493/3386/3386
f 1493/3386/3386 2418/3381/3381 1033/3385/3385 3646/3388/3388
f 2919/3387/3387 1493/3386/3386 3646/3388/3388 170/3389/3389
f 272/1739/1739 2921/3353/3353 1494/3390/3390 3339/1745/1745
f 2921/3353/3353 669/3351/3351 2420/3391/3391 1494/3390/3390
f 1494/3390/3390 2420/3391/3391 397/3392/3392 2423/3393/3393
f 3339/1745/1745 1494/3390/3390 2423/3393/3393 868/1746/1746
f 669/3351/3351 2920/3350/3350 1495/3394/3394 2420/3391/3391
f 2920/3350/3350 294/3349/3349 2918/3371/3371 1495/3394/3394
f 1495/3394/3394 2918/3371/3371 668/3375/3375 2421/3395/3395
f 2420/3391/3391 1495/3394/3394 2421/3395/3395 397/3392/3392
f 397/3392/3392 2421/3395/3395 1496/3396/3396 2422/3397/3397
f 2421/3395/3395 668/3375/3375 2919/3387/3387 1496/3396/3396
f 1496/3396/3396 2919/3387/3387 170/3389/3389 3648/3398/3398
f 2422/3397/3397 1496/3396/3396 3648/3398/3398 1034/3399/3399
f 868/1746/1746 2423/3393/3393 1497/3400/3400 3340/1747/1747
f 2423/3393/3393 397/3392/3392 2422/3397/3397 1497/3400/3400
f 1497/3400/3400 2422/3397/3397 1034/3399/3399 3649/3401/3401
f 3340/1747/1747 1497/3400/3400 3649/3401/3401 45/1702/1702
f 45/1702/1702 3649/3401/3401 1498/3402/3402 3332/1703/1703
f 3649/3401/3401 1034/3399/3399 2424/3403/3403 1498/3402/3402
f 1498/3402/3402 2424/3403/3403 398/3404/3404 2427/3405/3405
f 3332/1703/1703 1498/3402/3402 2427/3405/3405 865/1704/1704
f 1034/3399/3399 3648/3398/3398 1499/3406/3406 2424/3403/3403
f 3648/3398/3398 170/3389/3389 2923/3407/3407 1499/3406/3406
f 1499/3406/3406 2923/3407/3407 670/3408/3408 2425/3409/3409
f 2424/3403/3403 1499/3406/3406 2425/3409/3409 398/3404/3404
f 398/3404/3404 2425/3409/3409 1500/3410/3410 2426/3411/3411
f 2425/3409/3409 670/3408/3408 2922/3412/3412 1500/3410/3410
f 1500/3410/3410 2922/3412/3412 295/3413/3413 2926/3414/3414
f 2426/3411/3411 1500/3410/3410 2926/3414/3414 672/3415/3415
f 865/1704/1704 2427/3405/3405 1501/3416/3416 3331/1705/1705
f 2427/3405/3405 398/3404/3404 2426/3411/3411 1501/3416/3416
f 1501/3416/3416 2426/3411/3411 672/3415/3415 2927/3417/3417
f 3331/1705/1705 1501/3416/3416 2927/3417/3417 271/1707/1707
f 92/3383/3383 3651/3418/3418 1502/3419/3419 3647/3384/3384
f 3651/3418/3418 1035/3420/3420 2428/3421/3421 1502/3419/3419
f 1502/3419/3419 2428/3421/3421 399/3422/3422 2431/3423/3423
f 3647/3384/3384 1502/3419/3419 2431/3423/3423 1033/3385/3385
f 1035/3420/3420 3650/3424/3424 1503/3425/3425 2428/3421/3421
f 3650/3424/3424 171/3426/3426 2925/3427/3427 1503/3425/3425
f 1503/3425/3425 2925/3427/3427 671/3428/3428 2429/3429/3429
f 2428/3421/3421 1503/3425/3425 2429/3429/3429 399/3422/3422
f 399/3422/3422 2429/3429/3429 1504/3430/3430 2430/3431/3431
f 2429/3429/3429 671/3428/3428 2924/3432/3432 1504/3430/3430
f 1504/3430/3430 2924/3432/3432 295/3413/3413 2922/3412/3412
f 2430/3431/3431 1504/3430/3430 2922/3412/3412 670/3408/3408
f 1033/3385/3385 2431/3423/3423 1505/3433/3433 3646/3388/3388
f 2431/3423/3423 399/3422/3422 2430/3431/3431 1505/3433/3433
f 1505/3433/3433 2430/3431/3431 670/3408/3408 2923/3407/3407
f 3646/3388/3388 1505/3433/3433 2923/3407/3407 170/3389/3389
f 46/1717/1717 3334/1715/1715 1506/3434/3434 3653/3435/3435
f 3334/1715/1715 866/1714/1714 2432/3436/3436 1506/3434/3434
f 1506/3434/3434 2432/3436/3436 400/3437/3437 2435/3438/3438
f 3653/3435/3435 1506/3434/3434 2435/3438/3438 1036/3439/3439
f 866/1714/1714 3333/1713/1713 1507/3440/3440 2432/3436/3436
f 3333/1713/1713 271/1707/1707 2927/3417/3417 1507/3440/3440
f 1507/3440/3440 2927/3417/3417 672/3415/3415 2433/3441/3441
f 2432/3436/3436 1507/3440/3440 2433/3441/3441 400/3437/3437
f 400/3437/3437 2433/3441/3441 1508/3442/3442 2434/3443/3443
f 2433/3441/3441 672/3415/3415 2926/3414/3414 1508/3442/3442
f 1508/3442/3442 2926/3414/3414 295/3413/3413 2924/3432/3432
f 2434/3443/3443 1508/3442/3442 2924/3432/3432 671/3428/3428
f 1036/3439/3439 2435/3438/3438 1509/3444/3444 3652/3445/3445
f 2435/3438/3438 400/3437/3437 2434/3443/3443 1509/3444/3444
f 1509/3444/3444 2434/3443/3443 671/3428/3428 2925/3427/3427
f 3652/3445/3445 1509/3444/3444 2925/3427/3427 171/3426/3426
f 858/1654/1654 2436/3446/3446 2437/3447/3447
f 858/1654/1654 1972/1656/1656 673/3448/3448 2436/3446/3446
f 2436/3446/3446 673/3448/3448 2928/3449/3449 1510/3450/3450
f 1510/3450/3450 2928/3449/3449 296/3451/3451 2933/3452/3452
f 2437/3447/3447 2436/3446/3446 1510/3450/3450
f 3323/1666/1666 2438/3453/3453 2440/3454/3454
f 1972/1656/1656 3323/1666/1666 2440/3454/3454 673/3448/3448
f 3323/1666/1666 263/1532/1532 2438/3453/3453
f 263/1532/1532 3654/3455/3455 2438/3453/3453
f 2438/3453/3453 1511/3456/3456 2439/3457/3457
f 2438/3453/3453 3654/3455/3455 1511/3456/3456
f 1511/3456/3456 3654/3455/3455 172/3458/3458 2930/3459/3459
f 2439/3457/3457 1511/3456/3456 2930/3459/3459 674/3460/3460
f 673/3448/3448 2440/3454/3454 1512/3461/3461 2928/3449/3449
f 2440/3454/3454 2438/3453/3453 2439/3457/3457 1512/3461/3461
f 1512/3461/3461 2439/3457/3457 674/3460/3460 2929/3462/3462
f 2928/3449/3449 1512/3461/3461 2929/3462/3462 296/3451/3451
f 296/3451/3451 2929/3462/3462 1513/3463/3463 2931/3464/3464
f 2929/3462/3462 674/3460/3460 2441/3465/3465 1513/3463/3463
f 1513/3463/3463 2441/3465/3465 401/3466/3466 2444/3467/3467
f 2931/3464/3464 1513/3463/3463 2444/3467/3467 675/3468/3468
f 674/3460/3460 2930/3459/3459 1514/3469/3469 2441/3465/3465
f 2930/3459/3459 172/3458/3458 3655/3470/3470 1514/3469/3469
f 1514/3469/3469 3655/3470/3470 1037/3471/3471 2442/3472/3472
f 2441/3465/3465 1514/3469/3469 2442/3472/3472 401/3466/3466
f 401/3466/3466 2442/3472/3472 1515/3473/3473 2443/3474/3474
f 2442/3472/3472 1037/3471/3471 3656/3475/3475 1515/3473/3473
f 1515/3473/3473 3656/3475/3475 73/3476/3476 3658/3477/3477
f 2443/3474/3474 1515/3473/3473 3658/3477/3477 1038/3478/3478
f 675/3468/3468 2444/3467/3467 1516/3479/3479 2932/3480/3480
f 2444/3467/3467 401/3466/3466 2443/3474/3474 1516/3479/3479
f 1516/3479/3479 2443/3474/3474 1038/3478/3478 3657/3481/3481
f 2932/3480/3480 1516/3479/3479 3657/3481/3481 173/3482/3482
f 2437/3447/3447 1510/3450/3450 2445/3483/3483 1040/3484/3484
f 1040/3484/3484 2445/3483/3483 402/3485/3485 2448/3486/3486
f 1510/3450/3450 2933/3452/3452 2445/3483/3483
f 2445/3483/3483 2933/3452/3452 1517/3487/3487
f 2933/3452/3452 296/3451/3451 2931/3464/3464 1517/3487/3487
f 1517/3487/3487 2931/3464/3464 675/3468/3468 2446/3488/3488
f 2445/3483/3483 1517/3487/3487 2446/3488/3488 402/3485/3485
f 402/3485/3485 2446/3488/3488 1518/3489/3489 2447/3490/3490
f 2446/3488/3488 675/3468/3468 2932/3480/3480 1518/3489/3489
f 1518/3489/3489 2932/3480/3480 173/3482/3482 3659/3491/3491
f 2447/3490/3490 1518/3489/3489 3659/3491/3491 1039/3492/3492
f 1040/3484/3484 2448/3486/3486 1519/3493/3493 3661/3494/3494
f 2448/3486/3486 402/3485/3485 2447/3490/3490 1519/3493/3493
f 1519/3493/3493 2447/3490/3490 1039/3492/3492 3660/3495/3495
f 3661/3494/3494 1519/3493/3493 3660/3495/3495 74/2748/2748
f 3551/2864/2864 2453/3496/3496 2449/3497/3497 2450/2865/2865
f 2453/3496/3496 2938/3498/3498 676/3499/3499 2449/3497/3497
f 2449/3497/3497 676/3499/3499 2934/3500/3500 2936/3501/3501
f 2450/2865/2865 2449/3497/3497 2936/3501/3501 2937/2866/2866
f 74/2748/2748 3535/2751/2751 1520/3502/3502 3662/3503/3503
f 3535/2751/2751 2231/2755/2755 2451/3504/3504 1520/3502/3502
f 1520/3502/3502 2451/3504/3504 3662/3503/3503
f 2231/2755/2755 638/2763/2763 2935/3505/3505 2451/3504/3504
f 2451/3504/3504 2935/3505/3505 2934/3500/3500 676/3499/3499
f 3662/3503/3503 2451/3504/3504 676/3499/3499 2938/3498/3498
f 3534/2782/2782 3552/2870/2870 2452/3506/3506 2236/2781/2781
f 3552/2870/2870 2937/2866/2866 2936/3501/3501 2452/3506/3506
f 2452/3506/3506 2936/3501/3501 2934/3500/3500 2935/3505/3505
f 2236/2781/2781 2452/3506/3506 2935/3505/3505 638/2763/2763
f 3551/2864/2864 980/2877/2877 2454/3507/3507 2453/3496/3496
f 2453/3496/3496 2454/3507/3507 677/3508/3508 2938/3498/3498
f 980/2877/2877 3209/1134/1134 1976/1681/1681 2454/3507/3507
f 2454/3507/3507 1976/1681/1681 2717/1685/1685 677/3508/3508
f 677/3508/3508 2717/1685/1685 1980/1688/1688 2455/3509/3509
f 2455/3509/3509 1980/1688/1688 858/1654/1654 2437/3447/3447
f 2938/3498/3498 677/3508/3508 2455/3509/3509 3662/3503/3503
f 2455/3509/3509 2437/3447/3447 1040/3484/3484
f 3662/3503/3503 2455/3509/3509 1521/3510/3510
f 1521/3510/3510 2455/3509/3509 1040/3484/3484 3661/3494/3494
f 3662/3503/3503 1521/3510/3510 3661/3494/3494 74/2748/2748
f 263/1532/1532 681/3511/3511 3654/3455/3455
f 263/1532/1532 678/3512/3512 681/3511/3511
f 3654/3455/3455 681/3511/3511 172/3458/3458
f 263/1532/1532 3300/1568/1568 1522/3513/3513
f 263/1532/1532 1522/3513/3513 2456/3514/3514 678/3512/3512
f 3300/1568/1568 41/1579/1579 3510/2687/2687 1522/3513/3513
f 1522/3513/3513 3510/2687/2687 963/2683/2683
f 1522/3513/3513 963/2683/2683 2456/3514/3514
f 2456/3514/3514 963/2683/2683 1523/3515/3515
f 963/2683/2683 3509/2681/2681 1523/3515/3515
f 1523/3515/3515 3509/2681/2681 136/2667/2667 2940/3516/3516
f 2456/3514/3514 1523/3515/3515 2940/3516/3516 679/3517/3517
f 678/3512/3512 2456/3514/3514 2939/3518/3518
f 2939/3518/3518 2456/3514/3514 679/3517/3517
f 678/3512/3512 2939/3518/3518 1524/3519/3519 2941/3520/3520
f 2939/3518/3518 679/3517/3517 2457/3521/3521 1524/3519/3519
f 1524/3519/3519 2457/3521/3521 403/3522/3522 2460/3523/3523
f 2941/3520/3520 1524/3519/3519 2460/3523/3523 680/3524/3524
f 679/3517/3517 2940/3516/3516 1525/3525/3525 2457/3521/3521
f 2940/3516/3516 136/2667/2667 3507/2665/2665 1525/3525/3525
f 1525/3525/3525 3507/2665/2665 962/2660/2660 2458/3526/3526
f 2457/3521/3521 1525/3525/3525 2458/3526/3526 403/3522/3522
f 403/3522/3522 2458/3526/3526 1526/3527/3527 2459/3528/3528
f 2458/3526/3526 962/2660/2660 3508/2657/2657 1526/3527/3527
f 1526/3527/3527 3508/2657/2657 93/2656/2656 3664/3529/3529
f 2459/3528/3528 1526/3527/3527 3664/3529/3529 1041/3530/3530
f 680/3524/3524 2460/3523/3523 1527/3531/3531 2942/3532/3532
f 2460/3523/3523 403/3522/3522 2459/3528/3528 1527/3531/3531
f 1527/3531/3531 2459/3528/3528 1041/3530/3530 3663/3533/3533
f 2942/3532/3532 1527/3531/3531 3663/3533/3533 174/3534/3534
f 172/3458/3458 681/3511/3511 1528/3535/3535 3655/3470/3470
f 681/3511/3511 2461/3536/3536 1528/3535/3535
f 1528/3535/3535 2461/3536/3536 404/3537/3537 2464/3538/3538
f 3655/3470/3470 1528/3535/3535 2464/3538/3538 1037/3471/3471
f 681/3511/3511 678/3512/3512 1529/3539/3539 2461/3536/3536
f 678/3512/3512 2941/3520/3520 1529/3539/3539
f 1529/3539/3539 2941/3520/3520 680/3524/3524 2462/3540/3540
f 2461/3536/3536 1529/3539/3539 2462/3540/3540 404/3537/3537
f 404/3537/3537 2462/3540/3540 1530/3541/3541 2463/3542/3542
f 2462/3540/3540 680/3524/3524 2942/3532/3532 1530/3541/3541
f 1530/3541/3541 2942/3532/3532 174/3534/3534 3665/3543/3543
f 2463/3542/3542 1530/3541/3541 3665/3543/3543 1042/3544/3544
f 1037/3471/3471 2464/3538/3538 1531/3545/3545 3656/3475/3475
f 2464/3538/3538 404/3537/3537 2463/3542/3542 1531/3545/3545
f 1531/3545/3545 2463/3542/3542 1042/3544/3544 3666/3546/3546
f 3656/3475/3475 1531/3545/3545 3666/3546/3546 73/3476/3476
f 3532/2741/2741 3531/2778/2778 2944/3547/3547 2945/2742/2742
f 3531/2778/2778 143/2774/2774 682/3548/3548 2944/3547/3547
f 70/2571/2571 3489/2574/2574 1532/3549/3549 3530/2772/2772
f 3489/2574/2574 132/2566/2566 2943/3550/3550 1532/3549/3549
f 1532/3549/3549 2943/3550/3550 2465/2773/2773
f 3530/2772/2772 1532/3549/3549 2465/2773/2773
f 2465/2773/2773 2943/3550/3550 682/3548/3548 143/2774/2774
f 1017/2562/2562 3524/2747/2747 2466/3551/3551 953/2563/2563
f 3524/2747/2747 2945/2742/2742 2944/3547/3547 2466/3551/3551
f 2466/3551/3551 2944/3547/3547 682/3548/3548 2943/3550/3550
f 953/2563/2563 2466/3551/3551 2943/3550/3550 132/2566/2566
f 72/2734/2734 3518/2733/2733 1533/3552/3552 3668/3553/3553
f 3518/2733/2733 967/2730/2730 2467/3554/3554 1533/3552/3552
f 1533/3552/3552 2467/3554/3554 405/3555/3555 2470/3556/3556
f 3668/3553/3553 1533/3552/3552 2470/3556/3556
f 967/2730/2730 3517/2729/2729 1534/3557/3557 2467/3554/3554
f 3517/2729/2729 138/2718/2718 2947/3558/3558 1534/3557/3557
f 1534/3557/3557 2947/3558/3558 683/3559/3559 2468/3560/3560
f 2467/3554/3554 1534/3557/3557 2468/3560/3560 405/3555/3555
f 405/3555/3555 2468/3560/3560 1535/3561/3561 2469/3562/3562
f 2468/3560/3560 683/3559/3559 2946/3563/3563 1535/3561/3561
f 1535/3561/3561 2946/3563/3563 297/3564/3564 2950/3565/3565
f 2469/3562/3562 1535/3561/3561 2950/3565/3565
f 2470/3556/3556 405/3555/3555 2469/3562/3562
f 2470/3556/3556 2469/3562/3562 2950/3565/3565 2951/3566/3566
f 71/2588/2588 3506/2591/2591 1536/3567/3567 3516/2713/2713
f 3506/2591/2591 961/2596/2596 2471/3568/3568 1536/3567/3567
f 1536/3567/3567 2471/3568/3568 406/3569/3569 2474/3570/3570
f 3516/2713/2713 1536/3567/3567 2474/3570/3570 966/2714/2714
f 961/2596/2596 3505/2609/2609 1537/3571/3571 2471/3568/3568
f 3505/2609/2609 135/2611/2611 2949/3572/3572 1537/3571/3571
f 1537/3571/3571 2949/3572/3572 684/3573/3573 2472/3574/3574
f 2471/3568/3568 1537/3571/3571 2472/3574/3574 406/3569/3569
f 406/3569/3569 2472/3574/3574 1538/3575/3575 2473/3576/3576
f 2472/3574/3574 684/3573/3573 2948/3577/3577 1538/3575/3575
f 1538/3575/3575 2948/3577/3577 297/3564/3564 2946/3563/3563
f 2473/3576/3576 1538/3575/3575 2946/3563/3563 683/3559/3559
f 966/2714/2714 2474/3570/3570 1539/3578/3578 3515/2717/2717
f 2474/3570/3570 406/3569/3569 2473/3576/3576 1539/3578/3578
f 1539/3578/3578 2473/3576/3576 683/3559/3559 2947/3558/3558
f 3515/2717/2717 1539/3578/3578 2947/3558/3558 138/2718/2718
f 69/2655/2655 3667/3579/3579 1540/3580/3580 3504/2653/2653
f 3667/3579/3579 1043/3581/3581 2475/3582/3582 1540/3580/3580
f 1540/3580/3580 2475/3582/3582 407/3583/3583 2478/3584/3584
f 3504/2653/2653 1540/3580/3580 2478/3584/3584 960/2645/2645
f 1043/3581/3581 2951/3566/3566 1541/3585/3585 2475/3582/3582
f 1541/3585/3585 2951/3566/3566 2950/3565/3565 2476/3586/3586
f 2475/3582/3582 1541/3585/3585 2476/3586/3586 407/3583/3583
f 407/3583/3583 2476/3586/3586 2948/3577/3577 2477/3587/3587
f 2476/3586/3586 2950/3565/3565 2948/3577/3577
f 2948/3577/3577 2950/3565/3565 297/3564/3564
f 2477/3587/3587 2948/3577/3577 684/3573/3573
f 960/2645/2645 2478/3584/3584 1542/3588/3588 3503/2641/2641
f 2478/3584/3584 407/3583/3583 2477/3587/3587 1542/3588/3588
f 1542/3588/3588 2477/3587/3587 684/3573/3573 2949/3572/3572
f 3503/2641/2641 1542/3588/3588 2949/3572/3572 135/2611/2611
f 69/2655/2655 3670/3589/3589 1543/3590/3590 3667/3579/3579
f 3670/3589/3589 1044/3591/3591 2479/3592/3592 1543/3590/3590
f 1543/3590/3590 2479/3592/3592 408/3593/3593 2481/3594/3594
f 3667/3579/3579 1543/3590/3590 2481/3594/3594 1043/3581/3581
f 1044/3591/3591 3669/3595/3595 1544/3596/3596 2479/3592/3592
f 3669/3595/3595 175/3597/3597 2952/3598/3598 1544/3596/3596
f 1544/3596/3596 2952/3598/3598 2483/3599/3599 2480/3600/3600
f 2479/3592/3592 1544/3596/3596 2480/3600/3600 408/3593/3593
f 408/3593/3593 2480/3600/3600 2957/3601/3601
f 2480/3600/3600 2483/3599/3599 2957/3601/3601
f 2957/3601/3601 2483/3599/3599 298/3602/3602
f 1043/3581/3581 2481/3594/3594 1545/3603/3603 2951/3566/3566
f 2481/3594/3594 408/3593/3593 2957/3601/3601 1545/3603/3603
f 2951/3566/3566 1545/3603/3603 2957/3601/3601
f 175/3597/3597 3671/3604/3604 1546/3605/3605 2952/3598/3598
f 3671/3604/3604 1045/3606/3606 2482/3607/3607 1546/3605/3605
f 1546/3605/3605 2482/3607/3607 2483/3599/3599
f 2952/3598/3598 1546/3605/3605 2483/3599/3599
f 1045/3606/3606 3672/3608/3608 1547/3609/3609 2482/3607/3607
f 3672/3608/3608 67/2547/2547 3492/2579/2579 1547/3609/3609
f 1547/3609/3609 3492/2579/2579 2193/2580/2580 2483/3599/3599
f 2482/3607/3607 1547/3609/3609 2483/3599/3599
f 2483/3599/3599 2193/2580/2580 3490/2576/2576 2954/3610/3610
f 2483/3599/3599 2954/3610/3610 685/3611/3611
f 2483/3599/3599 685/3611/3611 2953/3612/3612
f 2483/3599/3599 2953/3612/3612 298/3602/3602
f 298/3602/3602 2953/3612/3612 1548/3613/3613 2955/3614/3614
f 2953/3612/3612 685/3611/3611 2484/3615/3615 1548/3613/3613
f 1548/3613/3613 2484/3615/3615 409/3616/3616 2487/3617/3617
f 2955/3614/3614 1548/3613/3613 2487/3617/3617 686/3618/3618
f 685/3611/3611 2954/3610/3610 1549/3619/3619 2484/3615/3615
f 2954/3610/3610 3490/2576/2576 1549/3619/3619
f 1549/3619/3619 3490/2576/2576 954/2575/2575 2485/3620/3620
f 2484/3615/3615 1549/3619/3619 2485/3620/3620 409/3616/3616
f 409/3616/3616 2485/3620/3620 1550/3621/3621 2486/3622/3622
f 2485/3620/3620 954/2575/2575 3491/2572/2572 1550/3621/3621
f 1550/3621/3621 3491/2572/2572 70/2571/2571 3674/3623/3623
f 2486/3622/3622 1550/3621/3621 3674/3623/3623 1046/3624/3624
f 686/3618/3618 2487/3617/3617 1551/3625/3625 2956/3626/3626
f 2487/3617/3617 409/3616/3616 2486/3622/3622 1551/3625/3625
f 1551/3625/3625 2486/3622/3622 1046/3624/3624 3673/3627/3627
f 2956/3626/3626 1551/3625/3625 3673/3627/3627 176/3628/3628
f 2951/3566/3566 2957/3601/3601 2470/3556/3556
f 2957/3601/3601 410/3629/3629 2490/3630/3630
f 2470/3556/3556 2957/3601/3601 2490/3630/3630
f 2957/3601/3601 298/3602/3602 1552/3631/3631
f 1552/3631/3631 298/3602/3602 2955/3614/3614
f 1552/3631/3631 2955/3614/3614 686/3618/3618 2488/3632/3632
f 2957/3601/3601 1552/3631/3631 2488/3632/3632 410/3629/3629
f 410/3629/3629 2488/3632/3632 1553/3633/3633 2489/3634/3634
f 2488/3632/3632 686/3618/3618 2956/3626/3626 1553/3633/3633
f 1553/3633/3633 2956/3626/3626 176/3628/3628 3675/3635/3635
f 2489/3634/3634 1553/3633/3633 3675/3635/3635 1047/3636/3636
f 2470/3556/3556 2490/3630/3630 1554/3637/3637 3668/3553/3553
f 2490/3630/3630 410/3629/3629 2489/3634/3634 1554/3637/3637
f 1554/3637/3637 2489/3634/3634 1047/3636/3636 3676/3638/3638
f 3668/3553/3553 1554/3637/3637 3676/3638/3638 72/2734/2734
f 344/1616/1616 2960/3639/3639 2963/3640/3640
f 344/1616/1616 1971/1652/1652 2958/3641/3641 2960/3639/3639
f 42/1634/1634 857/1633/1633 2959/3642/3642 1970/1651/1651
f 1970/1651/1651 2959/3642/3642 2958/3641/3641 1971/1652/1652
f 3310/1600/1600 2495/3643/3643 2491/3644/3644 3315/1632/1632
f 2495/3643/3643 2963/3640/3640 2960/3639/3639 2491/3644/3644
f 2491/3644/3644 2960/3639/3639 2958/3641/3641 2959/3642/3642
f 3315/1632/1632 2491/3644/3644 2959/3642/3642 857/1633/1633
f 3301/1586/1586 856/1623/1623 2492/3645/3645 3308/1611/1611
f 3308/1611/1611 2492/3645/3645 688/3646/3646 853/1605/1605
f 856/1623/1623 267/1622/1622 2961/3647/3647 2492/3645/3645
f 2492/3645/3645 2961/3647/3647 687/3648/3648 688/3646/3646
f 344/1616/1616 2963/3640/3640 2962/3649/3649 2493/3650/3650
f 2493/3650/3650 2962/3649/3649 687/3648/3648 2961/3647/3647
f 344/1616/1616 2493/3650/3650 2961/3647/3647 267/1622/1622
f 3310/1600/1600 3309/1603/1603 2494/3651/3651 2495/3643/3643
f 3309/1603/1603 853/1605/1605 688/3646/3646 2494/3651/3651
f 2494/3651/3651 688/3646/3646 687/3648/3648 2962/3649/3649
f 2495/3643/3643 2494/3651/3651 2962/3649/3649 2963/3640/3640
f 58/2141/2141 3411/2144/2144 1555/3652/3652 3680/3653/3653
f 3411/2144/2144 909/2149/2149 2496/3654/3654 1555/3652/3652
f 1555/3652/3652 2496/3654/3654 411/3655/3655 2498/3656/3656
f 3680/3653/3653 1555/3652/3652 2498/3656/3656 1049/3657/3657
f 909/2149/2149 2501/2162/2162 689/3658/3658 2496/3654/3654
f 2496/3654/3654 689/3658/3658 411/3655/3655
f 411/3655/3655 689/3658/3658 2497/3659/3659
f 2497/3659/3659 689/3658/3658 691/3660/3660
f 1049/3657/3657 2498/3656/3656 1556/3661/3661 3679/3662/3662
f 2498/3656/3656 411/3655/3655 2497/3659/3659 1556/3661/3661
f 1556/3661/3661 2497/3659/3659 691/3660/3660 2965/3663/3663
f 3679/3662/3662 1556/3661/3661 2965/3663/3663 177/3664/3664
f 3410/2195/2195 55/2047/2047 3383/2045/2045 1557/3665/3665
f 1557/3665/3665 3383/2045/2045 895/2042/2042 2499/3666/3666
f 3410/2195/2195 1557/3665/3665 2499/3666/3666
f 3410/2195/2195 2499/3666/3666 3382/2041/2041 2500/3667/3667
f 2499/3666/3666 895/2042/2042 3382/2041/2041
f 3382/2041/2041 107/2026/2026 2964/3668/3668
f 2500/3667/3667 3382/2041/2041 2964/3668/3668 690/3669/3669
f 2501/2162/2162 3410/2195/2195 2500/3667/3667
f 2501/2162/2162 2500/3667/3667 690/3669/3669
f 689/3658/3658 2501/2162/2162 1558/3670/3670
f 2501/2162/2162 690/3669/3669 2502/3671/3671 1558/3670/3670
f 1558/3670/3670 2502/3671/3671 412/3672/3672 2505/3673/3673
f 690/3669/3669 2964/3668/3668 1559/3674/3674 2502/3671/3671
f 2964/3668/3668 107/2026/2026 3380/2024/2024 1559/3674/3674
f 1559/3674/3674 3380/2024/2024 894/2016/2016 2503/3675/3675
f 2502/3671/3671 1559/3674/3674 2503/3675/3675 412/3672/3672
f 412/3672/3672 2503/3675/3675 1560/3676/3676 2504/3677/3677
f 2503/3675/3675 894/2016/2016 1560/3676/3676
f 1560/3676/3676 894/2016/2016 3735/3678/3678
f 3735/3678/3678 894/2016/2016 3734/3679/3679
f 894/2016/2016 3381/2019/2019 3734/3679/3679
f 1560/3676/3676 3737/3680/3680 2504/3677/3677
f 3737/3680/3680 3736/3681/3681 2504/3677/3677
f 914/2228/2228 2504/3677/3677 3416/2226/2226
f 2504/3677/3677 3736/3681/3681 3416/2226/2226
f 1558/3670/3670 2505/3673/3673 1561/3682/3682
f 2505/3673/3673 412/3672/3672 2504/3677/3677 1561/3682/3682
f 1561/3682/3682 2504/3677/3677 914/2228/2228 3415/2242/2242
f 1558/3670/3670 1561/3682/3682 3413/2213/2213
f 3413/2213/2213 1561/3682/3682 3415/2242/2242
f 177/3664/3664 2965/3663/3663 1562/3683/3683 3677/3684/3684
f 2965/3663/3663 691/3660/3660 2506/3685/3685 1562/3683/3683
f 1562/3683/3683 2506/3685/3685 413/3686/3686 2508/3687/3687
f 3677/3684/3684 1562/3683/3683 2508/3687/3687 1048/3688/3688
f 691/3660/3660 689/3658/3658 1558/3670/3670 2506/3685/3685
f 2506/3685/3685 1558/3670/3670 413/3686/3686
f 413/3686/3686 1558/3670/3670 2507/3689/3689
f 2507/3689/3689 1558/3670/3670 3413/2213/2213 913/2212/2212
f 1048/3688/3688 2508/3687/3687 1563/3690/3690 3678/3691/3691
f 2508/3687/3687 413/3686/3686 2507/3689/3689 1563/3690/3690
f 1563/3690/3690 2507/3689/3689 913/2212/2212 3414/2209/2209
f 3678/3691/3691 1563/3690/3690 3414/2209/2209 59/2208/2208
f 899/2077/2077 2752/2060/2060 2967/3692/3692
f 899/2077/2077 2967/3692/3692 2966/3693/3693 693/3694/3694
f 3371/1975/1975 899/2077/2077 693/3694/3694 3683/3695/3695
f 54/2068/2068 3682/3696/3696 1564/3697/3697 3389/2069/2069
f 3682/3696/3696 1050/3698/3698 2509/3699/3699 1564/3697/3697
f 1564/3697/3697 2509/3699/3699 414/3700/3700 2511/3701/3701
f 3389/2069/2069 1564/3697/3697 2511/3701/3701 898/2070/2070
f 1050/3698/3698 3681/3702/3702 1565/3703/3703 2509/3699/3699
f 3681/3702/3702 178/3704/3704 2968/3705/3705 1565/3703/3703
f 1565/3703/3703 2968/3705/3705 692/3706/3706 2510/3707/3707
f 2509/3699/3699 1565/3703/3703 2510/3707/3707 414/3700/3700
f 414/3700/3700 2510/3707/3707 2966/3693/3693 2967/3692/3692
f 2510/3707/3707 692/3706/3706 2966/3693/3693
f 898/2070/2070 2511/3701/3701 1566/3708/3708 3388/2071/2071
f 2511/3701/3701 414/3700/3700 2967/3692/3692 1566/3708/3708
f 3388/2071/2071 1566/3708/3708 2967/3692/3692 2752/2060/2060
f 887/1939/1939 3683/3695/3695 693/3694/3694 1051/3709/3709
f 693/3694/3694 2966/3693/3693 692/3706/3706
f 1051/3709/3709 693/3694/3694 692/3706/3706 178/3704/3704
f 178/3704/3704 692/3706/3706 2968/3705/3705
f 3373/1982/1982 3372/1976/1976 2969/3710/3710 2970/3711/3711
f 3374/1983/1983 3373/1982/1982 2970/3711/3711 2971/2000/2000
f 3372/1976/1976 3371/1975/1975 3683/3695/3695 2969/3710/3710
f 2969/3710/3710 3683/3695/3695 887/1939/1939 101/1932/1932
f 2970/3711/3711 2969/3710/3710 101/1932/1932 886/1929/1929
f 2971/2000/2000 2970/3711/3711 886/1929/1929 3362/1907/1907
f 10/313/313 3685/3712/3712 1567/3713/3713 3689/3714/3714
f 3685/3712/3712 1052/3715/3715 2512/3716/3716 1567/3713/3713
f 1567/3713/3713 2512/3716/3716 415/3717/3717 2514/3718/3718
f 3689/3714/3714 1567/3713/3713 2514/3718/3718 1055/3719/3719
f 1052/3715/3715 3684/3720/3720 2512/3716/3716
f 3684/3720/3720 179/3721/3721 2972/3722/3722 2974/3723/3723
f 2512/3716/3716 3684/3720/3720 2974/3723/3723 415/3717/3717
f 415/3717/3717 2974/3723/3723 2513/3724/3724
f 2513/3724/3724 2974/3723/3723 694/3725/3725
f 1055/3719/3719 2514/3718/3718 1568/3726/3726 3688/3727/3727
f 2514/3718/3718 415/3717/3717 2513/3724/3724 1568/3726/3726
f 1568/3726/3726 2513/3724/3724 694/3725/3725 2975/3728/3728
f 3688/3727/3727 1568/3726/3726 2975/3728/3728 180/3729/3729
f 179/3721/3721 1053/3730/3730 2973/3731/3731 2972/3722/3722
f 1053/3730/3730 3346/1757/1757 109/2080/2080 2973/3731/3731
f 2972/3722/3722 2973/3731/3731 1570/3732/3732 1569/3733/3733
f 1569/3733/3733 1570/3732/3732 2515/3734/3734 2516/3735/3735
f 2973/3731/3731 109/2080/2080 3390/2092/2092 1570/3732/3732
f 1570/3732/3732 3390/2092/2092 900/2088/2088 2515/3734/3734
f 2515/3734/3734 900/2088/2088 3391/2086/2086 1571/3736/3736
f 1571/3736/3736 3391/2086/2086 887/1939/1939 1051/3709/3709
f 2516/3735/3735 2515/3734/3734 1571/3736/3736 1572/3737/3737
f 1572/3737/3737 1571/3736/3736 1051/3709/3709 178/3704/3704
f 180/3729/3729 2975/3728/3728 1573/3738/3738 3686/3739/3739
f 2975/3728/3728 694/3725/3725 2517/3740/3740 1573/3738/3738
f 1573/3738/3738 2517/3740/3740 416/3741/3741 2520/3742/3742
f 3686/3739/3739 1573/3738/3738 2520/3742/3742 1054/3743/3743
f 694/3725/3725 2974/3723/3723 1574/3744/3744 2517/3740/3740
f 2974/3723/3723 2972/3722/3722 1569/3733/3733 1574/3744/3744
f 1574/3744/3744 1569/3733/3733 2516/3735/3735 2518/3745/3745
f 2517/3740/3740 1574/3744/3744 2518/3745/3745 416/3741/3741
f 416/3741/3741 2518/3745/3745 1575/3746/3746 2519/3747/3747
f 2518/3745/3745 2516/3735/3735 1572/3737/3737 1575/3746/3746
f 1575/3746/3746 1572/3737/3737 178/3704/3704 3681/3702/3702
f 2519/3747/3747 1575/3746/3746 3681/3702/3702 1050/3698/3698
f 1054/3743/3743 2520/3742/3742 1576/3748/3748 3687/3749/3749
f 2520/3742/3742 416/3741/3741 2519/3747/3747 1576/3748/3748
f 1576/3748/3748 2519/3747/3747 1050/3698/3698 3682/3696/3696
f 3687/3749/3749 1576/3748/3748 3682/3696/3696 54/2068/2068
f 2533/297/297 3344/1777/1777 2523/3750/3750 3046/298/298
f 3344/1777/1777 870/1774/1774 2521/3751/3751 2523/3750/3750
f 870/1774/1774 3343/1773/1773 2522/3752/3752 2521/3751/3751
f 3343/1773/1773 94/1760/1760 2977/3753/3753 2522/3752/3752
f 2521/3751/3751 2522/3752/3752 2980/3754/3754 696/3755/3755
f 2522/3752/3752 2977/3753/3753 2976/3756/3756 2980/3754/3754
f 3046/298/298 2523/3750/3750 2981/3757/3757 3045/299/299
f 2523/3750/3750 2521/3751/3751 696/3755/3755 2981/3757/3757
f 3346/1757/1757 1053/3730/3730 2524/3758/3758 3342/1753/1753
f 3342/1753/1753 2524/3758/3758 417/3759/3759 869/1754/1754
f 1053/3730/3730 179/3721/3721 2979/3760/3760 2524/3758/3758
f 2524/3758/3758 2979/3760/3760 695/3761/3761 417/3759/3759
f 417/3759/3759 695/3761/3761 2978/3762/3762 2525/3763/3763
f 2525/3763/3763 2978/3762/3762 2976/3756/3756 2977/3753/3753
f 869/1754/1754 417/3759/3759 2525/3763/3763 3341/1759/1759
f 3341/1759/1759 2525/3763/3763 2977/3753/3753 94/1760/1760
f 10/313/313 3048/312/312 1577/3764/3764 3685/3712/3712
f 3048/312/312 727/308/308 2526/3765/3765 1577/3764/3764
f 1577/3764/3764 2526/3765/3765 418/3766/3766 2529/3767/3767
f 3685/3712/3712 1577/3764/3764 2529/3767/3767 1052/3715/3715
f 727/308/308 3047/307/307 1578/3768/3768 2526/3765/3765
f 3047/307/307 3045/299/299 2981/3757/3757 1578/3768/3768
f 1578/3768/3768 2981/3757/3757 696/3755/3755 2527/3769/3769
f 2526/3765/3765 1578/3768/3768 2527/3769/3769 418/3766/3766
f 418/3766/3766 2527/3769/3769 1579/3770/3770 2528/3771/3771
f 2527/3769/3769 696/3755/3755 2980/3754/3754 1579/3770/3770
f 1579/3770/3770 2980/3754/3754 2976/3756/3756 2978/3762/3762
f 2528/3771/3771 1579/3770/3770 2978/3762/3762 695/3761/3761
f 1052/3715/3715 2529/3767/3767 1580/3772/3772 3684/3720/3720
f 2529/3767/3767 418/3766/3766 2528/3771/3771 1580/3772/3772
f 1580/3772/3772 2528/3771/3771 695/3761/3761 2979/3760/3760
f 3684/3720/3720 1580/3772/3772 2979/3760/3760 179/3721/3721
f 12/328/328 3083/527/527 1581/3773/3773 3053/321/321
f 3083/527/527 741/524/524 1581/3773/3773
f 3053/321/321 1581/3773/3773 741/524/524
f 741/524/524 211/513/513 697/3774/3774
f 741/524/524 697/3774/3774 2982/3775/3775 2984/3776/3776
f 3053/321/321 741/524/524 2984/3776/3776 446/294/294
f 3059/348/348 1676/351/351 2530/3777/3777 3082/508/508
f 3082/508/508 2530/3777/3777 740/509/509
f 1676/351/351 2581/356/356 2983/3778/3778 2530/3777/3777
f 2530/3777/3777 2983/3778/3778 2982/3775/3775 697/3774/3774
f 740/509/509 2530/3777/3777 697/3774/3774 3081/512/512
f 3081/512/512 697/3774/3774 211/513/513
f 2534/289/289 1661/292/292 2531/3779/3779 3060/360/360
f 1661/292/292 446/294/294 2984/3776/3776 2531/3779/3779
f 2531/3779/3779 2984/3776/3776 2982/3775/3775 2983/3778/3778
f 3060/360/360 2531/3779/3779 2983/3778/3778 2581/356/356
f 2532/295/295 198/290/290 2985/3780/3780 2986/3781/3781
f 2533/297/297 2532/295/295 2986/3781/3781 2987/3330/3330
f 2534/289/289 2576/333/333 2985/3780/3780 198/290/290
f 3058/347/347 2987/3330/3330 2986/3781/3781 1674/345/345
f 1674/345/345 2986/3781/3781 2985/3780/3780 2576/333/333
f 847/1502/1502 261/1525/1525 1941/1521/1521
f 3291/1501/1501 844/1504/1504 847/1502/1502
f 341/1505/1505 847/1502/1502 3290/1503/1503 259/1508/1508
